"Key","Item Type","Publication Year","Author","Title","Publication Title","ISBN","ISSN","DOI","Url","Abstract Note","Date","Date Added","Date Modified","Access Date","Pages","Num Pages","Issue","Volume","Number Of Volumes","Journal Abbreviation","Short Title","Series","Series Number","Series Text","Series Title","Publisher","Place","Language","Rights","Type","Archive","Archive Location","Library Catalog","Call Number","Extra","Notes","File Attachments","Link Attachments","Manual Tags","Automatic Tags","Editor","Series Editor","Translator","Contributor","Attorney Agent","Book Author","Cast Member","Commenter","Composer","Cosponsor","Counsel","Interviewer","Producer","Recipient","Reviewed Author","Scriptwriter","Words By","Guest","Number","Edition","Running Time","Scale","Medium","Artwork Size","Filing Date","Application Number","Assignee","Issuing Authority","Country","Meeting Name","Conference Name","Court","References","Reporter","Legal Status","Priority Numbers","Programming Language","Version","System","Code","Code Number","Section","Session","Committee","History","Legislative Body"
"PDDBJZJZ","manuscript","1969","Savage, H.","Faunal material from BhDr1, Passamaquoddy Bay, New Brunswick","","","","","","","1969","2025-05-27 00:19:14","2025-05-27 00:19:14","","","","","","","","","","","","","","Ms. on file, Faunal Osteoarchaeology Lab, Department of Anthropology, University of Toronto","","","","","","","","","","","","","","","","","","","","","","","","","","","","","","","","","","","","","","","","","","","","","","","","","","","","","","","","","","",""
"IEUFIHJ4","bookSection","2009","Sanger, David","Foraging for Swordfish (Xiphias gladius) in the Gulf of Maine","Painting with a Broad Brush: Papers in Honor of James V. Wright","","","","","","2009","2025-05-27 00:19:14","2025-05-27 00:19:14","","1-36","","","","","","","Mercury Series","170","","","Canadian Museum of Civilization","Gatineau","","","","","","","","","","","","","","Keenlyside, David L.; Pilon, Jean-Luc","","","","","","","","","","","","","","","","","","","","","","","","","","","","","","","","","","","","","","","","","","","","",""
"SJ26IY54","journalArticle","2009","Sanger, David","Birchbark Canoes, Dugouts, and Gouges: Is There Any Logical Relationship?","Maine Archaeological Society Bulletin","","","","","","2009","2025-05-27 00:19:14","2025-05-27 00:19:14","","17-34","","2","49","","","","","","","","","","","","","","","","","","","","","","","","","","","","","","","","","","","","","","","","","","","","","","","","","","","","","","","","","","","","","","","","","","","",""
"QZSGV496","journalArticle","2008","Sanger, David","Discerning Regional Variation: The Terminal Archaic Period in the Quoddy Region of the Maritime Peninsula","Canadian Journal of Archaeology","","","","","","2008","2025-05-27 00:19:14","2025-05-27 00:19:14","","1-42","","","32","","","","","","","","","","","","","","","","","","","","","","","","","","","","","","","","","","","","","","","","","","","","","","","","","","","","","","","","","","","","","","","","","","","",""
"H3GDC95E","bookSection","2005","Sanger, David","Pre-European Dawnland: Archaeology of the Maritime Peninsula","New England and the Maritime Provinces: Connections and Comparisons","0-7735-2865-2","","","","","2005","2025-05-27 00:19:14","2025-05-27 00:19:14","","15-31","","","","","","","","","","","McGill-Queen's University Press","Montreal","en","","","","","","","","","","","","","Hornsby, Stephen J.; Reid, John G.","","","","","","","","","","","","","","","","","","","","","","","","","","","","","","","","","","","","","","","","","","","","",""
"Y4N88DX8","journalArticle","1996","Sanger, David","Testing the Models: Hunter-Gatherer Use of Space in the Gulf of Maine, USA","World Archaeology","","","","","","1996","2025-05-27 00:19:14","2025-05-27 00:19:14","","512-526","","3","27","","","","","","","","","","","","","","","","","","<p>Confirm this is relevant?</p>","","","","","","","","","","","","","","","","","","","","","","","","","","","","","","","","","","","","","","","","","","","","","","","","","",""
"UECG37UY","journalArticle","1986","Sanger, David","An Introduction to the Prehistory of the Passamaquoddy Bay Region","American Review of Canadian Studies","","","","","","1986","2025-05-27 00:19:14","2025-05-27 00:19:14","","139-159","","2","16","","","","","","","","","","","","","","","","","","","","","","","","","","","","","","","","","","","","","","","","","","","","","","","","","","","","","","","","","","","","","","","","","","","",""
"6ED2WRK4","journalArticle","1982","Sanger, David","Changing Views of Aboriginal Seasonality and Settlement in the Gulf of Maine","Canadian Journal of Anthropology","","","","","","1982","2025-05-27 00:19:14","2025-05-27 00:19:14","","195-203","","2","2","","","","","","","","","","","","","","","","","","","","","","","","","","","","","","","","","","","","","","","","","","","","","","","","","","","","","","","","","","","","","","","","","","","",""
"7WVIFY9E","bookSection","1993","Sanger, David","Cow Point Revisited","Prehistoric Archaeology in the Maritime Provinces: Past & Present Research","","","","","","1993","2025-05-27 00:19:14","2025-05-27 00:19:14","","73-84","","","","","","","The Council of Maritime Premiers Maritime Committee on Archaeological Cooperation Reports in Archaeology","no. 8","","","The Council of Maritime Premiers Maritime Committee on Archaeological Cooperation","Fredericton","","","","","","","","","","","","","","Deal, Michael; Blair, Susan","","","","","","","","","","","","","","","","","","","","","","","","","","","","","","","","","","","","","","","","","","","","",""
"L7IY2X3E","journalArticle","1988","Sanger, David","Maritime Adaptations in the Gulf of Maine","Archaeology of Eastern North America","","","","","","1988","2025-05-27 00:19:14","2025-05-27 00:19:14","","81-99","","","16","","","","","","","","","","","","","","","","","","","","","","","","","","","","","","","","","","","","","","","","","","","","","","","","","","","","","","","","","","","","","","","","","","","",""
"WYCGLBKJ","book","1987","Sanger, David","The Carson Site and the Late Ceramic period in Passamaquoddy Bay, New Brunswick","","0660107678 (pbk.) 0316-1854 0317-2244 ;","","","","","1987","2025-05-27 00:19:14","2025-05-27 00:19:14","","","xiii, 157 p.","","","","","","Mercury Series","no 135","","","National Museums of Canada","Ottawa, Canada","","","","","4322386","","","","<p>87210093<br/>David Sanger.<br/>ill. ; 28 cm.<br/>Summary in French.<br/>Bibliography: p. 142-157.<br/>Archaeological Survey of Canada paper ; no. 135.</p>","","","Carson Site (N.B.); Excavations (Archaeology) New Brunswick.; Excavations (Archaeology) Passamaquoddy Bay (N.B. and Me.); Indians of North America New Brunswick Antiquities.; Indians of North America Passamaquoddy Bay (N.B. and Me.) Antiquities.; New Brunswick Antiquities.; Paleoecology Passamaquoddy Bay (N.B. and Me.); Passamaquoddy Bay (N.B. and Me.) Antiquities.","","","","","","","","","","","","","","","","","","","","","","","","","","","","","","","","","","","","","","","","","","","","","","",""
"DYSU7S6C","bookSection","1983","Sanger, David","Archaeozoology of the Gulf of Maine, North America","Animals and Archaeology","","","","","","1983","2025-05-27 00:19:14","2025-05-27 00:19:14","","","","","2: Shell Middens, Fishes, and Birds","","","","British International Reports, International Series","183","","","","","","","","","","","","","","","","","","Grigson, C.; Clutton-Brock, J.","","","","","","","","","","","","","","","","","","","","","","","","","","","","","","","","","","","","","","","","","","","","",""
"SPDJYU4G","journalArticle","1981","Sanger, David","Unscrambling Messages in the Midden","Archaeology of Eastern North America","","","","","","1981","2025-05-27 00:19:14","2025-05-27 00:19:14","","37-42","","","9","","","","","","","","","","","","","","","","","","","","","","","","","","","","","","","","","","","","","","","","","","","","","","","","","","","","","","","","","","","","","","","","","","","",""
"4LGPIN8Q","journalArticle","1975","Sanger, David","Culture Change as an Adaptive Process in the Maine Maritimes Region","Arctic Anthropology","","","","","","1975","2025-05-27 00:19:14","2025-05-27 00:19:14","","60-75","","2","12","","","","","","","","","","","","","","","","","","","","","","","","","","","","","","","","","","","","","","","","","","","","","","","","","","","","","","","","","","","","","","","","","","","",""
"AJ5JYN83","journalArticle","1974","Sanger, David","Recent Meetings on Maine-Maritimes Archaeology: A Synthesis","Man in the Northeast","","","","","","1974","2025-05-27 00:19:14","2025-05-27 00:19:14","","128-129","","","7","","","","","","","","","","","","","","","","","","","","","","","","","","","","","","","","","","","","","","","","","","","","","","","","","","","","","","","","","","","","","","","","","","","",""
"4EWTP4SZ","journalArticle","1971","Sanger, David","Preliminary report on excavations at Cow Point, New Brunswick","Man in the Northeast","","","","","","1971","2025-05-27 00:19:14","2025-05-27 00:19:14","","","","34-47","1","","","","","","","","","","","","","","","","","","","","","","","","","","","","","","","","","","","","","","","","","","","","","","","","","","","","","","","","","","","","","","","","","","","",""
"DUSWZQD8","journalArticle","1971","Sanger, David","Prehistory of Passamaquoddy Bay: A Summary","Maine Archaeological Society Bulletin","","","","","","1971","2025-05-27 00:19:14","2025-05-27 00:19:14","","14-19","","2","11","","","","","","","","","","","","","","","","","","","","","","","","","","","","","","","","","","","","","","","","","","","","","","","","","","","","","","","","","","","","","","","","","","","",""
"HL59NCYZ","journalArticle","1971","Sanger, David","Deadman's Pool - A Tobique Complex Site in Northern New Brunswick","Man in the Northeast","","","","","","1971","2025-05-27 00:19:14","2025-05-27 00:19:14","","5-22","","","2","","","","","","","","","","","","","","","","","","","","","","","","","","","","","","","","","","","","","","","","","","","","","","","","","","","","","","","","","","","","","","","","","","","",""
"MFMZEXV7","manuscript","1975","Sanger, D.","The Pagan Point archaeological site in St. Andrews, New Brunswick: preliminary report","","","","","","","1975","2025-05-27 00:19:14","2025-05-27 00:19:14","","","","","","","","","","","","","","Ms. on file, Archaeological Services of New Brunswick, Fredericton","","","","","","","","","","","","","","","","","","","","","","","","","","","","","","","","","","","","","","","","","","","","","","","","","","","","","","","","","","",""
"4IG63NYL","book","1973","Sanger, David","Cow point: an archaic cemetery in New Brunswick","","","","","","","1973","2025-05-27 00:19:14","2025-05-27 00:19:14","","","214 p.","","","","","","Mercury Series","no 12","","","National Museum of Man, National Museums of Canada","Ottawa,","","","","","2209308","","","","<p>74164591<br/>C***<br/>illus. 28 cm.<br/>Paper (Archaeological Survey of Canada) ; no. 12.</p>","","","Cow Point site; N.B.","","","","","","","","","","","","","","","","","","","","","","","","","","","","","","","","","","","","","","","","","","","","","","",""
"92ZC4AWQ","bookSection","2006","Sanger, D.; Pawling, M.A.; Soctomah, D.G.","Passamaquoddy Homeland and Language: The Importance of Place","Cross-Cultural Collaboration: Native Peoples and Archaeology in the Northeastern United States","","","","","","2006","2025-05-27 00:19:14","2025-05-27 00:19:14","","314-328","","","","","","","","","","","University of Nebraska Press","Lincoln and London","","","","","","","","","","","","","","Kerber, Jordan E.","","","","","","","","","","","","","","","","","","","","","","","","","","","","","","","","","","","","","","","","","","","","",""
"NZZYR7U6","thesis","2017","Salwen, Stephanie Anne","Barriers, Boundaries, and Byways: Water, Mobility, and Society in the Woodland and Colonial Period of the North American Atlantic Coast","","","","","http://www.proquest.com/pqdtglobal/docview/1917407574/abstract/5264F94472E044BEPQ/1","Rivers and streams not only shape the physical geography but can alter cultural perceptions of landscape and influence social organization within and among human communities. Rivers are often perceived as conduits to movement yet waterways have nuanced and at times contradicting characteristics, which people may emphasize differently over space or through time. This study defines four ways in which rivers are incorporated in human mobility patterns: as conduits, obstacles, boundaries, and barriers. These uses reflect the entanglement between humans and moving waterways, suggesting that a waterway’s perceived utility is dependent on both the environmental characteristics of the water and the cultural contexts. In this dissertation, I consider the archaeological evidence for these mutable uses through a comparative spatial analysis of site distribution relative to streams within two Atlantic coast river basins, the James River basin in Virginia and the Saint John River basin that extends through Maine and New Brunswick (Canada). The complex landscapes of inland lakes and rivers have played an active role in the development of native culture in these regions by facilitating navigation, trade, and interaction from prehistory through colonial occupation. Each region provides a different perspective on the human-hydro relationship due to differences in environmental and cultural contexts. Diachronic shifts in site distribution relative to water demonstrate the effects of colonialism on local populations. The project also considers the taphonomic effects of database management on the archaeological record and the implications for extracting usable data from government and CRM datasets for database-driven research.","2017","2025-05-27 00:19:14","2025-05-27 00:19:14","2021-05-16 19:34:39","","272","","","","","Barriers, Boundaries, and Byways","","","","","University of California, Los Angeles","United States -- California","English","","Ph.D.","","","ProQuest","","","","","https://media.proquest.com/media/hms/ORIG/2/1eNwG?cit%3Aauth=Salwen%2C+Stephanie+Anne&cit%3Atitle=Barriers%2C+Boundaries%2C+and+Byways%3A+Water%2C+Mobility%2C+and+Society+in+the+...&cit%3Apub=ProQuest+Dissertations+and+Theses&cit%3Avol=&cit%3Aiss=&cit%3Apg=&cit%3Adate=2017&ic=true&cit%3Aprod=ProQuest+Dissertations+%26+Theses+Global&_a=ChgyMDIxMDUxNjE5MjIzMjM0NzoxNzA4ODYSBTk1ODEzGgpPTkVfU0VBUkNIIgwxMzEuMjAyLjM4LjQqBTE4NzUwMgoxOTE3NDA3NTc0Og1Eb2N1bWVudEltYWdlQgEwUgZPbmxpbmVaAkZUYgNQRlRqCjIwMTcvMDEvMDFyCjIwMTcvMTIvMzF6AIIBKlAtMTAwODc1My0xNDYxMS1QRVJQRVRVQUwtMTAwMDAyMDUtNDM4MzAwN5IBBk9ubGluZcoBc01vemlsbGEvNS4wIChXaW5kb3dzIE5UIDEwLjA7IFdpbjY0OyB4NjQpIEFwcGxlV2ViS2l0LzUzNy4zNiAoS0hUTUwsIGxpa2UgR2Vja28pIENocm9tZS85MC4wLjQ0MzAuMjEyIFNhZmFyaS81MzcuMzbSARZEaXNzZXJ0YXRpb25zICYgVGhlc2VzmgIHUHJlUGFpZKoCJU9TOkVNUy1Eb3dubG9hZFBkZi1nZXRNZWRpYVVybEZvckl0ZW3KAhNEaXNzZXJ0YXRpb24vVGhlc2lz0gIBWeICAPICAPoCAU6CAwNXZWKKAxxDSUQ6MjAyMTA1MTYxOTIyMzIzNDQ6NjU3Mzgz&_s=bfkiix2DmfJ19o5VxeolqAbvRMk%3D","Virginia; Maine; New Brunswick; Social sciences; Atlantic Coast; Database; Mobility; Native American; Settlement patterns; Water","","","","","","","","","","","","","","","","","","","","","","","","","","","","","","","","","","","","","","","","","","","","","","",""
"SSVWAKGQ","journalArticle","1990","Rutherford, Douglas E.","Reconsidering the Middlesex Burial Phase in the Maine-Maritimes Region","Canadian Journal of Archaeology","","","","","","1990","2025-05-27 00:19:14","2025-05-27 00:19:14","","169-181","","","14","","","","","","","","","","","","","","","","","","","","","","","","","","","","","","","","","","","","","","","","","","","","","","","","","","","","","","","","","","","","","","","","","","","",""
"SNJ4IKGL","thesis","1989","Rutherford, Douglas E.","The Archaic/Ceramic Period Transition in New Brunswick and Maine: An Analysis of Stemmed Biface Morphology","","","","","","","1989","2025-05-27 00:19:14","2025-05-27 00:19:14","","","","","","","","","","","","","Memorial University of Newfoundland","St. John’s","","","","","","","","","","","","","","","","","","","","","","","","","","","","","","","","","","","","","","","","","","","","","","","","","","","","","","","","","","",""
"6RMR8LL6","journalArticle","1987","Rojo, A.","Excavated fish vertebrae as predictors in bioarchaeological research","North American Archaeologist","","","","","","1987","2025-05-27 00:19:14","2025-05-27 00:19:14","","2019-225","","","8","","","","","","","","","","","","","","","","","","","","","","","","","","","","","","","","","","","","","","","","","","","","","","","","","","","","","","","","","","","","","","","","","","","",""
"YMGF6RRM","manuscript","1983","Salvaggio, R.","Faunal analysis of the Holt's Point site (BgDr9)","","","","","","","1983","2025-05-27 00:19:14","2025-05-27 00:19:14","","","","","","","","","","","","","","Ms. on file, Archaeological Services of New Brunswick, Fredericton","","","","","","","","","","","","","","","","","","","","","","","","","","","","","","","","","","","","","","","","","","","","","","","","","","","","","","","","","","",""
"DBHVXWGK","bookSection","1993","Rutherford, Douglas E.","The Ceramic Period in New Brunswick","Prehistoric Archaeology in the Maritime Provinces: Past and Present Research","","","","","","1993","2025-05-27 00:19:14","2025-05-27 00:19:14","","101-112","","","","","","","The Council of Maritime Premiers Maritime Committee on Archaeological Cooperation Reports in Archaeology","no. 8","","","Council of Maritime Premiers","Fredericton","","","","","","","","","","","","","","Deal, Michael; Blair, Susan","","","","","","","","","","","","","","","","","","","","","","","","","","","","","","","","","","","","","","","","","","","","",""
"P46TJWII","journalArticle","1990","Rutherford, Douglas E.","Continuity of Moorehead Phase Populations in New Brunswick and Maine","Algonquian Papers - Archive","","0831-5671","","https://ojs.library.carleton.ca/index.php/ALGQP/article/view/1037","","1990-11-01","2025-05-27 00:19:14","2025-05-27 00:19:14","2021-05-16 19:37:38","","","","21","","ALGQP","","","","","","","","en","","","","","ojs.library.carleton.ca","","","","; ","https://ojs.library.carleton.ca/index.php/ALGQP/article/download/1037/920; https://ojs.library.carleton.ca/index.php/ALGQP/article/view/1037","","","","","","","","","","","","","","","","","","","","","","","","","","","","","","","","","","","","","","","","","","","","","","","",""
"FEHUVBKB","journalArticle","1986","Rojo, A.","Live length and weight of cod (Gadus morhua) estimated from various skeletal elements","North American Archaeologist","","","","","","1986","2025-05-27 00:19:14","2025-05-27 00:19:14","","329-351","","","7","","","","","","","","","","","","","","","","","","","","","","","","","","","","","","","","","","","","","","","","","","","","","","","","","","","","","","","","","","","","","","","","","","","",""
"AAECPIBG","bookSection","2011","Robinson, Brian S.; Ort, Jennifer C.","Paleoindian and Archaic Period Traditions: Particular Explanations from New England","Hunter-Gatherer Archaeology as Historical Process","","","","","","2011","2025-05-27 00:19:14","2025-05-27 00:19:14","","209-226","","","","","","","","","","","University of Arizona Press","Tucson","","","","","","","","","<p>Is this relevant? New England only, or also covers Maritimes?</p>","","","","","Sassaman, Kenneth E.; Holly Jr, Donald H.","","","","","","","","","","","","","","","","","","","","","","","","","","","","","","","","","","","","","","","","","","","","",""
"JV67Y6IY","bookSection","2006","Robinson, Brian S.","Burial Ritual, Technology, and Cultural Landscape in the Far Northeast: 8600-3700 B.P.","The Archaic of the Far Northeast","","","","","","2006","2025-05-27 00:19:14","2025-05-27 00:19:14","","341-381","","","","","","","","","","","University of Maine Press","Orono","","","","","","","","","","","","","","Sanger, D.; Renouf, M. A. P.","","","","","","","","","","","","","","","","","","","","","","","","","","","","","","","","","","","","","","","","","","","","",""
"XTXFY7GZ","journalArticle","2003","Robinson, Brian S.","Multiple Boundaries of the Moorehead Burial Tradition","Northeast Anthropology","","","","","","2003","2025-05-27 00:19:14","2025-05-27 00:19:14","","15-27","","","66","","","","","","","","","","","","","","","","","","","","","","","","","","","","","","","","","","","","","","","","","","","","","","","","","","","","","","","","","","","","","","","","","","","",""
"F6EJ8S2N","thesis","2001","Robinson, Brian S.","Burial Ritual, Groups, and Boundaries on the Gulf of Maine: 8600-3800 B.P.","","","","","","","2001","2025-05-27 00:19:14","2025-05-27 00:19:14","","","","","","","","","","","","","Brown University","Providence","","","","","","","","","","","","","","","","","","","","","","","","","","","","","","","","","","","","","","","","","","","","","","","","","","","","","","","","","","",""
"LGTS98NR","bookSection","2011","Robinson, Brian S.","Ritual and Archaeological Visibility in the Far Northeast of North America","The Oxford Handbook of the Archaeology of Ritual and Religion","","","","","","2011","2025-05-27 00:19:14","2025-05-27 00:19:14","","656-680","","","","","","","","","","","Oxford University","Oxford","","","","","","","","","","","","","","Insoll, Timothy","","","","","","","","","","","","","","","","","","","","","","","","","","","","","","","","","","","","","","","","","","","","",""
"NXYA8RD8","journalArticle","1996","Robinson, Brian S.","Archaic Period Burial Patterning in Northeastern North America","Review of Archaeology","","","","","","1996","2025-05-27 00:19:14","2025-05-27 00:19:14","","33-44","","1","17","","","","","","","","","","","","","","","","","","","","","","","","","","","","","","","","","","","","","","","","","","","","","","","","","","","","","","","","","","","","","","","","","","","",""
"9ISCC4WD","journalArticle","1996","Robinson, Brian S.","A regional analysis of the Moorehead burial tradition: 8500-3700 BP","Archaeology of Eastern North America","","0360-1021","","","","1996","2025-05-27 00:19:14","2025-05-27 00:19:14","","95-147","","","24","","","","","","","","","","","","","","","","","","","","","","","","","","","","","","","","","","","","","","","","","","","","","","","","","","","","","","","","","","","","","","","","","","","",""
"6V2GF4KD","journalArticle","1969","Riddell, Francis A.","Current Research","American Antiquity","","0002-7316","","http://www.jstor.org/stable/278068","","1969","2025-05-27 00:19:14","2025-05-27 00:19:14","2021-05-16 19:31:55","199-220","","2","34","","","","","","","","","","","","","","","JSTOR","","","","","http://www.jstor.org/stable/pdfplus/10.2307/278068.pdf?acceptTC=true","","","","","","","","","","","","","","","","","","","","","","","","","","","","","","","","","","","","","","","","","","","","","","","",""
"6WPB5ICB","manuscript","1994","Reading, J.","The faunal remains from the Weir site (BgDq6), Bliss Islands, Quoddy Region, New Brunswick","","","","","","","1994","2025-05-27 00:19:14","2025-05-27 00:19:14","","","","","","","","","","","","","","Ms. on file, Department of Anthropology, University of New Brunswick, Fredericton","","","","","","","","","","","","","","","","","","","","","","","","","","","","","","","","","","","","","","","","","","","","","","","","","","","","","","","","","","",""
"RPMZ29XZ","bookSection","1994","Prins, Harald E. L.","Children of Gluskap: Wabanaki Indians on the Eve of the European Invasion","American Beginnings: Exploration, Culture, and Cartography in the Land of Norumbega","","","","","","1994","2025-05-27 00:19:14","2025-05-27 00:19:14","","","","","","","","","","","","","University of Nebraska Press","Lincoln and London","","","","","","","","","","","","","","Baker, Emerson W.; Churchill, Edwin H.; D'Abate, Richard; Jones, Kristine L.; Konrad, Victor A.; Prins, Harald E. L.","","","","","","","","","","","","","","","","","","","","","","","","","","","","","","","","","","","","","","","","","","","","",""
"7TBECALS","manuscript","1995","Reading, J.","Identification of faunal remains from the Loyalist site, BgDr66","","","","","","","1995","2025-05-27 00:19:14","2025-05-27 00:19:14","","","","","","","","","","","","","","Ms. on file, Department of Anthropology, University of New Brunswick, Fredericton","","","","","","","","","","","","","","","","","","","","","","","","","","","","","","","","","","","","","","","","","","","","","","","","","","","","","","","","","","",""
"APWUKE7A","conferencePaper","1995","Reading, J.","Extinct sea mink in the Quoddy region","","","","","","","1995","2025-05-27 00:19:14","2025-05-27 00:19:14","","","","","","","","","","","","","","Louisbourg, N.S.","","","","","","","","","","","","","","","","","","","","","","","","","","","","","","","","","","","","","","","","","","","","the annual meeting of the Council for Northeastern Historical Archaeology","","","","","","","","","","","","","","",""
"RFFV2Y56","book","1996","Prins, Harald E. L.","The Mik̉maq: resistance, accomodation, and cultural survival","","0-03-053427-5","","","Contributor biographical information http://www.loc.gov/catdir/enhancements/fy1105/95079475-b.html Publisher description http://www.loc.gov/catdir/enhancements/fy1105/95079475-d.html","","1996","2025-05-27 00:19:14","2025-05-27 00:19:14","","","xvi, 250 p.","","","","","","Case studies in cultural anthropology","","","","Harcourt Brace College Pub.","Fort Worth","","","","","1146904","","E99.M6 P75 1996","","<p>95079475<br/>Harald E.L. Prins.<br/>ill., maps ; 24 cm.<br/>Includes bibliographical references (p. 221-233) and index.<br/>Filmography: p. 237-238.</p>","","","Micmac Indians Government relations.; Micmac Indians History.; Micmac Indians Social life and customs.","","","","","","","","","","","","","","","","","","","","","","","","","","","","","","","","","","","","","","","","","","","","","","",""
"XRACI3ZM","bookSection","1994","Prins, Harald E. L.","Neo-traditions in Native Communities: Sweat Lodge and Sun Dance among the Micmac Today","Papers of the 25th Algonquian Conference","","","","","","1994","2025-05-27 00:19:14","2025-05-27 00:19:14","","","","","","","","","","","","","Carleton University","Ottawa","","","","","","","","","","","","","","Cowan, William","","","","","","","","","","","","","","","","","","","","","","","","","","","","","","","","","","","","","","","","","","","","",""
"GSCDFUMW","journalArticle","1992","Prins, Harald E. L.","Cornfield at Meductic: Ethnic and Territorial Reconfigurations in Colonial Acadia","Man in the Northeast","","","","","","1992","2025-05-27 00:19:14","2025-05-27 00:19:14","","55-72","","","44","","","","","","","","","","","","","","","","","","","","","","","","","","","","","","","","","","","","","","","","","","","","","","","","","","","","","","","","","","","","","","","","","","","",""
"XXSYD5CF","bookSection","2002","Pope, Peter E.","the Maritime Provinces, Canada","Encyclopedia of Historical Archaeology","","","","","","2002","2025-05-27 00:19:14","2025-05-27 00:19:14","","pp.-371–372","","","","","","","","","","","Routledge, London","","","","","","","","","","","","","","","Orser, Charles E.","","","","","","","","","","","","","","","","","","","","","","","","","","","","","","","","","","","","","","","","","","","","",""
"6E3PKPX9","thesis","2014","Pike, Kelly-Anne","Bearing Identity: A Biocultural Analysis of Human Remains from Old Mission Point (ClDq-1), New Brunswick","","","","","","","2014","2025-05-27 00:19:14","2025-05-27 00:19:14","","","","","","","","","","","","","Memorial University of Newfoundland","St. John's","","","","","","","","","","","","","","","","","","","","","","","","","","","","","","","","","","","","","","","","","","","","","","","","","","","","","","","","","","",""
"QXEKUS8A","bookSection","1985","Petersen, James B.","Ceramic Analysis in the Northeast: Resume and Prospect","Ceramic Analysis in the Northeast: Contributions to Methodology and Culture History","","","","","","1985","2025-05-27 00:19:14","2025-05-27 00:19:14","","5-25","","","","","","","","","","","Occasional Publications in Northeastern Anthropology  No. 9 Part 4, Franklin Pierce College, Rindge","Rindge","","","","","","","","","","","","","","Petersen, James B.","","","","","","","","","","","","","","","","","","","","","","","","","","","","","","","","","","","","","","","","","","","","",""
"96RWHPZC","bookSection","1993","Petersen, James B; Sanger, David","An Aboriginal Ceramic Sequence for Maine and the Maritime Provinces","Prehistoric Archaeology in the Maritime Provinces: Past & Present Research","","","","","","1993","2025-05-27 00:19:14","2025-05-27 00:19:14","","113-170","","","","","","","The Council of Maritime Premiers Maritime Committee on Archaeological Cooperation Reports in Archaeology","no. 8","","","The Council of Maritime Premiers Maritime Committee on Archaeological Cooperation","Fredericton","","","","","","","","","","","","","","Deal, Michael; Blair, Susan","","","","","","","","","","","","","","","","","","","","","","","","","","","","","","","","","","","","","","","","","","","","",""
"4EI6X7TF","videoRecording","2000","Perley, Karen; Turnbull, Chris; Allen, Pat","Wolastoqiyik: Portrait of a People","","","","","","","2000","2025-05-27 00:19:14","2025-05-27 00:19:14","","","","","","","","","","","","","","","","","","","","","","","","","","","","","","","","","","","","","","","","","","","","","","","","","","","","","","","","","","","","","","","","","","","","","","","","",""
"VXCW7AZH","book","2003","","Wolastoqiyik Ajemseg: La nation du fleuve majestueux à Jemseg Volume 1 Témoignages importants et histoire orale","","1-55396-146-3","","","https://www2.gnb.ca/content/dam/gnb/Departments/thc-tpc/pdf/Arch/MIA34French.pdf","","2003","2025-05-27 00:19:14","2025-05-27 00:19:14","","","348","","1","2","","","Manuscrits sur l’archéologie du Nouveau-Brunswick","34F","","","Les Services d’archéologie, Direction du patrimoine Secrétariat à la Culture et au Sport","Fredericton, N.B.","fr","","","","","","","","","","","","","Perley, Karen; Blair, Susan","","","","","","","","","","","","","","","","","","","","","","","","","","","","","","","","","","","","","","","","","","","","",""
"DIYFGKA4","bookSection","2004","Perley, Karen","Nutokehikemikwum Teaching House 7: The Ajemseg Interpretive Centre","Wolastoqiyik Ajemseg: The People of the Beautiful River at Jemseg","1-55396-320-2","","","https://www2.gnb.ca/content/dam/gnb/Departments/thc-tpc/pdf/Arch/MIA36english.pdf","","2004","2025-05-27 00:19:14","2025-05-27 00:19:14","","73-79","","","2: Archaeological Results","","","Wolastoqiyik Ajemseg","New Brunswick Manuscripts in Archaeology","36E","","","Archaeological Services, Heritage Branch Culture and Sport Secretariat","Fredericton, N.B.","en","","","","","","","","","","","","","Blair, Susan","","","","","","","","","","","","","","","","","","","","","","","","","","","","","","","","","","","","","","","","","","","","",""
"UL2AMV29","journalArticle","2011","Pickard, Felicia; Robichaud, André; Laroque, Colin P.","Using dendrochronology to date the Val Comeau canoe, New Brunswick and developing an eastern white pine chronology in the Canadian Maritimes","Dendrochronologia","","1125-7865","10.1016/j.dendro.2010.08.004","http://www.sciencedirect.com/science/article/pii/S1125786510000469","This paper examines the dendrochronological analysis that was needed to establish the construction date of the Val Comeau canoe. The canoe was unearthed in northeastern New Brunswick after a large storm hit the area. It is currently housed at the New Brunswick Provincial Museum in Saint John, and had been radiocarbon dated to 440±50 years. After a scanning electron microscope analysis, the species of the canoe wood was determined to be eastern white pine (Pinus strobus L.). A chronology for the white pine species was constructed for New Brunswick using living trees and structures; however, the dates did not extend far enough back in time to overlap the range of radiocarbon dates on the canoe. Another eastern white pine chronology was established for Nova Scotia which included an Acadian sluice whose chronology extended back into the radio carbon date range on the canoe. The Val Comeau canoe was successfully pattern matched against the sluice chronology and dated to a minimum cut date of 1557. Regional white pine chronologies for New Brunswick and Nova Scotia were also developed in the process which will help with future dendrochronological investigations within these regions.","2011-01-01","2025-05-27 00:19:14","2025-05-27 00:19:14","","3-8","","1","29","","","","","","","","","","","","","","","","","","","","","New Brunswick; Canadian Maritimes; Dendrochronology; Dugout canoe; Eastern white pine","","","","","","","","","","","","","","","","","","","","","","","","","","","","","","","","","","","","","","","","","","","","","","",""
"8Y2FZXNU","journalArticle","1995","Petersen, James B.","Preceramic Archaeological Manifestations in the Far Northeast: A Review of Current Research","Archaeology of Eastern North America","","","","","","1995","2025-05-27 00:19:14","2025-05-27 00:19:14","","207-230","","","23","","","","","","","","","","","","","","","","","","","","","","","","","","","","","","","","","","","","","","","","","","","","","","","","","","","","","","","","","","","","","","","","","","","",""
"PCUQALYZ","book","2003","","Wolastoqiyik Ajemseg The People of the Beautiful River at Jemseg, Volume 1: Important Stories and Spoken Histories","","1-55396-147-1","","","https://www2.gnb.ca/content/dam/gnb/Departments/thc-tpc/pdf/Arch/MIA34English.pdf","","2003","2025-05-27 00:19:14","2025-05-27 00:19:14","","","300","","1","2","","Wolastoqiyik Ajemseg","New Brunswick Manuscripts in Archaeology","34E","","","Archaeological Services, Heritage Branch, New Brunswick Culture and Sport Secretariat","Fredericton","English","","","","","","","","","","","","","Perley, Karen; Blair, Susan","","","","","","","","","","","","","","","","","","","","","","","","","","","","","","","","","","","","","","","","","","","","",""
"FTDSKULE","book","2005","Perley, Karen","Gabe","","978-1-55396-454-4","","","https://www2.gnb.ca/content/dam/gnb/Departments/thc-tpc/pdf/Arch/WolGABEMIA41french.pdf","","2005","2025-05-27 00:19:14","2025-05-27 00:19:14","","","32","","","","","","New Brunswick Manuscripts in Archaeology","41","","","New Brunswick Culture and Sport Secretariat, Heritage Branch, Archaeological Services","Fredericton, N.B.","en, fr","","","","","Open WorldCat","","","<p>files/83/Perley et al. - 2005 - Gabe.pdf</p>","","","","","Kristmanson, Helen","","","","","","","","","","","","","","","","","","","","","","","","","","","","","","","","","","","","","","","","","","","","",""
"X4VH8UIL","journalArticle","1997","Perley, Karen","Aboriginal Involvement in the Ajemseg Archaeological Project","Fieldnotes: the Newsletter of the New Brunswick Archaeological Society","","","","","","1997","2025-05-27 00:19:14","2025-05-27 00:19:14","","3-5","","2 (Autumn)","4","","","","","","","","","","","","","","","","","","","","","","","","","","","","","","","","","","","","","","","","","","","","","","","","","","","","","","","","","","","","","","","","","","","",""
"QI6YKLL8","bookSection","2012","Penderey, Steven R.; Noel, Stephane; Spiess, Arthur E.","Diet and Nutrition","Saint Croix Island, Maine: History Archaeology and Interpretation","","","","","","2012","2025-05-27 00:19:14","2025-05-27 00:19:14","","","","","","","","","Occasional Publications in Maine Archaeology","14","","","The Maine Historic Preservation Commission","Augusta","","","","","","","","","","","","","","Penderey, Steven R.","","","","","","","","","","","","","","","","","","","","","","","","","","","","","","","","","","","","","","","","","","","","",""
"P2IMH3RS","thesis","2017","Pelletier-Michaud, Alexandre","The Bristol-Shiktehawk bifaces and Early Woodland ceremonialism in the Middle St. John Valley, New Brunswick.","","","","","","","2017","2025-05-27 00:19:14","2025-05-27 00:19:14","","","","","","","","","","","","","University of New Brunswick","Fredericton","","","","","","","","","","","","","","","","","","","","","","","","","","","","","","","","","","","","","","","","","","","","","","","","","","","","","","","","","","",""
"URPXLNEY","journalArticle","2016","Payne, Brian","The Environmental Historiography of the Maritime Peninsula","Acadiensis","","","","","","2016","2025-05-27 00:19:14","2025-05-27 00:19:14","","163-177","","1","XLV","","","","","","","","","","","","","","","","","","","","","","","","","","","","","","","","","","","","","","","","","","","","","","","","","","","","","","","","","","","","","","","","","","","",""
"EPK7CDK4","journalArticle","2017","Pawling, Micah A.","Wəlastəkwey (Maliseet) Homeland: Waterscapes and Continuity within the Lower St. John River Valley, 1784-1900","Acadiensis: Journal of the History of the Atlantic Region / Revue d’histoire de la region atlantique","","1712-7432","10.1353/aca.2017.0018","","","2017","2025-05-27 00:19:14","2025-05-27 00:19:14","","5-34","","2","46","","","","","","","","","","","","","","","","","","","","","","","","","","","","","","","","","","","","","","","","","","","","","","","","","","","","","","","","","","","","","","","","","","","",""
"ZZYH55VA","book","2012","Pendery, Steven R. (editor)","Saint Croix Island, Maine : history, archaeology, and interpretation","","978-0-935447-20-0 0-935447-20-2","","","","","2012","2025-05-27 00:19:14","2025-05-27 00:19:14","","","xi, 310 p.","","","","","","Occasional publications in Maine archeology","no 14","","","Maine Historic Preservation Commission and the Maine Archaeological Society","Augusta, Me.","","","","","17880783","","F27.S2 S35 2012","","<p>2013464529<br/>edited by Steven R. Pendery ; with contributions by Harold Borns, Jr. ... [et al.] ; foreword by David Hackett Fischer.<br/>ill. (some col.), maps (some col.) ; 28 cm.<br/>Includes bibliographical references and index.<br/>Occasional publications in Maine archaeology ; no. 14.</p>","","","Excavations (Archaeology) Maine Saint Croix Island.; Saint Croix Island (Me.) Antiquities.; Saint Croix Island (Me.) History.","","","","","","","","","","","","","","","","","","","","","","","","","","","","","","","","","","","","","","","","","","","","","","",""
"YFWVB54K","journalArticle","1970","Pearson, R.","Archaeological investigations in the St. Andrews Area, New Brunswick","Anthropologica","","","","","","1970","2025-05-27 00:19:14","2025-05-27 00:19:14","","181-190","","","12","","","","","","","","","","","","","","","","","","","","","","","","","","","","","","","","","","","","","","","","","","","","","","","","","","","","","","","","","","","","","","","","","","","",""
"KP9L75UU","thesis","2010","Pawling, Micah Abell","Petitions and the reconfiguration of homeland: Persistence and tradition among Wabanaki peoples in the nineteenth century","","","","","http://www.proquest.com/pqdtglobal/docview/734607339/abstract/FAE6B94452D24F5APQ/1","This thesis examines why the Penobscot, Passamaquoddy, and Maliseet peoples—three Wabanaki groups whose homeland encompasses present-day eastern Maine the greater part of western New Brunswick, and the southern shore of Quebec—adopted the Euro-American practice of submitting written petitions to government officials. Nineteenth-century Native petitioners wielded their influence in the new geo-political realities of an international border across their homeland. This cross-border comparison of Wabanaki petitions shows that the gradual establishment of the border had a different impact on Native communities. Wabanaki peoples still viewed the bordered region as their cultural homeland, the center of their universe. Homeland entailed intimate knowledge of the land and water that evoked family band mobility and seasonal activities. As settlers carried out a rearrangement of space, the reconfiguration of homeland led Native leaders to negotiate treaties and to petition governments to create reservations and reserves. Such places often held a cultural significance for them in that they served to emphasize Wabanaki values. At the close of the Revolutionary War, Penobscot homeland was no longer a Euro-American borderland, and tribal leaders entered into treaties with Massachusetts officials who aggressively sought Indian land and created reservation lands. Cultural misunderstandings and different interpretations of the treaties prompted Penobscot leaders to petition for redress and protect their dwindling land base. The Passamaquoddy people experienced the direct impact of the Canadian-American border through the heart of their homeland. After securing reservation lands and rights in Maine, Native leaders assisted boundary commissioners by drawing maps, providing testimony, and guiding surveyors. Passamaquoddies struggled to maintain connections to their eastern homeland in New Brunswick by petitioning the province to create reserves. As reserves came and went, Passamaquoddies nevertheless retained a presence in New Brunswick. To many newcomers, the international border superseded tribal rights and settlers on both sides of the border encroached on Indian land. Native petitions sought homeland protection on both sides of the border and asserted indigenous rights to the land. Maliseet petitions to New Brunswick created reserves along the Saint John River, a distribution that reflected family band values of homeland. In Quebec, Maliseet families struggled to remain connected to the northern portion of their homeland by petitioning for a reserve and practicing mobility. As settlers in both provinces encroached on reserve lands, Native petitions used the law to protect their lands while families continued to camp on private property. Reserve families made decisions to shape their own communities and to maintain their cultural identity.","2010","2025-05-27 00:19:14","2025-05-27 00:19:14","2021-05-16 19:30:16","","615","","","","","Petitions and the reconfiguration of homeland","","","","","The University of Maine","United States -- Maine","English","","Ph.D.","","","ProQuest","","","","","https://media.proquest.com/media/hms/ORIG/2/jUeGH?cit%3Aauth=Pawling%2C+Micah+Abell&cit%3Atitle=Petitions+and+the+reconfiguration+of+homeland%3A+Persistence+and+...&cit%3Apub=ProQuest+Dissertations+and+Theses&cit%3Avol=&cit%3Aiss=&cit%3Apg=&cit%3Adate=2010&ic=true&cit%3Aprod=ProQuest+Dissertations+%26+Theses+Global&_a=ChgyMDIxMDUxNjE5MjIzMjM0NzoxNzA4ODYSBTk1ODEzGgpPTkVfU0VBUkNIIgwxMzEuMjAyLjM4LjQqBTE4NzUwMgk3MzQ2MDczMzk6DURvY3VtZW50SW1hZ2VCATBSBk9ubGluZVoCRlRiA1BGVGoKMjAxMC8wMS8wMXIKMjAxMC8xMi8zMXoAggEqUC0xMDA4NzUwLTE0NjExLVBFUlBFVFVBTC0xMDAwMDIwNS00MzgzMDA0kgEGT25saW5lygFzTW96aWxsYS81LjAgKFdpbmRvd3MgTlQgMTAuMDsgV2luNjQ7IHg2NCkgQXBwbGVXZWJLaXQvNTM3LjM2IChLSFRNTCwgbGlrZSBHZWNrbykgQ2hyb21lLzkwLjAuNDQzMC4yMTIgU2FmYXJpLzUzNy4zNtIBFkRpc3NlcnRhdGlvbnMgJiBUaGVzZXOaAgdQcmVQYWlkqgIlT1M6RU1TLURvd25sb2FkUGRmLWdldE1lZGlhVXJsRm9ySXRlbcoCE0Rpc3NlcnRhdGlvbi9UaGVzaXPSAgFZ4gIA8gIA%2BgIBToIDA1dlYooDHENJRDoyMDIxMDUxNjE5MjIzMjM0NDo2NTczODM%3D&_s=tzTMTPmOD5BzvrGzkOdxoc%2F4gU0%3D","Maine; New Brunswick; Social sciences; Homeland; Indians; Maliseet; Nineteenth century; Passamaquoddy; Penobscot; Petition; Quebec; Wabanaki","","","","","","","","","","","","","","","","","","","","","","","","","","","","","","","","","","","","","","","","","","","","","","",""
"3EACEEFT","journalArticle","1972","Noble, William C.","ONE HUNDRED AND TWENTY-FIVE YEARS OF ARCHAEOLOGY IN THE CANADIAN PROVINCES","Bulletin (Canadian Archaeological Association)","","0315-761X","","","","1972","2025-05-27 00:19:14","2025-05-27 00:19:14","","1-78","","4","","","","","","","","","","","","","","","","WorldCat Discovery Service","","","","","","","","","","","","","","","","","","","","","","","","","","","","","","","","","","","","","","","","","","","","","","","","","","","","",""
"Y3ENRBA8","thesis","2016","Nicholas, Ramona","Listening to the Ancestors: A Wabanaki Perspective on Engagement in Archaeology","","","","","","","2016","2025-05-27 00:19:14","2025-05-27 00:19:14","","","","","","","","","","","","","University of New Brunswick","Fredericton","","","","","","","","","","","","","","","","","","","","","","","","","","","","","","","","","","","","","","","","","","","","","","","","","","","","","","","","","","",""
"FJB88TF5","book","1993","Paul, Daniel N.","We were not the savages : a Micmac perspective on the collision of European and aboriginal civilizations","","1-55109-056-2","","","","","1993","2025-05-27 00:19:14","2025-05-27 00:19:14","","","viii, 360 p.","","","","","","","","","","Nimbus","Halifax, N.S.","","","","","4911064","","","","<p>94115042<br/>C93-98666-0<br/>Daniel N. Paul ; research assistants, Donald M. Julien and Timothy J. Bernard ; illustrations, Vernon Gloade.<br/>ill. ; 23 cm.<br/>Government relations.<br/>Includes bibliographical references and index.</p>","","","Micmac Indians Government relations.; Indians First contact with Europeans.; Indians of North America Maritime Provinces.","","","","","","","","","","","","","","","","","","","","","","","","","","","","","","","","","","","","","","","","","","","","","","",""
"I799WQMN","book","2006","Parsons, Robert C.","Shipwrecks of New Brunswick","","978-1-895900-82-8","","","","","2006","2025-05-27 00:19:14","2025-05-27 00:19:14","","","224","","","","","","","","","","Pottersfield Press","","","","","","","","","","","","","","","","","","","","","","","","","","","","","","","","","","","","","","","","","","","","","","","","","","","","","","","","","","","",""
"ISSB7YGF","bookSection","2007","Owen, J. Victor; Dostal, Jaroslav; LaRocque, Peter","Geochemistry of Saint John Glass c. 1874-78","Reconstructing Human Landscape Interactions","","","","","","2007","2025-05-27 00:19:14","2025-05-27 00:19:14","","218-233","","","","","","","","","","","Cambridge Scholars Publishing","Newcastle","","","","","","","","","","","","","","Wilson, Lucy; Dickinson, Pamela J.; Jeandron, Jason","","","","","","","","","","","","","","","","","","","","","","","","","","","","","","","","","","","","","","","","","","","","",""
"FWABLCMM","book","1982","Nova Scotia Museum.","Micmac quillwork : Micmac Indian techniques of porcupine quill decoration, 1600-1950","","0-919680-22-4","","","","","1982","2025-05-27 00:19:14","2025-05-27 00:19:14","","","230 p., 16 p. of plates","","","","","","","","","","Nova Scotia Museum","Halifax","","","","","4231228","","","","<p>82164643<br/>Ruth Holmes Whitehead ; with an appendix on quilled-bark conservation by Deborah Jewett.<br/>ill. ; 29 cm.<br/>Bibliography: p. 216-219.</p>","","","Micmac art.; Micmac Indians Industries.; Quillwork Maritime Provinces.; Quillwork New England.","","","","","","","","","","","","","","","","","","","","","","","","","","","","","","","","","","","","","","","","","","","","","","",""
"AQG7KH6Z","report","0000","Not Identified","A list of Atlantic Cod bones identified from Gooseberry Point","","","","","","","0000","2025-05-27 00:19:14","2025-05-27 00:19:14","","","","","","","","","","","","Manuscript on file","Archaeological Services","Fredericton","","","","","","","","","","","","","","","","","","","","","","","","","","","","","","","","","","","","","","","","","","","","","","","","","","","","","","","","","","",""
"Z3AKAN7Y","thesis","1981","Nietfield, P.K.L.","Determinants of Aboriginal Micmac Political Structure","","","","","","","1981","2025-05-27 00:19:14","2025-05-27 00:19:14","","","","","","","","","","","","","University of New Mexico","Albuquerque","","","","","","","","","","","","","","","","","","","","","","","","","","","","","","","","","","","","","","","","","","","","","","","","","","","","","","","","","","",""
"6NVALYN7","book","1983","New Brunswick. Department of Tourism, Recreation and Heritage.; Parks Canada.; New Brunswick. Dept. of Tourism, Recreation and Heritage.; Parks Canada.","Historical/archaeology concerns and opportunities in Western Charlotte County, New Brunswick.","","","","","","","1983","2025-05-27 00:19:14","2025-05-27 00:19:14","","","vi, 73","","","","","","","","","","Parks Canada] ;","[Ottawa","English","","","","","WorldCat Discovery Service","","","","","","","","","","","","","","","","","","","","","","","","","","","","","","","","","","","","","","","","","","","","","","","","","","","","",""
"5J5QRBGL","book","1977","New Brunswick Museum.; Pelletier, Gaby","Decorative traditions, Micmac & Maliseet : a catalogue featuring a selection of Maliseet and Micmac decorative arts from the collections of the New Brunswick Museum","","0-919326-02-1","","","","","1977","2025-05-27 00:19:14","2025-05-27 00:19:14","","","64 p.","","","","","","","","","","The Museum","Saint John, N.B.","","","","","1890518","","","","<p>83221759<br/>edited with an introduction by Gaby Pelletier = Traditions décoratives, micmac & maliseet : un catalogue illustrant certains spécimens des arts décoratifs maliseet et micmacs, tirés des collections du Musée du Nouveau-Brunswick / édité et introduit par Gaby Pelletier.<br/>ill. ; 26 cm.<br/>English and French.<br/>Bibliography: p. 61.<br/>Traditions décoratives, micmac & maliseet.<br/>Decorative traditions, Micmac and Maliseet.</p>","","","Indian art New Brunswick Catalogs.; Malecite art Catalogs.; Malecite Indians Industries Catalogs.; Micmac art Catalogs.; Micmac Indians Industries Catalogs.; New Brunswick Museum Catalogs.","","","","","","","","","","","","","","","","","","","","","","","","","","","","","","","","","","","","","","","","","","","","","","",""
"G34I9PFL","book","1982","Nelson, Eunice; Maine Indian Program.","The Wabanaki : an annotated bibliography of selected books, articles, documents about Maliseet, Micmac, Passamaquoddy, Penobscot Indians in Maine, annotated by Native Americans","","","","","","","1982","2025-05-27 00:19:14","2025-05-27 00:19:14","","","ix, 108 p.","","","","","","","","","","American Friends Service Committee ; Order from American Friends Service Committee","Cambridge, Mass. Orono, Me. (Box 286, Orono 04473)","","","","","923510","","","","<p>82166285<br/>Eunice Nelson.<br/>23 cm.<br/>""A project of the Maine Indian Program, American Friends Service Committee.""<br/>Includes index.</p>","","","Abenaki Indians Bibliography.; Indians of North America Maine Bibliography.","","","","","","","","","","","","","","","","","","","","","","","","","","","","","","","","","","","","","","","","","","","","","","",""
"YG6NLN6W","journalArticle","1987","Nash, Ronald J.; Miller, Virginia P.","Model Building and the Case of the Micmac Economy","Man in the Northeast","","","","","","1987","2025-05-27 00:19:14","2025-05-27 00:19:14","","41-56","","","34","","","","","","","","","","","","","","","","","","","","","","","","","","","","","","","","","","","","","","","","","","","","","","","","","","","","","","","","","","","","","","","","","","","",""
"V2TS7ZIU","journalArticle","2008","Nash, Ronald J.","Archetypal Landscapes and the Interpretation of Meaning","Cambridge Archaeological Journal","","0959-7743 1474-0540","10.1017/s0959774300001475","","","2008","2025-05-27 00:19:14","2025-05-27 00:19:14","","57","","01","7","","","","","","","","","","","","","","","","","","","","","","","","","","","","","","","","","","","","","","","","","","","","","","","","","","","","","","","","","","","","","","","","","","","",""
"GFDWNXJU","journalArticle","2005","Newby, Paige; Bradley, James; Spiess, Arthur; Shuman, Bryan; Leduc, Phillip","A Paleoindian response to Younger Dryas climate change","Quaternary Science Reviews","","02773791","10.1016/j.quascirev.2004.04.010","","","2005","2025-05-27 00:19:14","2025-05-27 00:19:14","","141-154","","1-2","24","","","","","","","","","","","","","","","","","","","","","","","","","","","","","","","","","","","","","","","","","","","","","","","","","","","","","","","","","","","","","","","","","","","",""
"EWQLIBDF","book","1983","New Brunswick. Department of Tourism, Recreation; Heritage; Parks, Canada","Historical/archaeology concerns and opportunities in Western Charlotte County, New Brunswick","","","","","","","1983","2025-05-27 00:19:14","2025-05-27 00:19:14","","","","","","","","","","","","","Parks Canada] ; [Dept. of Tourism, Recreation and Heritage]","[Ottawa [Fredericton, N.B.]","English","","","WorldCat.org","","","","","","","","","","","","","","","","","","","","","","","","","","","","","","","","","","","","","","","","","","","","","","","","","","","","","","",""
"KLNBK8T7","journalArticle","1996","Murphy, Brent M.; Black, David W.","Zooarchaeology in the Canadian Maritimes","Canadian Zooarchaeology","","","","","","1996","2025-05-27 00:19:14","2025-05-27 00:19:14","","2-20","","","9","","","","","","","","","","","","","","","","","","","","","","","","","","","","","","","","","","","","","","","","","","","","","","","","","","","","","","","","","","","","","","","","","","","",""
"ZJXY9KJR","thesis","1998","Murphy, Brent M.","Researching the Early Holocene of the Maritime Provinces","","","","","","","1998","2025-05-27 00:19:14","2025-05-27 00:19:14","","","","","","","","","","","","","Memorial University of Newfoundland","St. John's","","","","","","","","","","","","","","","","","","","","","","","","","","","","","","","","","","","","","","","","","","","","","","","","","","","","","","","","","","",""
"784GMT3A","book","1922","Moorehead, Warren K.","A Report on the Archaeology of Maine, Being a Narrative of Explorations in the State 1912-1920, Together with Work at Lake Champlain 1917","","","","","","","1922","2025-05-27 00:19:14","2025-05-27 00:19:14","","","","","","","","","","","","","The Andover Press","Andover","","","","","","","","","","","","","","","","","","","","","","","","","","","","","","","","","","","","","","","","","","","","","","","","","","","","","","","","","","",""
"5C65MIYJ","bookSection","2004","Monahan, Valery","Elluhkatomek 5: Methodology, Part II","Wolastoqiyik Ajemseg: The People of the Beautiful River at Jemseg","1-55396-320-2","","","https://www2.gnb.ca/content/dam/gnb/Departments/thc-tpc/pdf/Arch/MIA36english.pdf","","2004","2025-05-27 00:19:14","2025-05-27 00:19:14","","61-68","","","2: Archaeological Results","","","Wolastoqiyik Ajemseg","New Brunswick Manuscripts in Archaeology","36E","","","Archaeological Services, Heritage Branch Culture and Sport Secretariat","Fredericton, N.B.","en","","","","","","","","","","","","","Blair, Susan","","","","","","","","","","","","","","","","","","","","","","","","","","","","","","","","","","","","","","","","","","","","",""
"BKCGZ547","journalArticle","2013","Moussette, Marcel","A universe under strain: Amerindian nations in north-eastern North America in the 16th century","Post-Medieval Archaeology","","0079-4236 1745-8137","10.1179/007942309x12457508843883","","","2013","2025-05-27 00:19:14","2025-05-27 00:19:14","","30-47","","1","43","","","","","","","","","","","","","","","","","","","","","","","","","","","","","","","","","","","","","","","","","","","","","","","","","","","","","","","","","","","","","","","","","","","",""
"TM92R9EB","journalArticle","1985","Morton, Bruce A.","The British Gate of Fort Beauséjour: An Archaeological Reconstruction","Northeast Historical Archaeology","","00480738 00480738","10.22191/neha/vol14/iss1/5","","","1985","2025-05-27 00:19:14","2025-05-27 00:19:14","","55-61","","1","14","","","","","","","","","","","","","","","","","","","","","","","","","","","","","","","","","","","","","","","","","","","","","","","","","","","","","","","","","","","","","","","","","","","",""
"WC2VIAYH","thesis","2020","Moran, Mallory Leigh","""Mehtaqtek, Where The Path Comes To An End"": Documenting Cultural Landscapes Of Movement In Wolastoqiyik (Maliseet) First Nation Territory In New Brunswick, Canada, And Maine, United States","","","","","","","2020","2025-05-27 00:19:14","2025-05-27 00:19:14","","","","","","","","","","","","","William and Mary","Williamsburg","","","","","","","","","","","","","","","","","","","","","","","","","","","","","","","","","","","","","","","","","","","","","","","","","","","","","","","","","","",""
"3YCQIEEL","thesis","2015","Moran, Mallory Leigh","From Path to Portage: Issues of Scales, Process, and Pattern in Understanding New Brunswick Riverine Trail Networks","","","","","","","2015","2025-05-27 00:19:14","2025-05-27 00:19:14","","","","","","","","","","","","","College of William and Mary","Williamsburg","","","","","","","","","","","","","","","","","","","","","","","","","","","","","","","","","","","","","","","","","","","","","","","","","","","","","","","","","","",""
"K7XAUPCC","journalArticle","1976","Miller, Virginia P.","Aboriginal Micmac Population: a Review of the Evidence","Ethnohistory","","","","","","1976","2025-05-27 00:19:12","2025-05-27 00:19:12","","117-127","","","23","","","","","","","","","","","","","","","","","","","","","","","","","","","","","","","","","","","","","","","","","","","","","","","","","","","","","","","","","","","","","","","","","","","",""
"5W6SI746","thesis","2006","Mock, Kevin","An Analysis of the Morphological Variability Between French Ceramics from Seventeenth Century Archaeological Sites in New France","","","","","","","2006","2025-05-27 00:19:12","2025-05-27 00:19:12","","","","","","","","","","","","","University of Maine","Orono","","","","","","","","","","","","","","","","","","","","","","","","","","","","","","","","","","","","","","","","","","","","","","","","","","","","","","","","","","",""
"9PSNZUG4","bookSection","1983","Miller, Virginia P.","Social and Political Complexity on the East Coast: the Micmac Case","The Evolution of Maritime Cultures on the Northeast and the Northwest Coasts of America","","","","","","1983","2025-05-27 00:19:12","2025-05-27 00:19:12","","41-55","","","","","","","","11","","","Department of Archaeology, Simon Fraser University","Burnaby","","","","","","","","","","","","","","Nash, Ronald J.","","","","","","","","","","","","","","","","","","","","","","","","","","","","","","","","","","","","","","","","","","","","",""
"Y2RXQVDD","journalArticle","1988","Miller, Randall F.; Buhay, Diane N.","The Steinhammer Club: Geology and a foundation for a natural history society in New Brunswick","Geoscience Canada","","","","","","1988","2025-05-27 00:19:12","2025-05-27 00:19:12","","","","3","15","","","","","","","","","","","","","","","","","","","","","","","","","","","","","","","","","","","","","","","","","","","","","","","","","","","","","","","","","","","","","","","","","","","",""
"66RDDICF","book","1975","McPhee, John; Adney, Tappan","The survival of the bark canoe","","0-374-27207-7","","","Contributor biographical information http://www.loc.gov/catdir/bios/hol056/75026558.html Publisher description http://www.loc.gov/catdir/description/hol054/75026558.html Sample text http://www.loc.gov/catdir/enhancements/fy1117/75026558-s.html","","1975","2025-05-27 00:19:12","2025-05-27 00:19:12","","","114, 31 p.","","","","","","","","","","Farrar, Straus, Giroux","New York","","","","","327901","","","","<p>75026558<br/>John McPhee.<br/>ill. ; 22 cm.<br/>""A portfolio of the sketches and models of Edwin Tappan Adney (1868-1950)"": p. [115-145].</p>","","","Canoes and canoeing Maine.; Vaillancourt, Henri.","","","","","","","","","","","","","","","","","","","","","","","","","","","","","","","","","","","","","","","","","","","","","","",""
"SWC4JL5U","journalArticle","1914","McIntosh, W.","Chipped and Flaked Implements of New Brunswick","Bulletin of the Natural History Society of New Brunswick","","","","","","1914","2025-05-27 00:19:12","2025-05-27 00:19:12","","39-48","","","31","","","","","","","","","","","","","","","","","","","","","","","","","","","","","","","","","","","","","","","","","","","","","","","","","","","","","","","","","","","","","","","","","","","",""
"26QP958K","book","2007","Miller, Randall F.; Buhay, Diane N.","George Frederic Matthew: Paleontologist and Geologist","","","","","","","2007","2025-05-27 00:19:12","2025-05-27 00:19:12","","","","","","","","","Publications in Natural Science","","","","New Brunswick Museum","Saint John","","","","","","","","","","","","","","","","","","","","","","","","","","","","","","","","","","","","","","","","","","","","","","","","","","","","","","","","","","",""
"4YPQEZL9","journalArticle","2009","Michaux, Emmanuel","Bibliographie sur les Malécites","Recherches amérindiennes au Québec","","","","","","2009","2025-05-27 00:19:12","2025-05-27 00:19:12","","69-79","","3","29","","","","","","","","","","","","","","","","","","","","","","","","","","","","","","","","","","","","","","","","","","","","","","","","","","","","","","","","","","","","","","","","","","","",""
"NHKZYXVG","journalArticle","1965","Medcof, J. C.; Clarke, A. H.; Erskine, J. S.","Ancient Canadian east-coast oyster and quahog shells","Journal of the Fisheries Research Board of Canada","","","","","","1965","2025-05-27 00:19:12","2025-05-27 00:19:12","","631-634","","","22","","","","","","","","","","","","","","","","","","","","","","","","","","","","","","","","","","","","","","","","","","","","","","","","","","","","","","","","","","","","","","","","","","","",""
"EDX9NF23","bookSection","2021","McLean, Chase K.A.","Recovering a Touladi Chert Core: A Short Stop on Green Island","Provincial Archaeology Office Annual Review 2020","","","","","","2021","2025-05-27 00:19:12","2025-05-27 00:19:12","","","","","19","","","","","","","","Provincial Archaeology Office Department of Tourism, Culture, Arts and Recreation Government of Newfoundland and Labrador","","","","","","","","","","","","","","","Hull, Stephen; Mercer, Delphina","","","","","","","","","","","","","","","","","","","","","","","","","","","","","","","","","","","","","","","","","","","","",""
"EPWQIIJZ","bookSection","2013","McLaughlin, Moira","Bones Tell Tales","Underground New Brunswick: Stories of Archaeology","978-1-77108-095-8","","","","","2013","2025-05-27 00:19:12","2025-05-27 00:19:12","","127-136","","","","","","","","","","","Nimbus Publishing","Halifax, NS","English","","","","","","","","","","","","","Erickson, P.; Fowler, J.","","","","","","","","","","","","","","","","","","","","","","","","","","","","","","","","","","","","","","","","","","","","",""
"SV9E48ZE","journalArticle","1999","McEachen, Paul J.; Allen, Patricia; Julig, Patrick; Long, Darrel G.F.","The Tozer Site Revisited: Implications for the Early Woodland Period in New Brunswick","Canadian Journal of Archaeology","","","","","","1999","2025-05-27 00:19:12","2025-05-27 00:19:12","","157-166","","2","22","","","","","","","","","","","","","","","","","","","","","","","","","","","","","","","","","","","","","","","","","","","","","","","","","","","","","","","","","","","","","","","","","","","",""
"JYSDJJPV","journalArticle","1884","Matthew, George F.","Discoveries at a Village of the Stone Age at Bocabec","Bulletin of the Natural History Society of New Brunswick","","","","","","1884","2025-05-27 00:19:12","2025-05-27 00:19:12","","6-29","","","3","","","","","","","","","","","","","","","","","","","","","","","","","","","","","","","","","","","","","","","","","","","","","","","","","","","","","","","","","","","","","","","","","","","",""
"JF7IYMV8","bookSection","2004","McEachen, Paul","Pihcesis 17: A Brief Look at Meadowwood in the Maritime Provinces","Wolastoqiyik Ajemseg: The People of the Beautiful River at Jemseg","1-55396-320-2","","","https://www2.gnb.ca/content/dam/gnb/Departments/thc-tpc/pdf/Arch/MIA36english.pdf","","2004","2025-05-27 00:19:12","2025-05-27 00:19:12","","245-250","","","2: Archaeological Results","","","Wolastoqiyik Ajemseg","New Brunswick Manuscripts in Archaeology","36E","","","Archaeological Services, Heritage Branch Culture and Sport Secretariat","Fredericton, N.B.","en","","","","","","","","","","","","","Blair, Susan","","","","","","","","","","","","","","","","","","","","","","","","","","","","","","","","","","","","","","","","","","","","",""
"UB3NEURX","bookSection","1999","Wright, James V.","Late Maritime Culture","A History of Native People of Canada Volume II (1,000 B.C. - 500 A.D.)","0-660-15952-X","","","","","1999","2025-05-27 00:19:17","2025-05-27 00:19:17","","571-606","","","1","","","","Mercury Series","152","","","Canadian Museum of Civilization","Hull, Quebec","English","","","","","","","","","","","","","","","","","","","","","","","","","","","","","","","","","","","","","","","","","","","","","","","","","","","","","","","","","",""
"M4WWWGJE","bookSection","1995","Wright, James V.","Middle Maritime Culture","A History of Native People of Canada Volume I (10,000 - 1,000 B.C.)","0-660-15951-1","","","","","1995","2025-05-27 00:19:17","2025-05-27 00:19:17","","178-216","","","1","","","","Mercury Series","152","","","Canadian Museum of Civilization","Hull, Quebec","English","","","","","","","","","","","","","","","","","","","","","","","","","","","","","","","","","","","","","","","","","","","","","","","","","","","","","","","","","",""
"3NRQCVNQ","bookSection","1995","Wright, James V.","Early Maritime Culture","A History of Native People of Canada Volume I (10,000 - 1,000 B.C.)","0-660-15951-1","","","","","1995","2025-05-27 00:19:17","2025-05-27 00:19:17","","82-92","","","1","","","","Mercury Series","152","","","Canadian Museum of Civilization","Hull, Quebec","English","","","","","","","","","","","","","","","","","","","","","","","","","","","","","","","","","","","","","","","","","","","","","","","","","","","","","","","","","",""
"KG2I7THL","bookSection","2013","Woolsey, Cora A.","""For My Indian Friends"" The George Frederick Clarke Artifact Collection and Its Place in New Brunswick's Archaeological History","Underground New Brunswick: Stories of Archaeology","978-1-77108-095-8","","","","","2013","2025-05-27 00:19:17","2025-05-27 00:19:17","","37-46","","","","","","","","","","","Nimbus","Halifax, NS","English","","","","","","","","","","","","","Erickson, P.; Fowler, J.","","","","","","","","","","","","","","","","","","","","","","","","","","","","","","","","","","","","","","","","","","","","",""
"TUUY6RR4","thesis","2010","Woolsey, Cora A.","Ceramic sherds in the George Frederick Clarke collection: A technological approach","","","","","","","2010","2025-05-27 00:19:17","2025-05-27 00:19:17","","","","","","","","","","","","","University of New Brunswick","Fredericton","","","","","","","","","","","","","","","","","","","","","","","","","","","","","","","","","","","","","","","","","","","","","","","","","","","","","","","","","","",""
"C9UC8SLH","thesis","1983","Wilson, Lucy","Lithics Analysis of Selected New Brunswick Sites","","","","","","","1983","2025-05-27 00:19:17","2025-05-27 00:19:17","","","","","","","","","","","","","University of New Brunswick","Fredericton","","","","","","","","","","","","","","","","","","","","","","","","","","","","","","","","","","","","","","","","","","","","","","","","","","","","","","","","","","",""
"DZ8K5ZG5","bookSection","2004","Wright, James V.","Maritime Algonquin Culture","A History of Native People of Canada Volume III (500 A.D. - European Contact)","0-660-19175-X","","","","","2004","2025-05-27 00:19:17","2025-05-27 00:19:17","","1195-1234","","","1","","","","Mercury Series","152","","","Canadian Museum of Civilization","Hull, Quebec","English","","","","","","","","","","","","","","","","","","","","","","","","","","","","","","","","","","","","","","","","","","","","","","","","","","","","","","","","","",""
"9CJLWENR","journalArticle","1953","Witthoft, John; Schoff, Harry; Wray, Charles F.","Micmac Pipes, Vase-Shaped Pipes, and Calumets","Pennsylvania Archaeologist","","","","","","1953","2025-05-27 00:19:17","2025-05-27 00:19:17","","89-107","","","23","","","","","","","","","","","","","","","","","","","","","","","","","","","","","","","","","","","","","","","","","","","","","","","","","","","","","","","","","","","","","","","","","","","",""
"989YI7H6","book","1983","Whitehead, Ruth Holmes; McGee, Harold Franklin; Kaulbach, Kathy","The Micmac: how their ancestors lived five hundred years ago","","0920852211 (pbk.) 0920852238 (hard)","","","","","1983","2025-05-27 00:19:17","2025-05-27 00:19:17","","","60 p.","","","","","","","","","","Nimbus Pub.","Halifax, N.S.","","","","","569492","","","","<p>89131458<br/>by Ruth Holmes Whitehead and Harold McGee ; illustrations by Kathy Kaulbach.<br/>ill. ; 18 x 21 cm.</p>","","","Indians of North America.; Micmac Indians Juvenile literature.; Micmac Indians.","","","","","","","","","","","","","","","","","","","","","","","","","","","","","","","","","","","","","","","","","","","","","","",""
"G94SBYND","book","1947","Webster, John Clarence 1863-1950.; New Brunswick Government Bureau of Information and Tourist Travel.","An historical guide to New Brunswick.","","","","","","","1947","2025-05-27 00:19:17","2025-05-27 00:19:17","","","129","","","","","","","","","","New Brunswick Govt. Bureau of Information and Tourist Travel]","[Fredericton? N.B.]","English","","","","","WorldCat Discovery Service","","","","","","","","","","","","","","","","","","","","","","","","","","","Rev. ed.","","","","","","","","","","","","","","","","","","","","","","","","","",""
"IGSB4XQS","book","1955","Wallis, Wilson D.; Wallis, Ruth Sawtell","The Micmac Indians of Eastern Canada","","","","","","","1955","2025-05-27 00:19:17","2025-05-27 00:19:17","","","","","","","","","","","","","University of Minnesota Press","Minneapolis","","","","","","","","","","","","","","","","","","","","","","","","","","","","","","","","","","","","","","","","","","","","","","","","","","","","","","","","","","",""
"LWXIEITJ","journalArticle","2009","Wallace, Birgitta","L'Anse aux Meadows, Leif Eriksson's Home in Vinland","Journal of the North Atlantic","","","","","","2009","2025-05-27 00:19:17","2025-05-27 00:19:17","","114-125","","","Special Volume 2","","","","","","","","","","","","","","","","","","<p>Is this relevant?</p>","","","","","","","","","","","","","","","","","","","","","","","","","","","","","","","","","","","","","","","","","","","","","","","","","",""
"I4W6TSP5","book","2015","Whitehead, Ruth Holmes","Ntniskamijinaqik-Ancestral Images: The Mi'kmaq in Art and Photography","","","","","","","2015","2025-05-27 00:19:17","2025-05-27 00:19:17","","","","","","","","","","","","","Nimbus","Halifax","","","","","","","","","","","","","","","","","","","","","","","","","","","","","","","","","","","","","","","","","","","","","","","","","","","","","","","","","","",""
"GN78TZZR","bookSection","1993","Whitehead, Ruth Holmes","The Protohistoric Period in the Maritime Provinces","Prehistoric Archaeology in the Maritime Provinces: Past and Present Research","","","","","","1993","2025-05-27 00:19:17","2025-05-27 00:19:17","","227-258","","","","","","","The Council of Maritime Premiers Maritime Committee on Archaeological Cooperation Reports in Archaeology","no. 8","","","Council of Maritime	Premiers","Fredericton","","","","","","","","","","","","","","Deal, Michael; Blair, Susan","","","","","","","","","","","","","","","","","","","","","","","","","","","","","","","","","","","","","","","","","","","","",""
"QETXVSCN","thesis","2018","Webb, W. Jesse","A Late Maritime Woodland Peskotmuhkati Fishery from the Mainland Quoddy Region, Southwestern New Brunswick, Canada","","","","","","","2018","2025-05-27 00:19:17","2025-05-27 00:19:17","","","","","","","","","","","","","University of New Brunswick","Fredericton","","","","","","","","","","","","","","","","","","","","","","","","","","","","","","","","","","","","","","","","","","","","","","","","","","","","","","","","","","",""
"RBJKQLQ9","book","1990","Washburn & Gillis Associates.; New Brunswick. Department of Transportation. Planning Branch.; Washburn & Gillis Associates.; New Brunswick. Dept. of Transportation. Planning Branch.","An archaeological assessment of the proposed Fundy Trail (St. Martins to Alma)","","","","","","","1990","2025-05-27 00:19:17","2025-05-27 00:19:17","","","","","","","","","","","","","Washburn & Gillis Associates","Fredericton, N.B.","English","","","","","WorldCat Discovery Service","","","","","","","","","","","","","","","","","","","","","","","","","","","","","","","","","","","","","","","","","","","","","","","","","","","","",""
"J5DE2U3I","book","1977","Turnbull, Christopher J.; Council of Maritime Premiers (Canada); Council of Maritime Premiers (Canada). Maritime Committee on Archaeological Cooperation.","The state of archaeology in the Maritimes, 1977 : a report to Council of Maritime Premiers","","","","","","","1977","2025-05-27 00:19:17","2025-05-27 00:19:17","","","7, [5], [13], 2 leaves","","","","","","The Council of Maritime Premiers Maritime Committee on Archaeological Cooperation Reports in Archaeology","no. 1","","","Council of Maritime Premiers","Halifax, N.S.","","","","","707186","","UABARD ON_SHELF FC 2039 A7 T943 1977 BOOK","","<p>C. J. Turnbull, chairman, Council of Maritime Premiers, Maritime Committee on Archaeological Cooperation.<br/>28 cm.<br/>Text in English and French; French text inverted with title: La situation de l'arch©*ologie dans les provinces Maritimes, 1977.<br/>Reports in Archaeology (Halifax). ; no.1.</p>","","","Archaeology and state Maritime Provinces.; Archaeology Law and legislation Maritime Provinces.; Coastal archaeology Maritime Provinces.; Cultural property Protection Maritime Provinces.","","","","","","","","","","","","","","","","","","","","","","","","","","","","","","","","","","","","","","","","","","","","","","",""
"A5S9IWZD","journalArticle","1988","Turnbull, Christopher J.; Allen, Patricia M.","Review of Maritimes Provinces Prehistory by James A. Tuck","Canadian Journal of Archaeology","","","","","","1988","2025-05-27 00:19:17","2025-05-27 00:19:17","","250-260","","","12","","","","","","","","","","","","","","","","","","","","","","","","","","","","","","","","","","","","","","","","","","","","","","","","","","","","","","","","","","","","","","","","","","","",""
"HAS8KIGI","journalArticle","1978","Turnbull, Christopher J.; Allen, Patricia","More Paleo-Indian Points from New Brunswick","Man in the northeast","","","","","","1978","2025-05-27 00:19:17","2025-05-27 00:19:17","","","","","","","","","","","","","","","","","","","","","","","","","","","","","","","","","","","","","","","","","","","","","","","","","","","","","","","","","","","","","","","","","","","","","","","","",""
"N7KP3EN3","journalArticle","2000","Turnbull, Christopher J.","A search for Fort Jemseg: The Nevers Site","Fieldnotes: the Newsletter of the New Brunswick Archaeological Society","","","","","","2000","2025-05-27 00:19:17","2025-05-27 00:19:17","","10-14","","1 (Winter)","7","","","","","","","","","","","","","","","","","","","","","","","","","","","","","","","","","","","","","","","","","","","","","","","","","","","","","","","","","","","","","","","","","","","",""
"KNX5Q2S5","report","1975","Turnbull, S.","Archaeological Survey of the Grand Lake Region - a preliminary report","","","","","","","1975","2025-05-27 00:19:17","2025-05-27 00:19:17","","","","","","","","","","","","Manuscript on file","New Brunswick Archaeological Services, Historical Resources Administration","Fredericton","","","","","","","","","","","","","","","","","","","","","","","","","","","","","","","","","","","","","","","","","","","","","","","","","","","","","","","","","","",""
"Q9HWCMFS","book","1990","Turnbull, Christopher J.; New Brunswick. Archaeology Branch.","The Bernard collection: a Tobique Complex site from the mid St. John River Valley, New Brunswick","","0-88838-347-9","","","","This initial report is based on a collection made over a number of years from a site on the Tobique Indian Reserve in New Brunswick. Theimpetus for examining the collection is the possibility that the area may be chosen for a sewage lagoon. This report gives an introduction to the region, followed by a description of the collections. It then examines some of the questions surrounding the site, the Tobique valley, and a certain period in New Brunswick's past to put the site into historical and regional context. Recommendations are offered forthe site's future.","1990","2025-05-27 00:19:17","2025-05-27 00:19:17","","","21 p.","","","","","","New Brunswick Manuscripts in Archaeology","25E","","","Municipalities, Culture, Housing, Cultural Affairs","Fredericton","en","","","","2985156","","KOERNER LIBRARY microforms (Floor 2) MICROLOG 95-00536","","<p>(New Brunswick archaeology / New Brunswick. Archaeology Branch; 25)</p>","","","Historic sites New Brunswick.","","","","","","","","","","","","","","","","","","","","","","","","","","","","","","","","","","","","","","","","","","","","","","",""
"J86V5XDA","book","1986","Turnbull, Christopher J.; Davis, Stephen A.","An Archaeological Bibliography of the Maritime Provinces: Works to 1984","","","","","","","1986","2025-05-27 00:19:17","2025-05-27 00:19:17","","","","","","","","","The Council of Maritime Premiers Maritime Committee on Archaeological Cooperation Reports in Archaeology","no. 6","","","The Council of Maritime Premiers, The Maritime Committee for Archaeological Cooperation","Fredericton","","","","","","","","","","","","","","","","","","","","","","","","","","","","","","","","","","","","","","","","","","","","","","","","","","","","","","","","","","",""
"LLWRCTXV","journalArticle","1988","Turnbull, Christopher J.","Reflections on a Ground Slate Bayonet Fragment from the Tantramar Marsh, Upper Bay of Fundy","Canadian Journal of Archaeology","","","","","","1988","2025-05-27 00:19:17","2025-05-27 00:19:17","","87-108","","","12","","","","","","","","","","","","","","","","","","","","","","","","","","","","","","","","","","","","","","","","","","","","","","","","","","","","","","","","","","","","","","","","","","","",""
"BT7GVUFH","journalArticle","1976","Turnbull, Christopher J.","The Augustine Site: A Mound from the Maritimes","Archaeology of Eastern North America","","","","","","1976","2025-05-27 00:19:17","2025-05-27 00:19:17","","50-62","","","4","","","","","","","","","","","","","","","","","","","","","","","","","","","","","","","","","","","","","","","","","","","","","","","","","","","","","","","","","","","","","","","","","","","",""
"B8X6DJX6","journalArticle","1975","Turnbull, Christopher J.","Report of a Survey in Grand Lake Region, Saint John River Basin, New Brunswick","Man in the Northeast","","","","","","1975","2025-05-27 00:19:17","2025-05-27 00:19:17","","9-20","","","9","","","","","","","","","","","","","","","","","","","","","","","","","","","","","","","","","","","","","","","","","","","","","","","","","","","","","","","","","","","","","","","","","","","",""
"EXDAWBHR","journalArticle","1978","Turnbull, Christopher","Early Historic Archaeological Research in New Brunswick","North-eastern Approaches/Approches au nord est","","","","","","1978","2025-05-27 00:19:17","2025-05-27 00:19:17","","4-5","","1","2","","","","","","","","","","","","","","","","","","","","","","","","","","","","","","","","","","","","","","","","","","","","","","","","","","","","","","","","","","","","","","","","","","","",""
"CB9WRBYY","journalArticle","1998","Turgeon, Laurier","French Fishers, Fur Traders, and Amerindians during the Sixteenth Century: History and Archaeology","The William and Mary Quarterly","","","","","","1998","2025-05-27 00:19:17","2025-05-27 00:19:17","","585-610","","4","55","","","","","","","","","","","","","","","","","","","","","","","","","","","","","","","","","","","","","","","","","","","","","","","","","","","","","","","","","","","","","","","","","","","",""
"ZHMIR3M3","book","1986","Turnbull, Christopher J.","The McKinley Collection: Another Middlesex Component from Red Bank, Northumberland County, New Brunswick","","","","","","","1986","2025-05-27 00:19:17","2025-05-27 00:19:17","","","","","17E","","","","New Brunswick Manuscripts in Archaeology","","","","Department of Tourism, Recreation, and Heritage","Fredericton","","","","","","","","","","","","","","","","","","","","","","","","","","","","","","","","","","","","","","","","","","","","","","","","","","","","","","","","","","",""
"IL5IN5XL","book","1984","Turnbull, Christopher J.","The Richibucto Burial Site (CeDf18), New Brunswick Research in 1981","","","","","","","1984","2025-05-27 00:19:17","2025-05-27 00:19:17","","","29","","","","","","New Brunswick Manuscripts in Archaeology","2","","","New Brunswick Cultural and Historical Resources Administration","Fredericton, N.B.","en","","","","","WorldCat","L19EH58 AR7 M294 no.02","","","","","","","","","","","","","","","","","","","","","","","","","","","","","","","","","","","","","","","","","","","","","","","","","","","",""
"P82C72QA","bookSection","1977","Turnbull, Christopher J.","Of Backdirt and Bureaucracy: The Role of Government in Canadian Archaeology","Symposium on New Perspectives in Canadian Archaeology, 2-23 October 1976","","","","","","1977","2025-05-27 00:19:17","2025-05-27 00:19:17","","119-136","","","","","","","","","","","Ontario Museum","Toronto","","","","","","","","","","","","","","","","","","","","","","","","","","","","","","","","","","","","","","","","","","","","","","","","","","","","","","","","","","",""
"4EZUUAEZ","journalArticle","1974","Turnbull, Christopher J.","The Second Fluted Point from New Brunswick","Man in the northeast","","","","","","1974","2025-05-27 00:19:17","2025-05-27 00:19:17","","109-110","","","7","","","","","","","","","","","","","","","","","","","","","","","","","","","","","","","","","","","","","","","","","","","","","","","","","","","","","","","","","","","","","","","","","","","",""
"AEXRGI7P","journalArticle","1997","Turgeon, Laurier","The Tale of the Kettle: Odyssey of an Intercultural Object","Ethnohistory","","","","","","1997","2025-05-27 00:19:17","2025-05-27 00:19:17","","1-29","","1","44","","","","","","","","","","","","","","","","","","","","","","","","","","","","","","","","","","","","","","","","","","","","","","","","","","","","","","","","","","","","","","","","","","","",""
"UN6AZUQ2","bookSection","1993","Tuck, James A.","The Archaic Period in the Maritime Provinces","Prehistory of the Maritime Provinces: Past and Present Research","","","","","","1993","2025-05-27 00:19:17","2025-05-27 00:19:17","","29-57","","","","","","","The Council of Maritime Premiers Maritime Committee on Archaeological Cooperation Reports in Archaeology","no. 8","","","Council of Maritime Premiers","Fredericton","","","","","","","","","","","","","","Deal, M.; Blair, S.","","","","","","","","","","","","","","","","","","","","","","","","","","","","","","","","","","","","","","","","","","","","",""
"SCBSHILF","journalArticle","1982","Tuck, James A.","Prehistoric Archaeology in Atlantic Canada Since 1975","Canadian Journal of Archaeology / Journal Canadien d’Archéologie","","0705-2006","","http://www.jstor.org/stable/41102243","","1982","2025-05-27 00:19:17","2025-05-27 00:19:17","2021-05-16 19:41:20","201-218","","6","","","","","","","","","","","","","","","","JSTOR","","","","","http://www.jstor.org/stable/pdfplus/10.2307/41102243.pdf?acceptTC=true","","","","","","","","","","","","","","","","","","","","","","","","","","","","","","","","","","","","","","","","","","","","","","","",""
"CHU4AYK9","journalArticle","1989","Trigger, Bruce G.","Alfred G. Bailey - Ethnohistorian","Acadiensis","","","","","","1989","2025-05-27 00:19:17","2025-05-27 00:19:17","","3-21","","2","18","","","","","","","","","","","","","","","","","","","","","","","","","","","","","","","","","","","","","","","","","","","","","","","","","","","","","","","","","","","","","","","","","","","",""
"GWPACIC2","book","1978","","Northeast","","","","","","","1978","2025-05-27 00:19:17","2025-05-27 00:19:17","","","","","15","","","","Handbook of North American Indians","","","","Smithsonian Institution","Washington","","","","","","","","","","","","","","Trigger, Bruce G.","Sturtevant, William C.","","","","","","","","","","","","","","","","","","","","","","","","","","","","","","","","","","","","","","","","","","","",""
"IFIAGUS5","bookSection","1986","Trigger, B.G.","Introduction","Native Shell Mounds of North America: Early Studies","","","","","","1986","2025-05-27 00:19:17","2025-05-27 00:19:17","","xi-xxiv","","","","","","","","","","","Garland","New York","","","","","","","","","","","","","","Trigger, B.G.","","","","","","","","","","","","","","","","","","","","","","","","","","","","","","","","","","","","","","","","","","","","",""
"239CQDCK","book","2019","Toupin, Julie","Rendonner vie à une collection : les terres cuites communes du Fort la Tour","","1-78969-383-7 978-1-78969-383-6","","","","","2019","2025-05-27 00:19:17","2025-05-27 00:19:17","","","","","","","","","Access Archaeology","","","","Archaeopress Publishing Ltd.","Oxford","French","","","WorldCat.org","","","","","","","","","","","","","","","","","","","","","","","","","","","","","","","","","","","","","","","","","","","","","","","","","","","","","","",""
"RUBJXVEJ","book","1984","Tuck, James A.","Maritime provinces prehistory","","0660107597 (pbk.)","","","","","1984","2025-05-27 00:19:17","2025-05-27 00:19:17","","","x, 102 p.","","","","","","Canadian prehistory series","","","","Archaeological Survey of Canada, National Museum of Man, National Museums of Canada","Ottawa","","","","","1919074","","","","<p>85125879<br/>James A. Tuck.<br/>ill. (some col.) ; 23 cm.<br/>Bibliography: p. 97.<br/>Includes index.</p>","","","Indians of North America Maritime Provinces Antiquities.; Maritime Provinces Antiquities.","","","","","","","","","","","","","","","","","","","","","","","","","","","","","","","","","","","","","","","","","","","","","","",""
"IPULRI8L","journalArticle","1975","Tuck, James A.","A SUMMARY OF ATLANTIC PROVINCES PREHISTORY","Bulletin (Canadian Archaeological Association)","","0315-761X","","http://www.jstor.org/stable/41242400","","1975","2025-05-27 00:19:17","2025-05-27 00:19:17","2021-05-16 19:40:48","122-144","","7","","","","","","","","","","","","","","","","JSTOR","","","","","http://www.jstor.org/stable/pdfplus/10.2307/41242400.pdf?acceptTC=true","","","","","","","","","","","","","","","","","","","","","","","","","","","","","","","","","","","","","","","","","","","","","","","",""
"S7UQ67TE","bookSection","2012","Thierry, Eric","French Settlement, 1603-1604","Saint Croix Island Maine: History, Archaeology, and Interpretation","","","","","","2012","2025-05-27 00:19:17","2025-05-27 00:19:17","","13-30","","","","","","","","","","","Maine Historic Preservation Commission and the Maine Archaeological Society","Augusta","","","","","","","","","","","","","","Pendery, Steven R.","","","","","","","","","","","","","","","","","","","","","","","","","","","","","","","","","","","","","","","","","","","","",""
"G7IZ98VS","journalArticle","1972","Tallman, R.D.; Tallman, J.I.","The Diplomatic Search for the St. Croix River","Acadiensis: Journal of the History of the Atlantic Region","","","","","","1972","2025-05-27 00:19:17","2025-05-27 00:19:17","","59-71","","2","1","","","","","","","","","","","","","","","","","","","","","","","","","","","","","","","","","","","","","","","","","","","","","","","","","","","","","","","","","","","","","","","","","","","",""
"QZJ6SH9I","bookSection","2013","Suttie, Brent","When War Last Came to the Beautiful River: Archaeological Evidence of Colonel Robert Monckton's 1758-59 St. John River Campaign","Underground New Brunswick: Stories of Archaeology","978-1-77108-095-8","","","","","2013","2025-05-27 00:19:17","2025-05-27 00:19:17","","97-106","","","","","","","","","","","Nimbus Publishing","Halifax, NS","English","","","","","","","","","","","","","Erickson, P.; Fowler, J.","","","","","","","","","","","","","","","","","","","","","","","","","","","","","","","","","","","","","","","","","","","","",""
"WDFY4RHT","bookSection","2013","Suttie, Brent","Fortuitous Finds and the Archaic Period in Southwestern New Brunswick","Underground New Brunswick: Stories of Archaeology","978-1-77108-095-8","","","","","2013","2025-05-27 00:19:17","2025-05-27 00:19:17","","1-6","","","","","","","","","","","Nimbus Publishing","Halifax, NS","English","","","","","","","","","","","","","Erickson, P.; Fowler, J.","","","","","","","","","","","","","","","","","","","","","","","","","","","","","","","","","","","","","","","","","","","","",""
"T9Z7JE7P","thesis","2014","Thériault, Christian C. L.","Sampling past milieux : the Upsalquitch River Forks area geoarchaeological survey","","","","","","","2014","2025-05-27 00:19:17","2025-05-27 00:19:17","","","","","","","","","","","","","","","English","","","WorldCat.org","","","","","<p>xxv, 462 leaves : illustrations, maps (some colour) ; 28 cm</p>","","","","","","","","","","","","","","","","","","","","","","","","","","","","","","","","","","","","","","","","","","","","","","","","","",""
"IXMVQQT4","journalArticle","1979","Teskey, H.J.; Turnbull, Christopher J.","Diptera Puparia from Pre-Historic Graves","The Canadian Entomologist","","","","","","1979","2025-05-27 00:19:17","2025-05-27 00:19:17","","527-528","","4","111","","","","","","","","","","","","","","","","","","","","","","","","","","","","","","","","","","","","","","","","","","","","","","","","","","","","","","","","","","","","","","","","","","","",""
"P6LGPKE2","journalArticle","2011","Taché, Karine","New Perspectives on Meadowood Trade Items","American Antiquity","","","","","","2011","2025-05-27 00:19:17","2025-05-27 00:19:17","","41-80","","1","76","","","","","","","","","","","","","","","","","","","","","","","","","","","","","","","","","","","","","","","","","","","","","","","","","","","","","","","","","","","","","","","","","","","",""
"ZENZ9ZU9","journalArticle","2011","Suttie, Brent D.","A Preliminary Examination of a Shark Tooth Recovered During Matthew's 1883 Excavations at Bocabec, NB","Manuscript on File","","","","","","2011","2025-05-27 00:19:17","2025-05-27 00:19:17","","","","","","","","","","","","","","","","","","","","","","","","","","","","","","","","","","","","","","","","","","","","","","","","","","","","","","","","","","","","","","","","","","","","","","","","",""
"F8T24XUJ","report","2008","Suttie, Brent","Executive Summary of Results of Lower Saint John River Survey - 2007","","","","","","","2008","2025-05-27 00:19:17","2025-05-27 00:19:17","","","","","","","","","","","","Manuscript on file","Archaeological Services Unit, Heritage Branch, New Brunswick Department of Wellness, Culture and Sport","Fredericton","","","","","","","","","","","","","","","","","","","","","","","","","","","","","","","","","","","","","","","","","","","","","","","","","","","","","","","","","","",""
"WSHX8HHB","report","2007","Suttie, Brent","Executive Summary of Results of Lower Saint John River Survey - 2006","","","","","","","2007","2025-05-27 00:19:17","2025-05-27 00:19:17","","","","","","","","","","","","Manuscript on file","Archaeological Services Unit, Heritage Branch, New Brunswick Department of Wellness, Culture and Sport","Fredericton","","","","","","","","","","","","","","","","","","","","","","","","","","","","","","","","","","","","","","","","","","","","","","","","","","","","","","","","","","",""
"528VZV4B","book","2007","Suttie, Brent","A Contribution to the Archaic Period in Southwestern New Brunswick","","","","","","","2007","2025-05-27 00:19:17","2025-05-27 00:19:17","","","","","16","","","","Occasional Papers in Northeastern Archaeology","","","","Copetown Press","St. John's","","","","","","","","","","","","","","","Ramsden, Peter","","","","","","","","","","","","","","","","","","","","","","","","","","","","","","","","","","","","","","","","","","","",""
"D453ULAD","bookSection","2013","Summerby-Murray, Robert","""Beneath the Marshes There"" Historical Maps, Dykes, and the Aboiteaux of Tantramar","Underground New Brunswick: Stories of Archaeology","978-1-77108-095-8","","","","","2013","2025-05-27 00:19:17","2025-05-27 00:19:17","","74-84","","","","","","","","","","","Nimbus","Halifax, NS","English","","","","","","","","","","","","","Erickson, P.; Fowler, J.","","","","","","","","","","","","","","","","","","","","","","","","","","","","","","","","","","","","","","","","","","","","",""
"67NLSKQU","journalArticle","2018","Stoddard, Theodore","Transcript of recorded oral history with Theodore (Ted) Stoddard on April 12, 2018 Society for American Archaeology 83rd Annual Meeting, Washington Marriott Woodman Park, Washington, D.C. – with review and minor edits by Ted done in May 2018","","","","","","","2018","2025-05-27 00:19:17","2025-05-27 00:19:17","","","","","","","","","","","","","","","","","","","","","","","","","","","","Gatees, Irene","","","","","","","","","","","","","","","","","","","","","","","","","","","","","","","","","","","","","","","","","","","","",""
"YTW2KVB7","book","1967","Stoddard, Natalie B.; Nova Scotia Museum.","Micmac foods","","","","","","","1967","2025-05-27 00:19:17","2025-05-27 00:19:17","","","7 p.","","","","","","","","","","Nova Scotia Museum","Halifax,","","","","","1771519","","","","<p>76481359<br/>CP68-80<br/>by Natalie B. Stoddard.<br/>illus. 24 cm.<br/>Cover title.<br/>Reprinted from Journal of education (Nova Scotia Dept. of Education), Feb. 1966.</p>","","","Micmac Indians Food.","","","","","","","","","","","","","","","","","","","","","","","","","","","","","","","","","","","","","","","","","","","","","","",""
"LTM6XEFK","thesis","2006","Suttie, Brent","Archaic Period Archaeological Research in the Interior of New Brunswick","","","","","","","2006","2025-05-27 00:19:17","2025-05-27 00:19:17","","","","","","","","","","","","","University of New Brunswick","Fredericton","","","","","","","","","","","","","","","","","","","","","","","","","","","","","","","","","","","","","","","","","","","","","","","","","","","","","","","","","","",""
"CKTBXGMA","bookSection","2004","Stewart, Francis L.","Micuwakonuwa 12: Food and subsistence: zooarchaeological materials","Wolastoqiyik Ajemseg: The People of the Beautiful River at Jemseg","1-55396-320-2","","","https://www2.gnb.ca/content/dam/gnb/Departments/thc-tpc/pdf/Arch/MIA36english.pdf","","2004","2025-05-27 00:19:17","2025-05-27 00:19:17","","127-130","","","2: Archaeological Results","","","Wolastoqiyik Ajemseg","New Brunswick Manuscripts in Archaeology","36E","","","Archaeological Services, Heritage Branch Culture and Sport Secretariat","Fredericton, N.B.","en","","","","","","","","","","","","","Blair, Susan","","","","","","","","","","","","","","","","","","","","","","","","","","","","","","","","","","","","","","","","","","","","",""
"HHWI2NIJ","bookSection","2004","Stewart, Francis L.","Micuwakonuwa 11: Food and subsistence: plant remains","Wolastoqiyik Ajemseg: The People of the Beautiful River at Jemseg","1-55396-320-2","","","https://www2.gnb.ca/content/dam/gnb/Departments/thc-tpc/pdf/Arch/MIA36english.pdf","","2004","2025-05-27 00:19:17","2025-05-27 00:19:17","","123-126","","","2: Archaeological Results","","","Wolastoqiyik Ajemseg","New Brunswick Manuscripts in Archaeology","36E","","","Archaeological Services, Heritage Branch Culture and Sport Secretariat","Fredericton, N.B.","en","","","","","","","","","","","","","Blair, Susan","","","","","","","","","","","","","","","","","","","","","","","","","","","","","","","","","","","","","","","","","","","","",""
"T3TGCGIR","journalArticle","1994","Stewart, Frances L.; Allen, Patricia","A History of the New Brunswick Archaeological Society","Fieldnotes: the Newsletter of the New Brunswick Archaeological Society","","","","","","1994","2025-05-27 00:19:17","2025-05-27 00:19:17","","5,-11","","1 (January)","1","","","","","","","","","","","","","","","","","","","","","","","","","","","","","","","","","","","","","","","","","","","","","","","","","","","","","","","","","","","","","","","","","","","",""
"GSS4JPP8","manuscript","1992","Stewart, F. L.","Faunal remains excavated in 1991 from a large hearth on the Enclosure Park site (CfDj 33), Newcastle, New Brunswick","","","","","","","1992","2025-05-27 00:19:17","2025-05-27 00:19:17","","","","","","","","","","","","","","Ms. on file, Archaeological Services of New Brunswick, Fredericton","","","","","","","","","","","","","","","","","","","","","","","","","","","","","","","","","","","","","","","","","","","","","","","","","","","","","","","","","","",""
"7M5WAXFT","manuscript","1992","Stewart, F. L.","Analysis of the faunal remains from an Acadian hearth on the Enclosure site, Newcastle, New Brunswick","","","","","","","1992","2025-05-27 00:19:17","2025-05-27 00:19:17","","","","","","","","","","","","","","Ms. on file, Archaeological Services of New Brunswick, Fredericton","","","","","","","","","","","","","","","","","","","","","","","","","","","","","","","","","","","","","","","","","","","","","","","","","","","","","","","","","","",""
"NAM5WMBB","bookSection","1981","Stewart, F. L.","Summary of faunal remains from the Oxbow site","the Oxbow Site: Chronology and Prehistory in northeastern New Brunswick","","","","","","1981","2025-05-27 00:19:17","2025-05-27 00:19:17","","Appendix-E","","","","","","","New Brunswick Manuscripts in Archaeology","#1","","","Archaeological Services of New Brunswick","","","","","","","","","","","","","","","","","","","","","","","","","","","","","","","","","","","","","","","","","","","","","","","","","","","","","","","","","","","",""
"8NQW77NU","manuscript","1981","Stewart, F. L.","Faunal remains from the Delorey Island site (BjCj9) of Nova Scotia","","","","","","","1981","2025-05-27 00:19:17","2025-05-27 00:19:17","","","","","","","","","","","","","","Ms. on file, Faunal Osteoarchaeology Lab, Department of Anthropology, University of Toronto","","","","","","","","","","","","","","","","","","","","","","","","","","","","","","","","","","","","","","","","","","","","","","","","","","","","","","","","","","",""
"L2NEEGU5","manuscript","1980","Stewart, F. L.","Analysis of the faunal remains from the prehistoric Minister's Island site, New Brunswick","","","","","","","1980","2025-05-27 00:19:17","2025-05-27 00:19:17","","","","","","","","","","","","","","Ms. on file, Archaeological Services of New Brunswick, Fredericton","","","","","","","","","","","","","","","","","","","","","","","","","","","","","","","","","","","","","","","","","","","","","","","","","","","","","","","","","","",""
"RINWXJLY","manuscript","1979","Stewart, F. L.","Analysis of faunal remains the deeply stratified Oxbow site in New Brunswick","","","","","","","1979","2025-05-27 00:19:17","2025-05-27 00:19:17","","","","","","","","","","","","","","Ms. on file, Archaeological Services of New Brunswick, Fredericton","","","","","","","","","","","","","","","","","","","","","","","","","","","","","","","","","","","","","","","","","","","","","","","","","","","","","","","","","","",""
"SWI7RUD2","journalArticle","1989","Stewart, Frances L.","Seasonal Movements of Indians in Acadia as Evidenced by Historical Documents and Vertebrate Faunal Remains from Archaeological Sites","Man in the Northeast","","","","","","1989","2025-05-27 00:19:17","2025-05-27 00:19:17","","55-77","","","38","","","","","","","","","","","","","","","","","","","","","","","","","","","","","","","","","","","","","","","","","","","","","","","","","","","","","","","","","","","","","","","","","","","",""
"NGL2YA49","bookSection","1987","Stewart, F. L.","A faunal sample excavated from Beaubears Island, New Brunswick in the summer of 1977","An Archaeological Survey of Beaubears Island, 1977","","","","","","1987","2025-05-27 00:19:17","2025-05-27 00:19:17","","Appendix-A, pp. 43-48","","","","","","","New Brunswick Manuscripts in Archaeology","#20","","","Archaeological Services of New Brunswick","","","","","","","","","","","","","","","Allen, P.","","","","","","","","","","","","","","","","","","","","","","","","","","","","","","","","","","","","","","","","","","","","",""
"DVMF96HC","manuscript","1982","Stewart, F. L.","Analysis of the faunal remains from the Adena Augustine Burial Mound in New Brunswick","","","","","","","1982","2025-05-27 00:19:17","2025-05-27 00:19:17","","","","","","","","","","","","","","Ms. on file, Archaeological Services of New Brunswick, Fredericton","","","","","","","","","","","","","","","","","","","","","","","","","","","","","","","","","","","","","","","","","","","","","","","","","","","","","","","","","","",""
"RHVKLPKJ","manuscript","1978","Stewart, F. L.","Analysis of faunal remains from an historic site, European Beaubears Island, New Brunswick","","","","","","","1978","2025-05-27 00:19:17","2025-05-27 00:19:17","","","","","","","","","","","","","","Ms. on file, Archaeological Services of New Brunswick, Fredericton","","","","","","","","","","","","","","","","","","","","","","","","","","","","","","","","","","","","","","","","","","","","","","","","","","","","","","","","","","",""
"85HANR6M","journalArticle","1976","Stewart, F. L.","Coyote in New Brunswick during prehistoric times","Nature Canada","","","","","","1976","2025-05-27 00:19:17","2025-05-27 00:19:17","","27","","1","5","","","","","","","","","","","","","","","","","","","","","","","","","","","","","","","","","","","","","","","","","","","","","","","","","","","","","","","","","","","","","","","","","","","",""
"Q8K32YUW","bookSection","2006","Spiess, Arthur; Mosher, John","Archaic Period Hunting and Fishing Around the Gulf of Maine","The Archaic of the Far Northeast","","","","","","2006","2025-05-27 00:19:17","2025-05-27 00:19:17","","383-408","","","","","","","","","","","The University of Maine Press","Orono, Maine","","","","","","","","","","","","","","Sanger, David; Renouf, M. A. P.","","","","","","","","","","","","","","","","","","","","","","","","","","","","","","","","","","","","","","","","","","","","",""
"4F68U7QN","bookSection","1989","Spiess, Arthur E.; Wilson, Deborah","Paleoindian lithic distribution in the New England-Maritimes region","Eastern Paleoindian Lithic Resource Use","","","","","","1989","2025-05-27 00:19:17","2025-05-27 00:19:17","","75-97","","","","","","","","","","","Westview Press","Boulder","","","","","","","","","","","","","","Ellis, Christopher J.; Lothrop, Jonathan C.","","","","","","","","","","","","","","","","","","","","","","","","","","","","","","","","","","","","","","","","","","","","",""
"SFGE66WN","bookSection","2002","Spiess, Arthur E.","Looking South from the New England-Maritimes Region","Ice Age Peoples of Pennsylvania","","","","","","2002","2025-05-27 00:19:17","2025-05-27 00:19:17","","145-149","","","","","","","","","","","Pennsylvania Historical and Museum Commission","Harrisburg","","","","","","","","","","","","","","Carr, Kurt W.; Adovasio, J. M.","","","","","","","","","","","","","","","","","","","","","","","","","","","","","","","","","","","","","","","","","","","","",""
"3TCDYJ25","manuscript","1974","Stewart, F. L.","Analysis of faunal remains from the Early to Middle Woodland Carson site in New Brunswick","","","","","","","1974","2025-05-27 00:19:17","2025-05-27 00:19:17","","","","","","","","","","","","","","Ms. on file, Archaeological Survey of Canada, Canadian Museum of Civilization, Ottawa","","","","","","","","","","","","","","","","","","","","","","","","","","","","","","","","","","","","","","","","","","","","","","","","","","","","","","","","","","",""
"44U8MZAG","thesis","2009","Stapelfeldt, Kora","A Form and Function Study of Precontact Pottery from Atlantic Canada","","","","","","","2009","2025-05-27 00:19:17","2025-05-27 00:19:17","","","165","","","","","","","","","","Memorial University of Newfoundland","St. John's","","","","","","","","","","","","","","","","","","","","","","","","","","","","","","","","","","","","","","","","","","","","","","","","","","","","","","","","","","",""
"N9SP5ZUS","report","2010","Stantec; Patton, A. Katherine","Final Report: Archaeological Excavation at Mill Brook Bridge No. 1 Replacement","","","","","","","2010","2025-05-27 00:19:17","2025-05-27 00:19:17","","","","","","","","","","","","","Archaeological Services,  New Brunswick Department of Wellness, Culture and Sport","Fredericton","","","","","","","","","","","","","","","","","","","","","","","","","","","","","","","","","","","","","","","","","","","","","","","","","","","","","","","","","","",""
"I5WHPNXB","report","2015","Stantec; Holyoke, Ken; Thériault, Christian; Bourgeois, Vincent","Sisson Project: 2014 Analytical Report for the Archaeological Site Area (CcDs-2, CcDs-3, CcDs-5) Within the Open Pit Area - Addendum to Archaeological Field Research Permit Final Report (Permit Nos. 2014NB55 and 2014NB57)","","","","","","","2015","2025-05-27 00:19:17","2025-05-27 00:19:17","","","","","","","","","","","","Report Submitted to Archaeological Services, New Brunswick Department of Tourism, Heritage and Culture","","Fredericton","","","","","","","","","","","","","","","","","","","","","","","","","","","","","","","","","","","","","","","","","","","","","","","","","","","","","","","","","","",""
"FDXPQWJN","journalArticle","2012","Spiess, Arthur; Halliwell, David","Mud Lake Stream Site, Spednic Lake (BkDw-5), New Brunswick, Canada: Calcined Fish Bone Identifications and Re-Examinations","Maine Archaeological Society Bulletin","","","","","","2012","2025-05-27 00:19:17","2025-05-27 00:19:17","","1-11","","","","","","","","","","","","","","","","","","","","","","","","","","","","","","","","","","","","","","","","","","","","","","","","","","","","","","","","","","","","","","","","","","","","","","",""
"ZCNLQVT2","journalArticle","1998","Spiess, Arthur E.; Wilson, Deborah; Bradley, James W.","Paleoindian Occupation in the New England-Maritimes Region: Beyond Cultural Ecology","Archaeology of Eastern North America","","","","","","1998","2025-05-27 00:19:17","2025-05-27 00:19:17","","201-264","","","26","","","","","","","","","","","","","","","","","","","","","","","","","","","","","","","","","","","","","","","","","","","","","","","","","","","","","","","","","","","","","","","","","","","",""
"GF8TVSMA","bookSection","1992","Spiess, Arthur E.","Archaic Period Subsistence in New England and the Atlantic Provinces","Early Holocene Occupation in Northern New England","","","","","","1992","2025-05-27 00:19:17","2025-05-27 00:19:17","","163-185","","","9","","","","Occasional Publications in Maine Archaeology","","","","Maine Historic Preservation Commission","Augusta","","","","","","","","","","","","","","Robinson, Brian S.; Petersen, James B.; Robinson, Ann S.","","","","","","","","","","","","","","","","","","","","","","","","","","","","","","","","","","","","","","","","","","","","",""
"HXSQ3M4V","journalArticle","1988","Spiess, Arthur E.","On New England Shell Middens: Response to Sanger's Cautionary Tale","American Antiquity","","","","","","1988","2025-05-27 00:19:17","2025-05-27 00:19:17","","174-177","","1","53","","","","","","","","","","","","","","","","","","","","","","","","","","","","","","","","","","","","","","","","","","","","","","","","","","","","","","","","","","","","","","","","","","","",""
"KNWQZ3KA","manuscript","1988","Spiess, A. E.","Report on tooth sectioning for three sites on Passamaquoddy Bay","","","","","","","1988","2025-05-27 00:19:17","2025-05-27 00:19:17","","","","","","","","","","","","","","Ms. on file, Department of Anthropology, University of New Brunswick","","","","","","","","","","","","","","","","","","","","","","","","","","","","","","","","","","","","","","","","","","","","","","","","","","","","","","","","","","",""
"YRTSGC3Z","journalArticle","1946","Speck, Frank G.; Hadlock, Wendell S.","A Report on Tribal Boundaries and Hunting Areas of the Malecite Indian of New Brunswick","American Anthropologist","","0002-7294","","http://www.jstor.org/stable/662702","","1946","2025-05-27 00:19:17","2025-05-27 00:19:17","2021-05-16 19:35:59","355-374","","3","48","","","","","","","","","","","","","","","JSTOR","","","","","http://www.jstor.org/stable/pdfplus/10.2307/662702.pdf?acceptTC=true","","","","","","","","","","","","","","","","","","","","","","","","","","","","","","","","","","","","","","","","","","","","","","","",""
"YSBPYS92","journalArticle","1952","Speck, Frank G; Dexter, Ralph W.","Utilization of Animals and Plants by Malecite Indians of New Brunswick","Journal of the Washington Academy of Sciences","","","","","","1952","2025-05-27 00:19:17","2025-05-27 00:19:17","","1-7","","1","42","","","","","","","","","","","","","","","","","","","","","","","","","","","","","","","","","","","","","","","","","","","","","","","","","","","","","","","","","","","","","","","","","","","",""
"BQDJJJCE","journalArticle","1951","Speck, Frank G; Dexter, Ralph W.","Utilization of animals and plants by the Micmac Indians of New Brunswick","Journal of the Washington Academy of Sciences","","","","","","1951","2025-05-27 00:19:17","2025-05-27 00:19:17","","250-259","","8","41","","","","","","","","","","","","","","","","","","","","","","","","","","","","","","","","","","","","","","","","","","","","","","","","","","","","","","","","","","","","","","","","","","","",""
"6CT5WXDR","journalArticle","1924","Speck, Frank G","Reptile Lore of the Northern Indians","The Journal of American Folklore","","","","","","1924","2025-05-27 00:19:17","2025-05-27 00:19:17","","273-280","","141","36","","","","","","","","","","","","","","","","","","","","","","","","","","","","","","","","","","","","","","","","","","","","","","","","","","","","","","","","","","","","","","","","","","","",""
"W4YGEPLV","journalArticle","1988","Snow, Dean R.; Lanphear, Kim M.","European Contact and Indian Depopulation in the Northeast: The Timing of the First Epidemics","Ethnohistory","","","","","","1988","2025-05-27 00:19:14","2025-05-27 00:19:14","","15-33","","1","35","","","","","","","","","","","","","","","","","","","","","","","","","","","","","","","","","","","","","","","","","","","","","","","","","","","","","","","","","","","","","","","","","","","",""
"E6IGN7WT","journalArticle","1994","Snow, Dean R.","Recent Archaeological Research in the Northeastern United States and Eastern Canada","Journal of Archaeological Research","","","","","","1994","2025-05-27 00:19:14","2025-05-27 00:19:14","","199-220","","3","2","","","","","","","","","","","","","","","","","","","","","","","","","","","","","","","","","","","","","","","","","","","","","","","","","","","","","","","","","","","","","","","","","","","",""
"VPJR3NTT","book","1980","Snow, Dean R.","The archaeology of New England","","0-12-653950-2","","","","","1980","2025-05-27 00:19:14","2025-05-27 00:19:14","","","xiv, 379 p.","","","","","","New World archaeological record","","","","Academic Press","New York","","","","","4661835","","","","<p>80000982<br/>Dean R. Snow.<br/>ill. ; 24 cm.<br/>Bibliography: p. 345-362.<br/>Includes index.</p>","","","Excavations (Archaeology) New England.; Indians of North America New England Antiquities.; Indians of North America New England.; New England Antiquities.","","","","","","","","","","","","","","","","","","","","","","","","","","","","","","","","","","","","","","","","","","","","","","",""
"GY3EFLT6","journalArticle","1886","Smith, A.C.","On pre-historic remains and on an interment of the early French Period at Tabusintac, New Brunswick","Bulletin of the Natural History Society of New Brunswick","","","","","","1886","2025-05-27 00:19:14","2025-05-27 00:19:14","","14-19","","","5","","","","","","","","","","","","","","","","","","","","","","","","","","","","","","","","","","","","","","","","","","","","","","","","","","","","","","","","","","","","","","","","","","","",""
"NFKEINIR","book","1979","Simonsen, B.","Attrition of Coastal Archaeological Resources in the Maritime Provinces of Canada; Part II","","0-88838-002-X","","","","","1979","2025-05-27 00:19:14","2025-05-27 00:19:14","","","131","","","","","","The Council of Maritime Premiers Maritime Committee on Archaeological Cooperation Reports in Archaeology","no. 3","","","Council of Maritime Premieres","Halifax","","","","","","","","","","","","","","","","","","","","","","","","","","","","","","","","","","","","","","","","","","","","","","","","","","","","","","","","","","",""
"RUX5I8X9","book","1978","Simonsen, B.","Attrition of Coastal Archaeological Resources in the Maritime Provinces of Canada; Part I","","","","","","","1978","2025-05-27 00:19:14","2025-05-27 00:19:14","","","","","","","","","The Council of Maritime Premiers Maritime Committee on Archaeological Cooperation Reports in Archaeology","no. 2","","","Council of Maritime Premieres","Halifax","","","","","","","","","","","","","","","","","","","","","","","","","","","","","","","","","","","","","","","","","","","","","","","","","","","","","","","","","","",""
"KWQ88A7F","journalArticle","1975","Snow, Dean R.","The Passadumkeag Sequence","Arctic Anthropology","","","","","","1975","2025-05-27 00:19:14","2025-05-27 00:19:14","","46-59","","2","12","","","","","","","","","","","","","","","","","","<p>Papers from a Symposium on Moorehead and Maritime Archaic Problems in Northeastern North America</p>","","","","","","","","","","","","","","","","","","","","","","","","","","","","","","","","","","","","","","","","","","","","","","","","","",""
"B2BQ6JY9","journalArticle","1972","Snow, Dean R.","Rising Sea Level and Prehistoric Cultural Ecology in Northern New England","American Antiquity","","","","","","1972","2025-05-27 00:19:14","2025-05-27 00:19:14","","211-221","","2","37","","","","","","","","","","","","","","","","","","","","","","","","","","","","","","","","","","","","","","","","","","","","","","","","","","","","","","","","","","","","","","","","","","","",""
"ITY44SDC","bookSection","2008","Smith, Stuart","Natives of  America, 1760-1840","Building New Brunswick: An Architectural History","978-0-86492-504-6","","","","","2008","2025-05-27 00:19:14","2025-05-27 00:19:14","","39-74","","","","","","","","","","","Goose Lane Editions","","","","","","","","","","","","","","","","","","","","Leroux, John","","","","","","","","","","","","","","","","","","","","","","","","","","","","","","","","","","","","","","","",""
"B3WRQQRS","thesis","2018","Shaw, Christopher E.","A GIS approach to ancestral Wabanaki canoe routes and travel times","","","","","","","2018","2025-05-27 00:19:14","2025-05-27 00:19:14","","","","","","","","","","","","","University of New Brunswick","Fredericton","","","","","","","","","","","","","","","","","","","","","","","","","","","","","","","","","","","","","","","","","","","","","","","","","","","","","","","","","","",""
"79NND74D","thesis","1980","Sanger, Mary E.J.","William Francis Ganong, Regional Historian","","","","","","","1980","2025-05-27 00:19:14","2025-05-27 00:19:14","","","","","","","","","","","","","University of Maine","Orono","","","","","","","","","","","","","","","","","","","","","","","","","","","","","","","","","","","","","","","","","","","","","","","","","","","","","","","","","","",""
"DBY97BX3","bookSection","2012","Sanger, David","Appendix 2: Native Occupations on Saint Croix Island","Saint Croix Island, Maine: History, Archaeology, and Interpretation","","","","","","2012","2025-05-27 00:19:14","2025-05-27 00:19:14","","247-268","","","","","","","Occasional Publications in Maine Archaeology","","","","Maine Historic Preservation Commission and Maine Archaeological Society","Augusta","","","","","","","","","","","","","","Penderey, Steven R.","","","","","","","","","","","","","","","","","","","","","","","","","","","","","","","","","","","","","","","","","","","","",""
"B8B78IQK","journalArticle","2006","Sanger, David","Getting Started: Archaeology at Orono in the 1970s","Maine Archaeological Society Bulletin","","","","","","2006","2025-05-27 00:19:14","2025-05-27 00:19:14","","21-29","","2","46","","","","","","","","","","","","","","","","","","<p>Is this relevant?</p> <p> </p>","","","","","","","","","","","","","","","","","","","","","","","","","","","","","","","","","","","","","","","","","","","","","","","","","",""
"SKMMRE27","journalArticle","2002","Sanger, David","Archaeological Taxonomy: Beyond Typology to Behavior","Review of Archaeology","","","","","","2002","2025-05-27 00:19:14","2025-05-27 00:19:14","","5-11","","1","23","","","","","","","","","","","","","","","","","","","","","","","","","","","","","","","","","","","","","","","","","","","","","","","","","","","","","","","","","","","","","","","","","","","",""
"JNG9FVGW","journalArticle","1895","Hagar, Stansbury","Micmac Customs and Traditions","American Anthropologist","","","","","","1895","2025-05-27 00:19:11","2025-05-27 00:19:11","","31-42","","1","8","","","","","","","","","","","","","","","","","","","","","","","","","","","","","","","","","","","","","","","","","","","","","","","","","","","","","","","","","","","","","","","","","","","",""
"7DZE8KZA","bookSection","1981","Gyles, John","Memoirs of Odd Adventures, Strange Deliverances, Etc.","Puritans among the Indians: accounts of captivity and redemption, 1676-1724","","","","","","1981","2025-05-27 00:19:11","2025-05-27 00:19:11","","","","","","","","","","","","","Belknap Press of Harvard University Press","Cambridge","","","","","","","","","","","","","","Vaughan, Alden T.; Clark, Edward W.","","","","","","","","","","","","","","","","","","","","","","","","","","","","","","","","","","","","","","","","","","","","",""
"JQS8GG5P","book","1985","Hale, H. Louise","Archaeological survey and testing of the St. Croix River and Spednic and Palfrey Lakes, New Brunswick – 1984","","0-88838-340-1 978-0-88838-340-2","","","","","1985","2025-05-27 00:19:11","2025-05-27 00:19:11","","","79","","","","","","New Brunswick Manuscripts in Archaeology","14","","","Archaeology Branch, Dept. of Historical and Cultural Resources","Fredericton, N.B.","en","","","","","WorldCat","L19EH58 AR7 M294 no.14","","","","","","","","","","","","","","","","","","","","","","","","","","","","","","","","","","","","","","","","","","","","","","","","","","","",""
"AX6JFJI8","journalArticle","1896","Hagar, Stansbury","Micmac Magic and Medicine","The Journal of American Folklore","","","","","","1896","2025-05-27 00:19:11","2025-05-27 00:19:11","","170-177","","34","9","","","","","","","","","","","","","","","","","","","","","","","","","","","","","","","","","","","","","","","","","","","","","","","","","","","","","","","","","","","","","","","","","","","",""
"3ZMJWV53","journalArticle","1947","Hadlock, Wendell S.","The Significance of Certain Textiles Found at Redbank, New Brunswick, in Relation to the History of the Culture Area","Acadian Naturalist: Bullet of the Natural History Society of New Brunswick","","","","","","1947","2025-05-27 00:19:11","2025-05-27 00:19:11","","49-62","","8","2","","","","","","","","","","","","","","","","","","","","","","","","","","","","","","","","","","","","","","","","","","","","","","","","","","","","","","","","","","","","","","","","","","","",""
"I9BKWXXK","journalArticle","2010","Government of New Brunswick","Heritage Conservation Act","","","","","http://laws.gnb.ca/en/ShowPdf/cs/H-4.05.pdf","","2010","2025-05-27 00:19:11","2025-05-27 00:19:11","","","","","","","","","","","","","","","English; French","","","","","","","Publisher: Government of New Brunswick","","","","","","","","","","","","","","","","","","","","","","","","","","","","","","","","","","","","","","","","","","","","","","","","","","",""
"PSZFQTND","conferencePaper","2019","Gupta, Neha; Nicholas, Ramona; Blair, Sue","Why Digital Archaeology needs Post-colonial and Indigenous Perspectives","","","","","","","2019","2025-05-27 00:19:11","2025-05-27 00:19:11","","","","","","","","","","","","","","Fredericton","","","","","","","","","","","","","","","","","","","","","","","","","","","","","","","","","","","","","","","","","","","","Rural Issues Workshop","","","","","","","","","","","","","","",""
"VASCB5S8","journalArticle","2020","Gupta, Neha; Blair, Sue; Nicholas, Ramona","What We See, What We Don’t See: Data Governance, Archaeological Spatial Databases and the Rights of Indigenous Peoples in an Age of Big Data","Journal of Field Archaeology","","0093-4690 2042-4582","10.1080/00934690.2020.1713969","","","2020","2025-05-27 00:19:11","2025-05-27 00:19:11","","S39-S50","","sup1","45","","","","","","","","","","","","","","","","","","","","","","","","","","","","","","","","","","","","","","","","","","","","","","","","","","","","","","","","","","","","","","","","","","","",""
"TK9PQ3AD","book","1980","Gubbins, Joseph","New Brunswick Journals of 1811 & 1813","","","","","","","1980","2025-05-27 00:19:11","2025-05-27 00:19:11","","","","","","","","","","","","","Kings Landing Corporation","Fredericton","","","","","","","","","","","","","","Temperley, Howard","","","","","","","","","","","","","","","","","","","","","","","","","","","","","","","","","","","","","","","","","","","","",""
"6LCF6LP7","manuscript","1987","Gruspier, K.","The faunal remains from the Camp site (BgDq4), Bliss Islands, Quoddy Region, New Brunswick","","","","","","","1987","2025-05-27 00:19:11","2025-05-27 00:19:11","","","","","","","","","","","","","","Ms. on file, Faunal Osteoarchaeology Lab, Department of Anthropology, University of Toronto","","","","","","","","","","","","","","","","","","","","","","","","","","","","","","","","","","","","","","","","","","","","","","","","","","","","","","","","","","",""
"JCZP8QD7","report","2020","Group, Cultural Resource Management","Town of Woodstock Water Supply - Archaeological Impact Assessment Field Evaluation - 2019 Woodstock, New Brunswick","","","","","","","2020","2025-05-27 00:19:11","2025-05-27 00:19:11","","","","","","","","","","","","","On file at Archaeological Services Branch, New Brunswick Department of Tourism, Heritage and Culture","Bedford","","","","","","","","","","","","","","","","","","","","","","","","","","","","","","","","","","","","","","","","","","","","","","","","","","","","","","","","","","",""
"I2BKNRMX","journalArticle","1973","Government of New Brunswick","Historic Sites Protection Act","","","","","https://www.canlii.org/en/nb/laws/stat/rsnb-1973-c-h-6/latest/rsnb-1973-c-h-6.html","","1973","2025-05-27 00:19:11","2025-05-27 00:19:11","","","","","","","","","","","","","","","English; French","","","","","","","Publisher: Government of New Brunswick","","","","","","","","","","","","","","","","","","","","","","","","","","","","","","","","","","","","","","","","","","","","","","","","","","",""
"MS2MIHPZ","journalArticle","1893","Goodwin, W. L.","Notes on an old Indian encampment","Canadian Record of Science","","","","","","1893","2025-05-27 00:19:11","2025-05-27 00:19:11","","284-285","","","5","","","","","","","","","","","","","","","","","","","","","","","","","","","","","","","","","","","","","","","","","","","","","","","","","","","","","","","","","","","","","","","","","","","",""
"7JUFSM8W","journalArticle","1982","Gonzalez, Ellice B.","An Ethnohistorical Analysis of Micmac Male and Female Economic Roles","Ethnohistory","","","","","","1982","2025-05-27 00:19:11","2025-05-27 00:19:11","","117-129","","2","29","","","","","","","","","","","","","","","","","","","","","","","","","","","","","","","","","","","","","","","","","","","","","","","","","","","","","","","","","","","","","","","","","","","",""
"FARRGT7C","book","1981","Gonzalez, Ellice B.","Changing economic roles for Micmac men and women : an ethnohistorical analysis","","0316-1854 = 0316-1862 ;","","","","","1981","2025-05-27 00:19:11","2025-05-27 00:19:11","","","x, 157 p.","","","","","","Mercury Series","no 72 =","","","National Museums of Canada","Ottawa","","","","","925495","","E99.M6 G66 1981","","<p>82190675<br/>Ellice B. Gonzalez.<br/>ill. ; 27 cm.<br/>Summary in French.<br/>Includes bibliographical references.<br/>Paper (Canadian Ethnology Service) ; no. 72.<br/>Mercury series.</p>","","","Indians of North America Nova Scotia Economic conditions.; Indians of North America Nova Scotia Social conditions.; Micmac Indians Economic conditions.; Micmac Indians Social conditions.; Sex role Nova Scotia History.","","","","","","","","","","","","","","","","","","","","","","","","","","","","","","","","","","","","","","","","","","","","","","",""
"YHYBYN8P","thesis","2011","Gilbert, C. Drew","The Archaeology of the Deer Island Point Site (BfDr5), Charlotte County, New Brunswick","","","","","","","2011","2025-05-27 00:19:11","2025-05-27 00:19:11","","","","","","","","","","","","","University of New Brunswick","Fredericton","","","","","","","","","","","","","","","","","","","","","","","","","","","","","","","","","","","","","","","","","","","","","","","","","","","","","","","","","","",""
"64KQGJ37","conferencePaper","2005","Geoarchaeology, Developing International","Geology and Archaeology of Southwestern New Brunswick Field Trip Guide","","","","","","","2005","2025-05-27 00:19:11","2025-05-27 00:19:11","","","","","","","","","","","","","","","","","","","","","","","","","","","","","","","","","","","","","","","","","","","","","","","","","","","","","","","","","","","","","","","","","","","","","","","","",""
"46JKCBBV","bookSection","2013","Goguen, Daniel","Preserving A Golden Hawk","Underground New Brunswick: Stories of Archaeology","978-1-77108-095-8","","","","","2013","2025-05-27 00:19:11","2025-05-27 00:19:11","","137-147","","","","","","","","","","","Nimbus Publishing","Halifax, NS","English","","","","","","","","","","","","","Erickson, P.; Fowler, J.","","","","","","","","","","","","","","","","","","","","","","","","","","","","","","","","","","","","","","","","","","","","",""
"9DTPPC3Q","thesis","1997","Gliddeb-Hachey, Sandy","A Projectile Point Chronology for Native Sites on the Pokemouche River, N.B.","","","","","","","1997","2025-05-27 00:19:11","2025-05-27 00:19:11","","","","","","","","","","","","","University of New Brunswick","Fredericton","","","","","","","","","","","","","","","","","","","","","","","","","","","","","","","","","","","","","","","","","","","","","","","","","","","","","","","","","","",""
"7F57XBJI","journalArticle","2006","Gilbert, C. Drew; Gamblin, P.M.; Black, David W.","The Usual Suspects: Local Toolstones in Quoddy Region Archaeological Assemblages","","","","","","","2006","2025-05-27 00:19:11","2025-05-27 00:19:11","","","","","","","","","","","","","","","","","","","","","","","","","","","","","","","","","","","","","","","","","","","","","","","","","","","","","","","","","","","","","","","","","","","","","","","","",""
"ZSNUGJAM","journalArticle","2006","Gilbert, C. Drew; Gamblin, P.M.; Black, David W.","The Usual Suspects: Exotic Toolstones in Quoddy Region Archaeological Assemblages","","","","","","","2006","2025-05-27 00:19:11","2025-05-27 00:19:11","","","","","","","","","","","","","","","","","","","","","","","","","","","","","","","","","","","","","","","","","","","","","","","","","","","","","","","","","","","","","","","","","","","","","","","","",""
"R38IDF9Z","book","2003","Ganong, William Francis","Champlain's Island: An Expanded Edition of Ste. Croix (Dochet) Island","","","","","","","2003","2025-05-27 00:19:11","2025-05-27 00:19:11","","","","","","","","","","","","","New Brunswick Museum","Saint John","","","","","","","","","","","","","","","","","","","","","","","","","","","","","","","","","","","","","","","","","","","","","","","","","","","","","","","","","","",""
"5FDH79MW","journalArticle","1914","Ganong, W.F.","Supplement to Note 131 - The Ancient Portage Route from the Washademoak to Adjacent Waters","Bulletin of the Natural History Society of New Brunswick","","","","","","1914","2025-05-27 00:19:11","2025-05-27 00:19:11","","","","23-24","31","","","","","","","","","","","","","","","","","","","","","","","","","","","","","","","","","","","","","","","","","","","","","","","","","","","","","","","","","","","","","","","","","","","",""
"56JA7DUH","journalArticle","1913","Ganong, W.F.","Supplement to Note 125 - The Ancient Indian Portage Route from Gaspereau to Cains River","Bulletin of the Natural History Society of New Brunswick","","","","","","1913","2025-05-27 00:19:11","2025-05-27 00:19:11","","429-434","","","30","","","","","","","","","","","","","","","","","","","","","","","","","","","","","","","","","","","","","","","","","","","","","","","","","","","","","","","","","","","","","","","","","","","",""
"57RWJHNX","journalArticle","1913","Ganong, W. F.","Supplement to Note 126 - The Ancient Indian Portages from Salmon River to Richibucto","Bulletin of the Natural History Society of New Brunswick","","","","","","1913","2025-05-27 00:19:11","2025-05-27 00:19:11","","444-449","","","30","","","","","","","","","","","","","","","","","","","","","","","","","","","","","","","","","","","","","","","","","","","","","","","","","","","","","","","","","","","","","","","","","","","",""
"7HQI977U","journalArticle","1966","Fowler, William S.","Cache of Engraved Pebbles from New Brunswick","Bulletin of the Massachusetts Archaeological Society","","","","","","1966","2025-05-27 00:19:11","2025-05-27 00:19:11","","15-17","","1","28","","","","","","","","","","","","","","","","","","","","","","","","","","","","","","","","","","","","","","","","","","","","","","","","","","","","","","","","","","","","","","","","","","","",""
"2G3RIGM3","bookSection","2013","Fowler, Jonathan","Saint Croix Island, Archaeology, and the Memory of Firsts","Underground New Brunswick: Stories of Archaeology","978-1-77108-095-8","","","","","2013","2025-05-27 00:19:11","2025-05-27 00:19:11","","65-73","","","","","","","","","","","Nimbus","Halifax, NS","English","","","","","","","","","","","","","Erickson, P.; Fowler, J.","","","","","","","","","","","","","","","","","","","","","","","","","","","","","","","","","","","","","","","","","","","","",""
"R2JEDVT6","journalArticle","1870","Fowler, J.","On shell heaps","Smithsonian Institution Annual Report 1870","","","","","","1870","2025-05-27 00:19:11","2025-05-27 00:19:11","","389","","","25","","","","","","","","","","","","","","","","","","","","","","","","","","","","","","","","","","","","","","","","","","","","","","","","","","","","","","","","","","","","","","","","","","","",""
"LBYFJFKX","journalArticle","1913","Ganong, W. F.","An Organization of the Scientific Investigation of the Indian Place-nomenclature of the Maritime Provinces of Canada","Transactions of the Royal Society of Canada","","","","","","1913","2025-05-27 00:19:11","2025-05-27 00:19:11","","81-106","","","VII","","","","","","","","","","","","","","","","","","","","","","","","","","","","","","","","","","","","","","","","","","","","","","","","","","","","","","","","","","","","","","","","","","","",""
"FJ8ZJ5AH","journalArticle","1909","Ganong, W. F.","Notes on the natural history and physiography of New Brunswick: the physiographic characteristics of the upper Maine Southwest Miramichi River","Bulletin of the Natural History Society of New Brunswick","","","","","","1909","2025-05-27 00:19:11","2025-05-27 00:19:11","","85-110","","","27","","","","","","","","","","","","","","","","","","","","","","","","","","","","","","","","","","","","","","","","","","","","","","","","","","","","","","","","","","","","","","","","","","","",""
"JWLAFXQK","journalArticle","1906","Ganong, W. F.","Semi-fossil walrus bones from Miscou and elsewhere","New Brunswick Natural History Society, Bulletin","","","","","","1906","2025-05-27 00:19:11","2025-05-27 00:19:11","","462-464","","","24","","","","","","","","","","","","","","","","","","","","","","","","","","","","","","","","","","","","","","","","","","","","","","","","","","","","","","","","","","","","","","","","","","","",""
"VMDBGC4P","journalArticle","1886","Ganong, W. F.","Is Littorina littorea introduced or indigenous?","American Naturalist Extra","","","","","","1886","2025-05-27 00:19:11","2025-05-27 00:19:11","","","","November 1886","","","","","","","","","","","","","","","","","","","","","","","","","","","","","","","","","","","","","","","","","","","","","","","","","","","","","","","","","","","","","","","","","","","","",""
"JA7XTSPU","thesis","1981","Foulkes, E. V.","Fulton Island: a stratified site in the Saint John River Valley of New Brunswick","","","","","","","1981","2025-05-27 00:19:11","2025-05-27 00:19:11","","","","","","","","","","","","","Department of Anthropology, Trent University","","","","M.A. thesis","","","","","","","","","","","","","","","","","","","","","","","","","","","","","","","","","","","","","","","","","","","","","","","","","","","","","","","",""
"SCYN5KNB","journalArticle","1972","Fitzhugh, William","The Eastern Archaic: Commentary and Northern Perspective","Pennsylvania Archaeologist","","","","","","1972","2025-05-27 00:19:11","2025-05-27 00:19:11","","1-19","","4","42","","","","","","","","","","","","","","","","","","","","","","","","","","","","","","","","","","","","","","","","","","","","","","","","","","","","","","","","","","","","","","","","","","","",""
"VGKVY2GI","book","1988","Finley, Scott","The management of underwater cultural resources","","0-88838-329-0","","","","","1988","2025-05-27 00:19:11","2025-05-27 00:19:11","","","22, 23","","21","","","","","New Brunswick Manuscripts in Archaeology","","","Archaeological Services, Dept. of Tourism, Recreation and Heritage = Services d'archéologie, Ministère du tourisme, des loisirs et du patrimoine","Fredericton, N.B.","","","","","","","CA2 NB TOUARC M15 1988","","","","","","","","","","","","","","","","","","","","","","","","","","","","","","","","","","","","","","","","","","","","","","","","","","","",""
"EMI47XHE","bookSection","2013","Ferguson, Robert","Wolastoq: Commemorating A People","Underground New Brunswick: Stories of Archaeology","978-1-77108-095-8","","","","","2013","2025-05-27 00:19:11","2025-05-27 00:19:11","","55-64","","","","","","","","","","","Nimbus","Halifax, NS","English","","","","","","","","","","","","","Erickson, P.; Fowler, J.","","","","","","","","","","","","","","","","","","","","","","","","","","","","","","","","","","","","","","","","","","","","",""
"C7FS3IT9","journalArticle","1997","Ferguson, Robert","The Cultural Landscape of a National Park","CRM","","","","","","1997","2025-05-27 00:19:11","2025-05-27 00:19:11","","12-13","","4","20","","","","","","","","","","","","","","","","","","<p>This is about Kejimkujik, so remove?</p>","","","","","","","","","","","","","","","","","","","","","","","","","","","","","","","","","","","","","","","","","","","","","","","","","",""
"NPCCBJ5V","journalArticle","2001","Fiedel, Stuart J.","WHAT HAPPENED IN THE EARLY WOODLAND?","Archaeology of Eastern North America","","0360-1021","","http://www.jstor.org/stable/40914448","The Early Woodland period of Northeastern prehistory (3000 B.P. -1800 B.P. or 1200 cal -250 cal A. D.) presents major chronological, culture-historical and theoretical problems which have been infrequently discussed in the archaeological literature. A new technology (ceramics) was introduced, which presumably allowed more efficient food-processing, yet population appears to have declined dramatically throughout the region. In this article, I will examine the evidence for an Early Woodland population crisis, and suggest several possible causes for this unexplained and sometimes unrecognized phenomenon.","2001","2025-05-27 00:19:11","2025-05-27 00:19:11","2021-05-16 19:06:28","101-142","","","29","","","","","","","","","","","","","","","JSTOR","","","","","http://www.jstor.org/stable/pdfplus/10.2307/40914448.pdf?acceptTC=true","","","","","","","","","","","","","","","","","","","","","","","","","","","","","","","","","","","","","","","","","","","","","","","",""
"IPDMGDC7","book","1977","Fichter, George S.; Adney, Tappan","How to build an Indian canoe","","0-679-20352-4","","","","Describes the construction of a canoe as the Indians used to do it and discusses the distinctive features of the craft of various tribes.","1977","2025-05-27 00:19:11","2025-05-27 00:19:11","","","90 p.","","","","","","","","","","D. McKay","New York","","","","","4597474","","","","<p>76013252<br/>adapted by George S. Fichter.<br/>ill. ; 24 cm.<br/>Adaptation of E. T. Adney's The bark canoes and skin boats of North America.<br/>Includes index.</p>","","","Canoes and canoeing North America Juvenile literature.; Canoes and canoeing North America.; Indians of North America Boats Juvenile literature.; Indians of North America Boats.","","","","","","","","","","","","","","","","","","","","","","","","","","","","","","","","","","","","","","","","","","","","","","",""
"PYSEWXZ9","bookSection","1980","Ferguson, AM; Turnbull, CJ","Minister’s Island seawall: an experiment in archaeological site preservation","Proceedings of the 1980 Conference on the Future of Archaeology in the Maritime Provinces","","","","","","1980","2025-05-27 00:19:11","2025-05-27 00:19:11","","88-94","","","","","","","","","","","St. Mary's University Department of Anthropology","Halifax","","","","","","","","","","","","","","Schemabuku, D.M.","","","","","","","","","","","","","","","","","","","","","","","","","","","","","","","","","","","","","","","","","","","","",""
"52NCBERQ","book","1985","Ferguson, Albert M.","The 1983 northeastern New Brunswick survey: an archaeological reconaissance for historic sites in Caraquet Island, North Saint-Simon Bay, and the Grande Plaine of Miscou Island","","","","","","","1985","2025-05-27 00:19:11","2025-05-27 00:19:11","","","","","","","","The 1983 Northeastern New Brunswick Survey","New Brunswick Manuscripts in Archaeology","10E","","","Department of Historical and Cultural Resources","Fredericton, N.B.","","","","","","","","","","","","","","","","","","","","","","","","","","","","","","","","","","","","","","","","","","","","","","","","","","","","","","","","","","",""
"4UNV2E2C","book","2004","Ferguson, Albert","Guide to Heritage Resource Impact Assessment in New Brunswick","","1-55396-316-4","","","","","2004","2025-05-27 00:19:11","2025-05-27 00:19:11","","","34","","","","","","New Brunswick Manuscripts in Archaeology","no. 35","","","Culture & Sport Secretariat, Heritage Branch, Archaeological Services","Fredericton, N.B.","en","","","","","","","","","","","","","","","","","","","","","","","","","","","","","","","","","","","","","","","","","","","","","","","","","","","","","","","","","",""
"P3KIXHTI","journalArticle","2019","Favrhold, Kenneth C.","Indigenous Peoples Atlas of Canada","Cartographica: The International Journal for Geographic Information and Geovisualization","","0317-7173","","","","2019","2025-05-27 00:19:11","2025-05-27 00:19:11","","297-298","","4","54","","","","","","","","","","","","","","","WorldCat Discovery Service","","","","","","","","","","","","","","","","","","","","","","","","","","","","","","","","","","","","","","","","","","","","","","","","","","","","",""
"UZWF4VE7","book","2013","Erickson, Paul A; Fowler, Jonathan","Underground New Brunswick : stories of archaeology","","978-1-77108-095-8 1-77108-095-7","","","","","2013","2025-05-27 00:19:11","2025-05-27 00:19:11","","","xii, 164 p.","","","","","","","","","","Nimbus Publishing","Halifax, NS","English","","","WorldCat.org","","","","","","","","","","","","","","","","","","","","","","","","","","","","","","","","","","","","","","","","","","","","","","","","","","","","","","",""
"C9V7RCQV","book","1988","Ferguson, Albert M.","Indian Point Site – CiDf29 at Maceacherns Point, Northumberland County, New Brunswick","","0-88838-331-2 978-0-88838-331-0","","","","","1988","2025-05-27 00:19:11","2025-05-27 00:19:11","","","62","","","","","","New Brunswick Manuscripts in Archaeology","22E","","","Archaeological Services, Tourism, Recreation and Heritage","Fredericton, N.B.","en","","","","","WorldCat","E78 .N46 1988","","<ul style=""box-sizing: border-box; -webkit-font-smoothing: antialiased; margin: 0px; padding: 0px; list-style: none; color: #545454; font-family: Roboto, Helvetica, Arial, sans-serif; font-size: 14px; font-style: normal; font-variant-ligatures: normal; font-variant-caps: normal; font-weight: 400; letter-spacing: normal; orphans: 2; text-align: left; text-indent: 0px; text-transform: none; white-space: normal; widows: 2; word-spacing: 0px; -webkit-text-stroke-width: 0px; background-color: #ffffff; text-decoration-thickness: initial; text-decoration-style: initial; text-decoration-color: initial;""> <li style=""box-sizing: border-box; -webkit-font-smoothing: antialiased;"">Bibliography: p. 59-62.</li> </ul> <ul style=""box-sizing: border-box; -webkit-font-smoothing: antialiased; margin: 0px; padding: 0px; list-style: none; color: #545454; font-family: Roboto, Helvetica, Arial, sans-serif; font-size: 14px; font-style: normal; font-variant-ligatures: normal; font-variant-caps: normal; font-weight: 400; letter-spacing: normal; orphans: 2; text-align: left; text-indent: 0px; text-transform: none; white-space: normal; widows: 2; word-spacing: 0px; -webkit-text-stroke-width: 0px; background-color: #ffffff; text-decoration-thickness: initial; text-decoration-style: initial; text-decoration-color: initial;""> <li style=""box-sizing: border-box; -webkit-font-smoothing: antialiased;"">Issued also in French under title: Le site Indian Point (CiDf29) de MacEacherns Point, comté de Northumberland, Nouveau-Brunswick.</li> </ul>","","","","","","","","","","","","","","","","","","","","","","","","","","","","","","","","","","","","","","","","","","","","","","","","","",""
"G5HDPWWW","book","1983","Ferguson, Albert","Investigation at two localities in the St. John River Valley, central New Brunswick","","0-88838-330-4","","","","","1983","2025-05-27 00:19:11","2025-05-27 00:19:11","","","21","","4","","","","New Brunswick Manuscripts in Archaeology","","","","Archaeology Branch, Dept. of Tourism, Recreation and Heritage","Fredericton, N.B.","en","","","","","","","","","","","","","","","","","","","","","","","","","","","","","","","","","","","","","","","","","","","","","","","","","","","","","","","","","",""
"NV6HNUXT","bookSection","2002","Faulkner, Alaric","Acadian sites","Encyclopedia of Historical Archaeology","","","","","","2002","2025-05-27 00:19:11","2025-05-27 00:19:11","","pp.-1–4","","","","","","","","","","","Routledge, London","","","","","","","","","","","","","","","Orser, Charles E.","","","","","","","","","","","","","","","","","","","","","","","","","","","","","","","","","","","","","","","","","","","","",""
"C95WNZT2","journalArticle","2019","Farley, William A.; Fox, Amy N.; Hrynick, M. Gabriel","A Quantitative Dwelling-Scale Approach to the Social Implications of Maize Horticulture in New England","American Antiquity","","0002-7316 2325-5064","10.1017/aaq.2018.93","","","2019","2025-05-27 00:19:11","2025-05-27 00:19:11","","274-291","","02","84","","","","","","","","","","","","","","","","","","","","","","","","","","","","","","","","","","","","","","","","","","","","","","","","","","","","","","","","","","","","","","","","","","","",""
"5HSTFBUD","bookSection","1978","Erickson, V.O.","Maliseet-Passamaquoddy","Northeast","","","","","","1978","2025-05-27 00:19:11","2025-05-27 00:19:11","","123-136","","","15","","","","Handbook of North American Indians","","","","Smithsonian Institution","Washington","","","","","","","","","","","","","","Trigger, B.G.","Sturtevant, William C.","","","","","","","","","","","","","","","","","","","","","","","","","","","","","","","","","","","","","","","","","","","",""
"HKSTRUEY","journalArticle","1981","Ennals, Peter; Holdsworth, Deryck","Vernacular Architecture and the Cultural Landscape of the Maritime Provinces -- A Reconnaisance","Acadiensis","","","","","","1981","2025-05-27 00:19:11","2025-05-27 00:19:11","","86-106","","2","10","","","","","","","","","","","","","","","","","","","","","","","","","","","","","","","","","","","","","","","","","","","","","","","","","","","","","","","","","","","","","","","","","","","",""
"9RAGWRRK","manuscript","1980","Donahue Harmon, N.","Faunal report of the Fulton Island site (BlDn12), New Brunswick","","","","","","","1980","2025-05-27 00:19:11","2025-05-27 00:19:11","","","","","","","","","","","","","","Ms. on file, Archaeological Services of New Brunswick, Fredericton","","","","","","","","","","","","","","","","","","","","","","","","","","","","","","","","","","","","","","","","","","","","","","","","","","","","","","","","","","",""
"AGMVYURS","journalArticle","2000","Dignam, Darcy","The 1998 Field Season at Scovil","Fieldnotes: the Newsletter of the New Brunswick Archaeological Society","","","","","","2000","2025-05-27 00:19:11","2025-05-27 00:19:11","","15-21","","1 (Winter)","7","","","","","","","","","","","","","","","","","","","","","","","","","","","","","","","","","","","","","","","","","","","","","","","","","","","","","","","","","","","","","","","","","","","",""
"K253WJAQ","book","1933","Dièreville, Sieur de","Relation of the Voyage to Port Royal in Acadia Or New France","","978-0-8371-5058-1","","","https://books.google.ca/books?id=MELsAAAAMAAJ","","1933","2025-05-27 00:19:11","2025-05-27 00:19:11","","","","","","","","","","","","","Greenwood Press","","","","","","","","","","","","","","","","","","","","","","","","","","","","","","","","","","","","","","","","","","","","","","","","","","","","","","","","","","","",""
"CKELXSKG","book","1999","Dickinson, Pamela; Jeandron, Jason","Glacial Lake Madawaska Archaeological Survey 1998","","0-88838-361-4 978-0-88838-361-7","","","","","1999","2025-05-27 00:19:11","2025-05-27 00:19:11","","","33","","","","","","New Brunswick manuscripts in archaeology","30","","","Archaeological Services, Culture and Sport Secretariat","Fredericton, N.B.","en","","","","","WorldCat","L19EH58 AR7 M294 no.30","","<p><span style=""color: #545454; font-family: Roboto, Helvetica, Arial, sans-serif; font-size: 14px; font-style: normal; font-variant-ligatures: normal; font-variant-caps: normal; font-weight: 400; letter-spacing: normal; orphans: 2; text-align: left; text-indent: 0px; text-transform: none; white-space: normal; widows: 2; word-spacing: 0px; -webkit-text-stroke-width: 0px; background-color: #ffffff; text-decoration-thickness: initial; text-decoration-style: initial; text-decoration-color: initial; display: inline !important; float: none;"">Includes bibliographical references: p. 30-33.</span></p>","","","","","","","","","","","","","","","","","","","","","","","","","","","","","","","","","","","","","","","","","","","","","","","","","",""
"326IXFYS","journalArticle","1985","Doyle, Richard A.; Hamilton, Nathan D.; Petersen, James B.; Sanger, David","Late Paleo-Indian Remains from Maine and their Correlations in Northeastern Prehistory","Archaeology of Eastern North America","","0360-1021","","http://www.jstor.org/stable/40914250","Recent archaeological surveys and collection analyses in Maine have led to the identification of nine sites attributable to the Late Paleo-Indian period. The sites include both riverine and lacustrine locations and are defined on the basis of diagnostic lithic artifacts, primarily lanceolate parallel-flaked projectile points and other related forms. A detailed analysis of these lithic remains, coupled with a review of late Pleistocene-early Holocene environmental conditions and the site settings, are utilized to reconstruct human adaptation in Maine during the Late Paleo-Indian period, ca. 6,000 B.C. to 8,000 B.C. The cultural remains are also related to other materials known locally and throughout much of the Northeast, leading to tentative recognition of a distinctive, but poorly known, northeastern Late Paleo-Indian manifestation centered on the Great Lakes-St. Lawrence drainage.","1985","2025-05-27 00:19:11","2025-05-27 00:19:11","2021-05-16 19:04:17","1-34","","","13","","","","","","","","","","","","","","","JSTOR","","","","","http://www.jstor.org/stable/pdfplus/10.2307/40914250.pdf?acceptTC=true","","","","","","","","","","","","","","","","","","","","","","","","","","","","","","","","","","","","","","","","","","","","","","","",""
"ZWBLDM8C","conferencePaper","2012","Dignam, D. J.; Blair, S.E.; Blair, C.","The Preliminary Assessment of Site BgDq-38, New Brunswick’s First Intact Palaeoindian Site","","","","","","","2012","2025-05-27 00:19:11","2025-05-27 00:19:11","","","","","","","","","","","","","","Memphis","","","","","","","","","","","","","","","","","","","","","","","","","","","","","","","","","","","","","","","","","","","","77th Annual Meeting of the Society of American Archaeology","","","","","","","","","","","","","","",""
"P2FKDGLG","thesis","2008","Dickinson, Pamela Jeanne","Geomorphological processes and the development of the lower Saint John River human landscape","","","","","http://www.proquest.com/docview/843285664/abstract/D4A3FCE15C1F48FFPQ/1","The nature of human interaction with the landscape, both past and future, is an essential question for both geology and archaeology. Landscape elements are controlled in large part by long-term temporal processes and are recorded in the thick sedimentary deposits found within the lower Saint John River valley, New Brunswick. A 67 m continuous core was recovered through drilling at Grand Lake Meadows, located at the junction of Grand Lake and the Saint John River, approximately 55 km south of Fredericton, New Brunswick. Sediment samples were collected from the core to identify stages of development of the marsh land area and surrounding environs since deglaciation. Analytical tests include particle size analysis and atterberg limit determination, loss-on-ignition, x-ray diffraction, and ion chromatography. Organic samples were also collected for radiocarbon dating, which allowed for the development of chronological control of changes in both the environmental and archaeological record. The Grand Lake Meadows is interpreted as having evolved through four phases of development. Phase one starts with deglaciation and continues to ~11,500 BP. Deglaciation began into a marine environment, which was undergoing desalinization due to pulses of fresh water from melting ice and retreating glaciers. Phase two began ∼11,500 BP and continued until 8000 BP at which time there was major isostatic readjustment in the region. It was during phase two that the stratified Ancestral Grand Lake was established. Phase three began ∼8000 BP and continued until 3000 BP. Phase three represents an increased northern contribution or' fresh water and the demise of Ancestral Grand Lake. The lower Saint John River valley consisted of a fluvial dominated fresh water system, which likely initiated the down-cutting of the Reversing Falls gorge at the coast. During phase four, ∼3000 BP to present, marine water breached the Reversing Falls allowing saline water to penetrate into the lower Saint John River valley. This breaching at the falls led to the development of the modern river valley and Grand Lake Meadows. This landscape reconstruction, which documented change in the sediment system, landscape morphology, depositional histories and chronology, examines possible linkages between geological events and human activity within the Grand Lake Meadows system.","2008","2025-05-27 00:19:11","2025-05-27 00:19:11","2021-05-14 21:45:03","","306","","","","","","","","","","University of New Brunswick (Canada)","Canada","English","","Ph.D.","","","ProQuest","","","","","https://media.proquest.com/media/pq/classic/doc/2241525751/fmt/ai/rep/SPDF?cit%3Aauth=Dickinson%2C+Pamela+Jeanne&cit%3Atitle=Geomorphological+processes+and+the+development+of+the+lower+Saint+John+River+human+landscape&cit%3Apub=ProQuest+Dissertations+and+Theses&cit%3Avol=&cit%3Aiss=&cit%3Apg=&cit%3Adate=2008&ic=true&cit%3Aprod=ProQuest&_a=ChgyMDIxMDUxNDIxMzQ1MDU2Njo1Mzk4NzISBTk1ODEzGgpPTkVfU0VBUkNIIgwxMzEuMjAyLjM4LjQqBTE4NzUwMgk4NDMyODU2NjQ6DURvY3VtZW50SW1hZ2VCATBSBk9ubGluZVoCRlRiA1BGVGoKMjAwOC8wMS8wMXIKMjAwOC8xMi8zMXoAggEqUC0xMDA4NzUyLTE0NjExLVBFUlBFVFVBTC0xMDAwMDIwNS00MzgzMDA2kgEGT25saW5lygFzTW96aWxsYS81LjAgKFdpbmRvd3MgTlQgMTAuMDsgV2luNjQ7IHg2NCkgQXBwbGVXZWJLaXQvNTM3LjM2IChLSFRNTCwgbGlrZSBHZWNrbykgQ2hyb21lLzkwLjAuNDQzMC4yMTIgU2FmYXJpLzUzNy4zNtIBFkRpc3NlcnRhdGlvbnMgJiBUaGVzZXOaAgdQcmVQYWlkqgIlT1M6RU1TLURvd25sb2FkUGRmLWdldE1lZGlhVXJsRm9ySXRlbcoCE0Rpc3NlcnRhdGlvbi9UaGVzaXPSAgFZ4gIBTvICAPoCAU6CAwNXZWKKAxxDSUQ6MjAyMTA1MTQyMTM0NTA1NjI6NjMyMjYx&_s=dhctMyZZsZsHBSobLjlFuMf8zY4%3D","Earth sciences; Saint John River valley; Sedimentary deposits","","","","","","","","","","","","","","","","","","","","","","","","","","","","","","","","","","","","","","","","","","","","","","",""
"56ATQ7MN","thesis","2001","Dickinson, Pamela J.","Late Maritime Woodland (Ceramic) and Paleoindian End Scrapers: Stone Tool Technology","","","","","","","2001","2025-05-27 00:19:11","2025-05-27 00:19:11","","","","","","","","","","","","","University of Maine","Orono","","","","","","","","","","","","","","","","","","","","","","","","","","","","","","","","","","","","","","","","","","","","","","","","","","","","","","","","","","",""
"JJEFQRYZ","book","1908","Denys, Nicolas","Description and Natural History of the Coasts of North America (Acadia)","","","","","","","1908","2025-05-27 00:19:11","2025-05-27 00:19:11","","","","","","","","","","","","","The Champlain Society","Toronto","","","","","","","","","","","","","","","Ganong, William F.","","","","","","","","","","","","","","","","","","","","","","","","","","","","","","","","","","","","","","","","","","","",""
"LU23GHCY","bookSection","2006","Deal, Michael; Rutherford, Douglas E.; Murphy, Brent M.; Buchanan, Scott","Rethinking the Archaic Sequence for the Maritime Provinces","The Archaic of the Far Northeast","","","","","","2006","2025-05-27 00:19:11","2025-05-27 00:19:11","","253-284","","","","","","","","","","","University of Maine Press","Orono","","","","","","","","","","","","","","Sanger, David; Renouf, M. A. P.","","","","","","","","","","","","","","","","","","","","","","","","","","","","","","","","","","","","","","","","","","","","",""
"882G7QBS","bookSection","1993","Deal, Michael; Morton, June; Foulkes, Ellen","The Role of Ceramics Among the Prehistoric Hunter-Gatherers of the Maine-Maritimes Region: a View from the New Brunswick Interior","Prehistoric Archaeology in the Maritime Provinces: Past & Present Research","","","","","","1993","2025-05-27 00:19:11","2025-05-27 00:19:11","","171-196","","","","","","","The Council of Maritime Premiers Maritime Committee on Archaeological Cooperation Reports in Archaeology","No. 8","","","","Fredericton","","","","","","","","","","","","","","Deal, Michael; Blair, Susan","","","","","","","","","","","","","","","","","","","","","","","","","","","","","","","","","","","","","","","","","","","","",""
"296K6H7C","bookSection","2007","Dickinson, Pamela J.; Broster, Bruce E.","Aboriginal Utilisation of Coastal Tidal Ponds from Southwestern New Brunswick: Implications for Geoarchaeology","Reconstructing Human-Landscape Interactions","","","","","","2007","2025-05-27 00:19:11","2025-05-27 00:19:11","","","","","","","","","","","","","Cambridge Scholars Publishing","Newcastle","","","","","","","","","","","","","","Wilson, Lucy; Dickinson, Pamela J.; Jeandron, Jason","","","","","","","","","","","","","","","","","","","","","","","","","","","","","","","","","","","","","","","","","","","","",""
"BNTW5KX7","bookSection","2004","Dickinson, Pamela","Wisoki Pihce 15: The Palaeoindian Period","Wolastoqiyik Ajemseg: The People of the Beautiful River at Jemseg","1-55396-320-2","","","https://www2.gnb.ca/content/dam/gnb/Departments/thc-tpc/pdf/Arch/MIA36english.pdf","","2004","2025-05-27 00:19:11","2025-05-27 00:19:11","","199-206","","","2: Archaeological Results","","","Wolastoqiyik Ajemseg","New Brunswick Manuscripts in Archaeology","36E","","","Archaeological Services, Heritage Branch Culture and Sport Secretariat","Fredericton, N.B.","en","","","","","","","","","","","","","Blair, Susan","","","","","","","","","","","","","","","","","","","","","","","","","","","","","","","","","","","","","","","","","","","","",""
"YB2G57SN","thesis","2007","Deweese, Brettan L.","Oral Traditions and the Archaeological Record of a Wabanaki Maritime Society","","","","","","","2007","2025-05-27 00:19:11","2025-05-27 00:19:11","","","","","","","","","","","","","Florida State University","Tallahassee","","","","","","","","","","","","","","","","","","","","","","","","","","","","","","","","","","","","","","","","","","","","","","","","","","","","","","","","","","",""
"JK6IJVJB","report","1972","Development, High Country Research and","Mount Carleton Provincial Park","","","","","","","1972","2025-05-27 00:19:11","2025-05-27 00:19:11","","","","","","","","","","","","","","","","","","","","","","","<p>Archaeological sites described and a map included</p>","","","","","","","","","","","","","","","","","","","","","","","","","","","","","","","","","","","","","","","","","","","","","","","","","",""
"HYER7B5Y","bookSection","2019","Deal, Michael; Farell, Thomas; Hartery, Latonia; Harris, Alison; Sanders, Michael","Ceramic Use by Middle and Late Woodland Foragers of the Maritime Provinces","Ceramics in Circumpolar Prehistory: Technology, Lifeways and Cuisine","","","","","","2019","2025-05-27 00:19:11","2025-05-27 00:19:11","","","","","","","","","","","","","","","","","","","","","","","","","","","","Jordan, Peter","","","","","","","","","","","","","","","","","","","","","","","","","","","","","","","","","","","","","","","","","","","","",""
"R9SV9NI9","book","1993","Deal, Michael; Blair, Susan","Prehistoric archaeology in the Maritime Provinces: past and present research","","0-88838-341-X 978-0-88838-341-9","","","","","1993","2025-05-27 00:19:11","2025-05-27 00:19:11","","","","","","","","","The Council of Maritime Premiers Maritime Committee on Archaeological Cooperation Reports in Archaeology","no. 8","","","Published for the Council of Maritime Premiers, Maritime Committee on Archaeological Cooperation by New Brunswick Archaeological Services, Cultural Affairs, Dept. of Municipalities, Culture and Housing","[Fredericton]","English","","","WorldCat.org","","","","","<p>(Canada)</p>","","","","","","","","","","","","","","","","","","","","","","","","","","","","","","","","","","","","","","","","","","","","","","","","","",""
"227ALSK9","book","2016","Deal, Michael","The Collection of Ages: Precontact Archaeology of the Maritime Provinces","","","","","","","2016","2025-05-27 00:19:11","2025-05-27 00:19:11","","","","","","","","","","","","","Printing Services, Memorial University","St. John's","","","","","","","","","","","","","","","","","","","","","","","","","","","","","","","","","","","","","","","","","","","","","","","","","","","","","","","","","","",""
"T2BNYAM6","journalArticle","1990","Deal, Michael","Exploratory Analysis of Food Residues from Prehistoric Pottery and Other Artifacts from Eastern Canada","Society for Archaeological Sciences Bulletin","","","","","","1990","2025-05-27 00:19:11","2025-05-27 00:19:11","","6-11","","","13","","","","","","","","","","","","","","","","","","","","","","","","","","","","","","","","","","","","","","","","","","","","","","","","","","","","","","","","","","","","","","","","","","","",""
"Q4XJ5U4K","journalArticle","1986","Deal, Michael","Late Archaic and Ceramic Period Utilization of the Mud Lake Stream Site, Southwestern New Brunswick","Man in the Northeast","","","","","","1986","2025-05-27 00:19:11","2025-05-27 00:19:11","","67-94","","","32","","","","","","","","","","","","","","","","","","","","","","","","","","","","","","","","","","","","","","","","","","","","","","","","","","","","","","","","","","","","","","","","","","","",""
"YD3ES5CK","journalArticle","2008","Deal, Michael","Paleoethnobotanical Research in the Maritime Peninsula","North Atlantic Archaeology","","","","","","2008","2025-05-27 00:19:11","2025-05-27 00:19:11","","1-24","","","1","","","","","","","","","","","","","","","","","","","","","","","","","","","","","","","","","","","","","","","","","","","","","","","","","","","","","","","","","","","","","","","","","","","",""
"FA6YWWRF","bookSection","2002","Deal, Michael","Aboriginal Land and Resource Use in New Brunswick During the Late Prehistoric and Early Contact Periods","Northeast Subsistence-Settlement Change: A.D. 700-1300","","","","","","2002","2025-05-27 00:19:11","2025-05-27 00:19:11","","321-344","","","","","","","","","","","University of the State of New York, the State Education Department","Albany","","","","","","","","","","","","","","Hart, John P.; Rieth, Christina B.","","","","","","","","","","","","","","","","","","","","","","","","","","","","","","","","","","","","","","","","","","","","",""
"9PFIWUK7","journalArticle","1986","Deal, Michael","Popular Archaeology for the Maritimes: A Critical Discourse on the James Tuck's Maritime Provinces Prehistory","Teaching Anthropology Newsletter","","","","","","1986","2025-05-27 00:19:11","2025-05-27 00:19:11","","2-11","","","8","","","","","","","","","","","","","","","","","","","","","","","","","","","","","","","","","","","","","","","","","","","","","","","","","","","","","","","","","","","","","","","","","","","",""
"7RBL36PK","book","1985","Deal, Michael","Final Report on the 1983/1984 excavations at the Mud Lake Stream Site (BkDw5), Southwestern New Brunswick","","","","","","","1985","2025-05-27 00:19:11","2025-05-27 00:19:11","","","228","","","","","","New Brunswick Manuscripts in Archaeology","15","","","Archaeology Branch, Department of Historical and Cultural Resources","Fredericton, N.B.","en","","","","","WorldCat","E78 .N46 D53","","<ul style=""box-sizing: border-box; -webkit-font-smoothing: antialiased; margin: 0px; padding: 0px; list-style: none; color: #545454; font-family: Roboto, Helvetica, Arial, sans-serif; font-size: 14px; font-style: normal; font-variant-ligatures: normal; font-variant-caps: normal; font-weight: 400; letter-spacing: normal; orphans: 2; text-align: left; text-indent: 0px; text-transform: none; white-space: normal; widows: 2; word-spacing: 0px; -webkit-text-stroke-width: 0px; background-color: #ffffff; text-decoration-thickness: initial; text-decoration-style: initial; text-decoration-color: initial;""> <li style=""box-sizing: border-box; -webkit-font-smoothing: antialiased;"">Bibliography: p. 205-228</li> </ul>","","","","","","","","","","","","","","","","","","","","","","","","","","","","","","","","","","","","","","","","","","","","","","","","","",""
"AZAL4GX6","book","1979","Davis, Stephen A.; Christianson, David","Archaeological Resources in the Maritimes: A Coastal Survey - 1979","","0-88838-049-6","","","","","1979","2025-05-27 00:19:11","2025-05-27 00:19:11","","","97","","","","","","The Council of Maritime Premiers Maritime Committee on Archaeological Cooperation Reports in Archaeology","no. 4","","","Council of Maritime Premieres","Fredericton, N.B.","","","","","","","","","","","","","","","","","","","","","","","","","","","","","","","","","","","","","","","","","","","","","","","","","","","","","","","","","","",""
"XKDFMI33","book","1982","Davis, Stephen A.; Allen, Patricia M.; Keenlyside, David","Archaeological Resources in the Maritimes: 1980","","0-88838-322-3","","","","","1982","2025-05-27 00:19:11","2025-05-27 00:19:11","","","99","","","","","","The Council of Maritime Premiers Maritime Committee on Archaeological Cooperation Reports in Archaeology","no. 5","","","Council of Maritime Premieres","Fredericton, N.B.","","","","","","","","","","","","","","Turnbull, C.J.","","","","","","","","","","","","","","","","","","","","","","","","","","","","","","","","","","","","","","","","","","","","",""
"G9FQDE8P","book","1991","Davis, Stephen A.","The Micmac","","0-920427-28-6","","","","","1991","2025-05-27 00:19:11","2025-05-27 00:19:11","","","74 p.","","","","","","Peoples of the Maritimes","","","","Four East Publications","Tantallon, N.S.","","","","","1100542","","","","<p>92238335<br/>C91-97704-6<br/>Stephen A. Davis.<br/>ill., map ; 23 cm.<br/>Includes bibliographical references (p. 73-74).</p>","","","Micmac Indians History.; Micmac Indians Biography.","","","","","","","","","","","","","","","","","","","","","","","","","","","","","","","","","","","","","","","","","","","","","","",""
"D68R4C9A","journalArticle","1982","Davis, Stephen A.","A Late Archaic Cache/Burial From New Brunswick","Man in the Northeast","","","","","","1982","2025-05-27 00:19:11","2025-05-27 00:19:11","","135-146","","","24","","","","","","","","","","","","","","","","","","","","","","","","","","","","","","","","","","","","","","","","","","","","","","","","","","","","","","","","","","","","","","","","","","","",""
"2XDNCTTC","book","1978","Davis, Stephen A.","Teacher's Cove : a prehistoric site on Passamaquoddy Bay","","0888380003 (pbk.)","","","","","1978","2025-05-27 00:19:11","2025-05-27 00:19:11","","","64 p.","","","","","","New Brunswick archaeology","ser 1, no 1","","","Historical Resources Administration","Fredericton, N.B.","","","","","2781871","","","","<p>80484547<br/>C79-81782-9<br/>Stephen A. Davis.<br/>ill. ; 28 cm.<br/>Limited ed. of 300 copies; no. 231.<br/>Summary in French.<br/>Bibliography: p. 34-35.</p>","","","Indians of North America New Brunswick Antiquities.; New Brunswick Antiquities.; Teacher's Cove site, N.B.","","","","","","","","","","","","","","","","","","","","","","","","","","","","","","","","","","","","","","","","","","","","","","",""
"5ZPJRV6E","manuscript","1984","Deal, M.","Diggity (BjDu17): a Ceramic period site on Spednic Lake, New Brunswick","","","","","","","1984","2025-05-27 00:19:11","2025-05-27 00:19:11","","","","","","","","","","","","","","Ms. on file, Archaeological Services of New Brunswick, Fredericton","","","","","","","","","","","","","","","","","","","","","","","","","","","","","","","","","","","","","","","","","","","","","","","","","","","","","","","","","","",""
"QIQC8ZRZ","thesis","1975","Davis, Stephen A.","The Teacher's Cove Site: An Archaeological Study of a Prehistoric Site on the New Brunswick Coast","","","","","","","1975","2025-05-27 00:19:11","2025-05-27 00:19:11","","","","","","","","","","","","","Memorial University of Newfoundland","St. John's","","","","","","","","","","","","","","","","","","","","","","","","","","","","","","","","","","","","","","","","","","","","","","","","","","","","","","","","","","",""
"PWVNM3WS","thesis","1987","Davis, S. A.","Man, molluscs and mammals: a study of land use and resources in the late Holocene of the Maritime Provinces of Canada","","","","","","","1987","2025-05-27 00:19:11","2025-05-27 00:19:11","","","","","","","","","","","","","University of Oxford","","","","Ph.D. thesis","","","","","","","","","","","","","","","","","","","","","","","","","","","","","","","","","","","","","","","","","","","","","","","","","","","","","","","",""
"H8UUQ6AX","bookSection","2013","Dagneau, Charles","The Wreck of the Machault: Investigation of a 1760 Naval Battlefield at the Battle of the Restigouche National Historic Site","Underground New Brunswick: Stories of Archaeology","978-1-77108-095-8","","","","","2013","2025-05-27 00:19:11","2025-05-27 00:19:11","","85-96","","","","","","","","","","","Nimbus","Halifax, NS","English","","","","","","","","","","","","","Erickson, P.; Fowler, J.","","","","","","","","","","","","","","","","","","","","","","","","","","","","","","","","","","","","","","","","","","","","",""
"2P98YUE6","journalArticle","1998","Cunningham, Ron; Black, David W.","Native Artifacts from Maugerville","Fieldnotes: the Newsletter of the New Brunswick Archaeological Society","","","","","","1998","2025-05-27 00:19:11","2025-05-27 00:19:11","","7-8","","1","5","","","","","","","","","","","","","","","","","","","","","","","","","","","","","","","","","","","","","","","","","","","","","","","","","","","","","","","","","","","","","","","","","","","",""
"PLQMGMNG","book","1976","Cunningham, Robert J.; Prince, John B.; Prince, John Blackney","Tamped clay and saltmarsh hay : artifacts of New Brunswick","","0-88790-083-6 978-0-88790-083-9","","","","","1976","2025-05-27 00:19:11","2025-05-27 00:19:11","","","","","","","","","","","","","Brunswick Press","[Fredericton, N.B.]","English","","","WorldCat.org","","","","","<p>(John Blakney)</p>","","","","","","","","","","","","","","","","","","","","","","","","","","","","","","","","","","","","","","","","","","","","","","","","","",""
"SPXV5DR7","thesis","1984","Crotts, A.","Pattern and Variation in Prehistoric Lithic Resource Exploitation in the Passamaquoddy Bay Region, Charlotte County, New Brunswick","","","","","","","1984","2025-05-27 00:19:11","2025-05-27 00:19:11","","","","","","","","","","","","","University of Maine","Orono","","","","","","","","","","","","","","","","","","","","","","","","","","","","","","","","","","","","","","","","","","","","","","","","","","","","","","","","","","",""
"XGYHSRGH","journalArticle","1977","Connolly, J.","Archeology in Nova Scotia and New Brunswick Between 1863 and 1914 and its Relationship to the Development of North American Archeology","Man in the Northeast","","","","","","1977","2025-05-27 00:19:09","2025-05-27 00:19:09","","3-34","","","13","","","","","","","","","","","","","","","","","","","","","","","","","","","","","","","","","","","","","","","","","","","","","","","","","","","","","","","","","","","","","","","","","","","",""
"2IA5EL7K","thesis","1976","Connolly, J.","Archaeology in Nova Scotia and New Brunswick between 1863 and 1914 and its relationship to the development of North American Archaeology","","","","","","","1976","2025-05-27 00:19:09","2025-05-27 00:19:09","","","","","","","","","","","","","Department of Anthropology, Saint Mary's University","Halifax","","","B.A. Honours thesis","","","","","","","","","","","","","","","","","","","","","","","","","","","","","","","","","","","","","","","","","","","","","","","","","","","","","","","",""
"88P2B8NQ","journalArticle","2014","Crist, Thomas A.; Sorg, Marcella H.","Adult scurvy in New France: Samuel de Champlain's “Mal de la terre” at Saint Croix Island, 1604–1605","International Journal of Paleopathology","","18799817","10.1016/j.ijpp.2014.04.002","","","2014","2025-05-27 00:19:09","2025-05-27 00:19:09","","95-105","","","5","","","","","","","","","","","","","","","","","","","","","","","","","","","","","","","","","","","","","","","","","","","","","","","","","","","","","","","","","","","","","","","","","","","",""
"SBI3R2SF","journalArticle","2002","Crader, Diana C.","Zooarchaeological Literature in Northeastern North America","Archaeofauna: International Journal of archaeozoology","","","","","","2002","2025-05-27 00:19:09","2025-05-27 00:19:09","","159-172","","","11","","","","","","","","","","","","","","","","","","","","","","","","","","","","","","","","","","","","","","","","","","","","","","","","","","","","","","","","","","","","","","","","","","","",""
"SFEATG8H","report","1967","Coleman, Margaret","Acadian Settlement in the Atlantic Provinces","","","","","","","1967","2025-05-27 00:19:09","2025-05-27 00:19:09","","","","","","","","","","","","Manuscript Reports","Parks Canada","Ottawa","","","","","","","","","","","","","","","","","","","","","","","","","","","","","","","","No. 8","","","","","","","","","","","","","","","","","","","","","","","","","","",""
"VVDPQT2E","bookSection","2013","Claus, Jo Anne","The Ordnance Buildings Secret Stores","Underground New Brunswick: Stories of Archaeology","978-1-77108-095-8","","","","","2013","2025-05-27 00:19:09","2025-05-27 00:19:09","","117-126","","","","","","","","","","","Nimbus Publishing","Halifax, NS","English","","","","","","","","","","","","","Erickson, P.; Fowler, J.","","","","","","","","","","","","","","","","","","","","","","","","","","","","","","","","","","","","","","","","","","","","",""
"8RVH2HCC","book","2016","Clarke, George Frederick","Someone Before Us: Buried History in Central New Brunswick","","","","","","","2016","2025-05-27 00:19:09","2025-05-27 00:19:09","","","","","","","","","","","","","Chapel Street Editions","Woodstock, New Brunswick","","","","","","","","","","","","","","Bernard, Mary","","","","","","","","","","","","","","","","","","","Expanded Fourth Edition","","","","","","","","","","","","","","","","","","","","","","","","","",""
"8YXBVKXR","book","1968","Clarke, George Frederick","Someone before us; our Maritime Indians","","","","","","","1968","2025-05-27 00:19:09","2025-05-27 00:19:09","","","240 p.","","","","","","","","","","Brunswick Press","Fredericton, N.B.?","","","","","3712872","","","","<p>79403730<br/>C***<br/>illus., ports. 25 cm.<br/>Bibliographical footnotes.</p>","","","Indians of North America Maritime Provinces.; Nova Scotia History To 1763.","","","","","","","","","","","","","","","","","","","","","","","","","","","","","","","","","","","","","","","","","","","","","","",""
"SRU9TE8H","journalArticle","1960","Clarke, George Frederick","The Birch-Bark Canoe: Its Influence on Canada","Atlantic Advocate","","","","","","1960","2025-05-27 00:19:09","2025-05-27 00:19:09","","92-96","","","","","","","","","","","","","","","","","","","","","","","","","","","","","","","","","","","","","","","","","","","","","","","","","","","","","","","","","","","","","","","","","","","","","","",""
"D42L48N4","book","1960","Clarke, George Frederick","Six Salmon Rivers and Another","","","","","","","1960","2025-05-27 00:19:09","2025-05-27 00:19:09","","","","","","","","","","","","","Brunswick Press Ltd.","Fredericton","","","","","","","","","","","","","","","","","","","","","","","","","","","","","","","","","","","","","","","","","","","","","","","","","","","","","","","","","","",""
"E58GR8KT","report","1968","Coleman, K. A.; Wylie, E. A .","Ceramics from Fort Gaspereau, New Brunswick","","","","","","","1968","2025-05-27 00:19:09","2025-05-27 00:19:09","","","","","","","","","","","","","National Historic Parks and Sites Branch, Dept. of Indian and Northern Affairs","Ottawa","","","","","","","","","","","","","","","Parks Canada","","","","","","","","","","","","","","","","","No. 150","","","","","","","","","","","","","","","","","","","","","","","","","","",""
"WVHP73N6","manuscript","1963","Churcher, C. S.","Analysis of the mammal bones from three shell mound in St. Andrews, New Brunswick","","","","","","","1963","2025-05-27 00:19:09","2025-05-27 00:19:09","","","","","","","","","","","","","","Ms. on file, Archaeological Survey of Canada, Canadian Museum of Civilization, Ottawa","","","","","","","","","","","","","","","","","","","","","","","","","","","","","","","","","","","","","","","","","","","","","","","","","","","","","","","","","","",""
"XZWVU762","book","1986","Christie-Boyle, Fiona","Archaeological reconnaissance of Ste. Anne's Point, Fredericton, York County, New Brunswick","","0-88838-356-8 978-0-88838-356-3","","","","","1986","2025-05-27 00:19:09","2025-05-27 00:19:09","","","127","","","","","","New Brunswick Manuscripts in Archaeology","12E","","","Archaeology Branch, Dept. of Tourism, Recreation and Heritage","","en","","","","","WorldCat","L19EH58 AR7 M294 no.12","","","","","","","","","","","","","","","","","","","","","","","","","","","","","","","","","","","","","","","","","","","","","","","","","","","",""
"5E2NLKDH","journalArticle","1979","Christianson, David J.","The Use of Subsistence Strategy Descriptions in Determining Wabanaki Residence Location","The Journal of Anthropology at McMaster","","","","","","1979","2025-05-27 00:19:09","2025-05-27 00:19:09","","81-124","","1","5","","","","","","","","","","","","","","","","","","","","","","","","","","","","","","","","","","","","","","","","","","","","","","","","","","","","","","","","","","","","","","","","","","","",""
"V9IZ4KTF","journalArticle","1998","Chalifoux, Éric; Burke, Adrian L.; Chapdelaine, Claude","La préhistoire du Témiscouata","Paléo-Québec","","","","https://recherches-amerindiennes.qc.ca/site/produit/la-prehistoire-du-temiscouata-occupations-amerindiennes-dans-la-haute-vallee-de-wolastokuk-version-pdf-1996/","Cette monographie présente la synthèse des résultats d'un programme de recherche archéologique entrepris par le département d'anthropologie de l'Université de Montréal dans la région du Témiscouata entre 1989 et 1993.","1998","2025-05-27 00:19:09","2025-05-27 00:19:09","2021-12-16 19:33:19","","","","26","","","","Recherches amérindiennes au Québec","","","","","","French","","","","","","","","","","https://recherches-amerindiennes.qc.ca/site/produit/la-prehistoire-du-temiscouata-occupations-amerindiennes-dans-la-haute-vallee-de-wolastokuk-version-pdf-1996/","","","","","","","","","","","","","","","","","","","","","","","","","","","","","","","","","","","","","","","","","","","","","","","",""
"FNAR6HR2","book","1969","Caywood, Louis R.; Parks, Canada","Excavations at Fort Meductic, New Brunswick","","","","","","","1969","2025-05-27 00:19:09","2025-05-27 00:19:09","","","","","","","","","Manuscript report ; no. 123","","","","National Historic Parks and Sites Branch, Dept. of Indian and Northern Affairs","Ottawa","English","","","WorldCat.org","","","","","","","","","","","","","","","","","","","","","","","","","","","","","","","","","","","","","","","","","","","","","","","","","","","","","","",""
"LP7VBJHC","manuscript","1970","Burns, J.","BgDs6: faunal analysis","","","","","","","1970","2025-05-27 00:19:09","2025-05-27 00:19:09","","","","","","","","","","","","","","Ms. on file, Archaeological Survey of Canada, Canadian Museum of Civilization, Ottawa","","","","","","","","","","","","","","","","","","","","","","","","","","","","","","","","","","","","","","","","","","","","","","","","","","","","","","","","","","",""
"YKS7UWCG","journalArticle","1976","Burley, David V.","On the Spatial Analysis of a Plowed Site at Bartibog","Bulletin of the Canadian Archaeological Association","","","","","","1976","2025-05-27 00:19:09","2025-05-27 00:19:09","","82-105","","","8","","","","","","","","","","","","","","","","","","","","","","","","","","","","","","","","","","","","","","","","","","","","","","","","","","","","","","","","","","","","","","","","","","","",""
"7GQ2SZE9","journalArticle","1898","Chamberlain, Montague","The origin of Maliseets","The New Brunswick Magazine","","","","","","1898","2025-05-27 00:19:09","2025-05-27 00:19:09","","41-45","","1","1","","","","","","","","","","","","","","","","","","","","","","","","","","","","","","","","","","","","","","","","","","","","","","","","","","","","","","","","","","","","","","","","","","","",""
"B73WKZFH","journalArticle","1988","Cassidy, Gerald J.","George Frederic Matthew: Invertebrate Paleontologist","Geoscience Canada","","","","","","1988","2025-05-27 00:19:09","2025-05-27 00:19:09","","157-163","","2","15","","","","","","","","","","","","","","","","","","","","","","","","","","","","","","","","","","","","","","","","","","","","","","","","","","","","","","","","","","","","","","","","","","","",""
"KP3N9YXC","bookSection","1978","Burns, J.","The Faunal Analysis of Teachers Cove","Teachers Cove: A Prehistoric Site on Passamaquoddy Bay,","","","","","","1978","2025-05-27 00:19:09","2025-05-27 00:19:09","","36-38","","","","1","","","New Brunswick Archaeology Series","","","","Archaeological Services, Historical Resources Administration","Fredericton","","","","","","","","","","","","","","Davis, S.A.","","","","","","","","","","","","","","","","","","","","","","","","","","","","","","","","","","","","","","","","","","","","",""
"JMKM4CMN","manuscript","1970","Burns, J.","Accounts of faunal material from three sites near St. Andrews, New Brunswick","","","","","","","1970","2025-05-27 00:19:09","2025-05-27 00:19:09","","","","","","","","","","","","","","Ms. on file, Archaeological Survey of Canada, Canadian Museum of Civilization, Ottawa","","","","","","","","","","","","","","","","","","","","","","","","","","","","","","","","","","","","","","","","","","","","","","","","","","","","","","","","","","",""
"K5EP28LP","journalArticle","1981","Burley, David V.","Proto-Historic Ecological Effects of the Fur Trade on Micmac Culture in Northeastern New Brunswick","Ethnohistory","","","","","","1981","2025-05-27 00:19:09","2025-05-27 00:19:09","","203-216","","3","28","","","","","","","","","","","","","","","","","","","","","","","","","","","","","","","","","","","","","","","","","","","","","","","","","","","","","","","","","","","","","","","","","","","",""
"XHTWEZ7F","journalArticle","2009","Burke, Adrian L.","L’archéologie des Malécites Passé, présent et futur","Recherches amérindiennes au Québec","","","","","","2009","2025-05-27 00:19:09","2025-05-27 00:19:09","","7-24","","3","29","","","","","","","","","","","","","","","","","","","","","","","","","","","","","","","","","","","","","","","","","","","","","","","","","","","","","","","","","","","","","","","","","","","",""
"GEXKUKPA","bookSection","2006","Burke, Adrian L.","Paleoindian ranges in northeastern North America based on lithic raw materials sourcing","Notions de Territoire et de Mobilité: Exemples de l’Europe et des Premières Nations en Amérique du Nord Avantle Contact Européen","","","","","","2006","2025-05-27 00:19:09","2025-05-27 00:19:09","","1-14","","","","","","","","116","","","Etudes et Recherches Archéologiques de l’Université de Liège","Liège","","","","","","","","","","","","","","Bressy, C.; Burke, A.; Chalard, P.; Martin, H.","","","","","","","","","","","","","","","","","","","","","","","","","","","","","","","","","","","","","","","","","","","","",""
"6JWUW3ZD","journalArticle","2003","Burke, Adrian L.","Archetypal Landscapes and Seascapes: Coastal Versus Interior in the Archaeology of the Maritime Peninsula","Northeast Anthropology","","","","","","2003","2025-05-27 00:19:09","2025-05-27 00:19:09","","41-55","","","66","","","","","","","","","","","","","","","","","","","","","","","","","","","","","","","","","","","","","","","","","","","","","","","","","","","","","","","","","","","","","","","","","","","",""
"QQ2UEHSB","thesis","2000","Burke, Adrian L.","Lithic Procurement and the Ceramic Period Occupation of the Interior Maritime Peninsula","","","","","","","2000","2025-05-27 00:19:09","2025-05-27 00:19:09","","","","","","","","","","","","","University at Albany, State University of New York","Albany","","","","","","","","","","","","","","","","","","","","","","","","","","","","","","","","","","","","","","","","","","","","","","","","","","","","","","","","","","",""
"5G8H9BPA","thesis","1993","Burke, Adrian L.","The Pelletier Site (CkEe-9), Témiscouata: A Lithic Workshop and Habitation Site","","","","","","","1993","2025-05-27 00:19:09","2025-05-27 00:19:09","","","","","","","","","","","","","University of Montreal","Montreal","","","","","","","","","","","","","","","","","","","","","","","","","","","","","","","","","","","","","","","","","","","","","","","","","","","","","","","","","","",""
"2D49FPMV","journalArticle","2010","Buhay, Diane N.; Miller, Randall F.","The Natural History Society of New Brunswick Library: Supporting Geological Science","Earth Sciences History","","","","","","2010","2025-05-27 00:19:09","2025-05-27 00:19:09","","146-170","","1","29","","","","","","","","","","","","","","","","","","","","","","","","","","","","","","","","","","","","","","","","","","","","","","","","","","","","","","","","","","","","","","","","","","","",""
"AJUK6BE6","journalArticle","1976","Burley, David V.","An Archaeological Reconnaissance of Saint John, New Brunswick","Man in the Northeast","","","","","","1976","2025-05-27 00:19:09","2025-05-27 00:19:09","","33-40","","","12","","","","","","","","","","","","","","","","","","","","","","","","","","","","","","","","","","","","","","","","","","","","","","","","","","","","","","","","","","","","","","","","","","","",""
"EWZ7SZ4Z","thesis","1974","Burley, David V.","A series of prehistoric sites on the Miramichi River","","","","","","","1974","2025-05-27 00:19:09","2025-05-27 00:19:09","","","","","","","","","","","","","Department of Anthropology, University of New Brunswick","Fredericton","","","Unpublished M.A. thesis","","","","","","","","","","","","","","","","","","","","","","","","","","","","","","","","","","","","","","","","","","","","","","","","","","","","","","","",""
"XHF96E7I","bookSection","2001","Burke, Adrian L.","Témiscouata: traditional Maliseet Territory and connections between the St. Lawrence Valley and the St. John River Valley","Actes du Trente-Deuxième Congrès des algonquinistes","","","","","","2001","2025-05-27 00:19:09","2025-05-27 00:19:09","","61-73","","","","","","","","","","","University of Manitoba","Winnipeg","","","","","","","","","","","","","","Nichols, John D.","","","","","","","","","","","","","","","","","","","","","","","","","","","","","","","","","","","","","","","","","","","","",""
"MZRI9KE2","report","1989","Buchanan, Scott","Untitled Bullfrog Site (BlDo-4) Preliminary Report","","","","","","","1989","2025-05-27 00:19:09","2025-05-27 00:19:09","","","","","","","","","","","","Manuscript on file","Archaeological Services","Fredericton","","","","","","","","","","","","","","","","","","","","","","","","","","","","","","","","","","","","","","","","","","","","","","","","","","","","","","","","","","",""
"PSVIC6HK","journalArticle","1985","Bourque, Bruce J.; Whitehead, Ruth Holmes","Tarrentines and the Introduction of European Trade Goods in the Gulf of Maine","Ethnohistory","","","","","","1985","2025-05-27 00:19:09","2025-05-27 00:19:09","","327-341","","4","32","","","","","","","","","","","","","","","","","","<p>Is this relevant?</p>","","","","","","","","","","","","","","","","","","","","","","","","","","","","","","","","","","","","","","","","","","","","","","","","","",""
"57RI2VTY","bookSection","1994","Bourque, Bruce J.","Evidence for Prehistoric Exchange on the Maritime Peninsula","Prehistoric Exchange Systems in North America","978-1-4757-6231-0","","","https://doi.org/10.1007/978-1-4757-6231-0_2","For the purposes of this chapter, the Maritime Peninsula is a region bounded on the north by the Gulf of St. Lawrence and on the south by the Gulf of Maine, and includes the Maritime Provinces as well as parts of the Province of Quebec east of the Chaudiere River, and the state of Maine east of the Kennebec River. Interest in long-range exchange in this region goes back at least to DeLaguna’s (1946) speculations about the Eskimo origins of ground slate tools in the Northeast. Recent archaeological research reflects a heightened interest in the phenomenon (Brose 1979; Dragoo 1976; Granger 1978, 1980; Grayson 1970; Heckenberger et al. 1990; Loring 1985; Turnbull 1976, 1983, 1984, 1985, 1986).","1994","2025-05-27 00:19:09","2025-05-27 00:19:09","","23-46","","","","","","","","","","","Springer US","Boston, MA","","","","","","","","","","","","","","Baugh, Timothy G.; Ericson, Jonathon E.","","","","","","","","","","","","","","","","","","","","","","","","","","","","","","","","","","","","","","","","","","","","",""
"D5DH8HIC","journalArticle","1989","Bourque, Bruce J.","Ethnicity on the Maritime Peninsula, 1600-1759","Ethnohistory","","","","","","1989","2025-05-27 00:19:09","2025-05-27 00:19:09","","257-284","","3","36","","","","","","","","","","","","","","","","","","","","","","","","","","","","","","","","","","","","","","","","","","","","","","","","","","","","","","","","","","","","","","","","","","","",""
"IFLVFNAZ","thesis","2015","Brzezicki, Ashley B.","Getting a Handle on Ground Stone: A Technological Analysis of the Ground Stone Axes, Adzes, and Gouges in the George Frederick Clarke Collection","","","","","","","2015","2025-05-27 00:19:09","2025-05-27 00:19:09","","","","","","","","","","","","","University of New Brunswick","Fredericton","","","","","","","","","","","","","","","","","","","","","","","","","","","","","","","","","","","","","","","","","","","","","","","","","","","","","","","","","","",""
"9KAISZKR","book","2016","Brockmann, Mark E.; Keegan, Barry","Indigenous lithic sources of northeastern North America","","978-0-9755067-1-4","","","","","2016","2025-05-27 00:19:09","2025-05-27 00:19:09","","","123","","","","","","","","","","Mark Brockmann","Chesterville, Maine","","","","","","Portland Public Library","","","","","","New England; Indians of North America; Antiquities; Northeastern States; Stone implements","","","","","","","","","","","","","","","","","","","","","","","","","","","","","","","","","","","","","","","","","","","","","","",""
"2DWDU82X","journalArticle","2008","Bradley, James W.; Spiess, Arthur E.; Boisvert, Richard; Boudreau, Jeff","What's The Point?: Modal Forms and Attributes of Paleoindian Bifaces in the New England-Maritimes Region","Archaeology of Eastern North America","","","","","","2008","2025-05-27 00:19:09","2025-05-27 00:19:09","","119-172","","","36","","","","","","","","","","","","","","","","","","","","","","","","","","","","","","","","","","","","","","","","","","","","","","","","","","","","","","","","","","","","","","","","","","","",""
"GWVPQZKJ","bookSection","1994","Bourque, Bruce J.; Whitehead, Ruth Holmes","Trade and Alliances in the Contact Period","American Beginnings: Exploration, Culture, and Carography in the Land of Norumbega","","","","","","1994","2025-05-27 00:19:09","2025-05-27 00:19:09","","132-147","","","","","","","","","","","University of Nebraska Press","Lincoln and London","","","","","","","","","","","","","","Baker, Emerson W.; Churchill, Edwin H; D'Abate, Richard; Jones, Kristine L.; Konrad, Victor A.; Prins, Harald E. L.","","","","","","","","","","","","","","","","","","","","","","","","","","","","","","","","","","","","","","","","","","","","",""
"7V373CVU","book","2005","Bourgeois, Vincent; Suttie, Brent D.","Reconnaissances archéologiques récentes sur les rivières Nashwaak, Big Tracadie et Magaguadavic","","1-555396-471-3","","","https://www2.gnb.ca/content/dam/gnb/Departments/thc-tpc/pdf/Arch/MIA42FRRecentArchaeologicalSurveysontheNashwaak,BigTracadieandMagaguadavicRiver.pdf","","2005","2025-05-27 00:19:09","2025-05-27 00:19:09","","","26","","","","","","Manuscrits sur l’archéologie du Nouveau-Brunswick","42","","","Les Services d’archéologie, Direction du patrimoine Secrétariat à la Culture et au Sport","Fredericton, N.B.","fr","","","","","Open WorldCat","","","","","","","","","","","","","","","","","","","","","","","","","","","","","","","","","","","","","","","","","","","","","","","","","","","","",""
"CVTDQNED","book","2005","Bourgeois, Vincent; Suttie, Brent D.","Recent Archaeological Surveys on the Nashwaak, Big Tracadie and Magaguadavic Rivers","","978-1-55396-471-1","","","https://www2.gnb.ca/content/dam/gnb/Departments/thc-tpc/pdf/Arch/MIA42ENGRecentArchaeologicalSurveysontheNashwaak,BigTracadieandMagaguadavicRiver.pdf","This manuscript summarizes the results of three archaeological surveys conducted by the Archaeological Services Unit of New Brunswick between 2002 and 2004. All three projects focused on sextions of river drainages within the Province. A total of four archaeological sites were recorded during the Lower Nashwaak River survey, which covered a 34 km length of river between the Nashwaak Bridge and Marysville. The second survey focused on a 21 km section of the Big Tracadie River within the former Tracadie Range property, in which 22 archaeological sites were recorded. The Magagyadavic River survey was conducted on a 13 km section of the river between Pomeroy and Lee Settlement, resulting in the recording of 14 archaeological sites.","2005","2025-05-27 00:19:09","2025-05-27 00:19:09","","","25","","","","","","New Brunswick Manuscripts in Archaeology","42","","","New Brunswick Culture and Sport Secretariat, Heritage Branch, Archaeological Services","Fredericton, N.B.","en","","","","","Open WorldCat","","","<p>files/9/Bourgeois et al. - 2005 - Recent archaeological surveys on the Nashwaak, Big.pdf</p>","","","","","","","","","","","","","","","","","","","","","","","","","","","","","","","","","","","","","","","","","","","","","","","","","",""
"LC8GQNVR","conferencePaper","2007","Bourgeois, Vincent; Black, David W.; Blair, Susan E.; Edmonson, Kim M.; Perley, Karen; Suttie, Brent","Investigating Container Chronology, Technology, and Function as Indicators of the Pre-Contact Human Ecology of the Grand Lake Meadows, New Brunswick","","","","","","","2007","2025-05-27 00:19:09","2025-05-27 00:19:09","","","","","","","","","","","","","","St. John's, Newfoundland","","","","","","","","","","","","","","","","","","","","","","","","","","","","","","","","","","","","","","","","","","","","Annual Meeting of the Canadian Archaeological Association","","","","","","","","","","","","","","",""
"KWKCY99I","book","2005","Bourgeois, Vincent; Allen, Patricia","The Mitchell Site: 1998 Heritage Impact Assessment Project at Metepenagiag Mi'kmaq First Nation","","1-55396-451-9 978-1-55396-451-3","","","https://www2.gnb.ca/content/dam/gnb/Departments/thc-tpc/pdf/Arch/MIA38english.pdf","The Mitchell Site (CfDl-4) was the subject of a hasty yet fairly intensive and extensive testing project in August 1998.The site was first recorded and tested in 1977-78. In the summer of 1998 the site was found to be in immediate danger of complete destruction. Mr. Howard Augustine, a heritage conscious individual, intervened when he realized a bulldozer was intending to clear for a housing development what remained of the community’s historic waterfront along the Little Southwest Miramichi. The 1998 testing work was conducted with the permission of then Red Bank Chief the late Michael Augustine and his Council consisting of Wanda Ward, Donald Ward, Lindsay Tennas and Anthony Haddad.An archaeology team consisting of Patricia Allen, (Archaeological Services New Brunswick) and Rob Ferguson (Parks Canada,Atlantic Region) spent just under a week exploring the Mitchell Site by shovel tests. After completing sixty-two tests, the Mitchell Site was found to be extensive, an area approximately 350 meters long by 30 meters wide by 35 cm deep.The Mitchell Site was found to cover a surface area of at least half the size of the deeply stratified Oxbow National Historic site. It was however, a site of a different nature.The cultural material recovered was almost exclusively limited to chipping debris.The site is interpreted as a short term lithic workshop area, reused many times over the last 2600 years by fishermen awaiting their catch. On September 2nd, within two weeks of the August 1998 field assessment, a letter of report was compiled summarizing the results of the testing. The letter, from Dr. Christopher Turnbull, was sent to then Metepenagiag Mi’kmaq First Nation Chief Michael Augustine. In the fall of 1998 one new house was built in the area where the site was heavily concentrated. However, a second planned house did not go ahead as planned and a large section of the Mitchell Site today remains intact.","2005","2025-05-27 00:19:09","2025-05-27 00:19:09","","","17","","","","","The Mitchell Site","New Brunswick Manuscripts in Archaeology","38","","","Archaeological Services, Heritage Branch Culture and Sport Secretariat","Fredericton, N.B.","en","","","","","","","","","","","","","","","","","","","","","","","","","","","","","","","","","","","","","","","","","","","","","","","","","","","","","","","","","",""
"7YKAM6E9","bookSection","2004","Bourgeois, Vincent","'Tahtuwalotewa Naka 'Katkuhlewa 10: Pre-contact pottery artifacts","Wolastoqiyik Ajemseg: The People of the Beautiful River at Jemseg","1-55396-320-2","","","https://www2.gnb.ca/content/dam/gnb/Departments/thc-tpc/pdf/Arch/MIA36english.pdf","","2004","2025-05-27 00:19:09","2025-05-27 00:19:09","","117-126","","","2: Archaeological Results","","","Wolastoqiyik Ajemseg","New Brunswick Manuscripts in Archaeology","36E","","","Archaeological Services, Heritage Branch Culture and Sport Secretariat","Fredericton, N.B.","en","","","","","","","","","","","","","Blair, Susan","","","","","","","","","","","","","","","","","","","","","","","","","","","","","","","","","","","","","","","","","","","","",""
"QKTYU84P","thesis","1999","Bourgeois, Vincent","A Regional Pre-Contact Ceramic Sequence for the Saint John River Valley","","","","","","","1999","2025-05-27 00:19:09","2025-05-27 00:19:09","","","","","","","","","","","","","University of New Brunswick","Fredericton","","","","","","","","","","","","","","","","","","","","","","","","","","","","","","","","","","","","","","","","","","","","","","","","","","","","","","","","","","",""
"LYYZMKMF","bookSection","1993","Bonnichsen, Robson; Keenlyside, David; Turnmire, Karen","Palaeoindian Patterns in Maine and the Maritimes","Prehistoric Archaeology in the Maritime Provinces: Past & Present Research","","","","","","1993","2025-05-27 00:19:09","2025-05-27 00:19:09","","1-28","","","","","","","The Council of Maritime Premiers Maritime Committee on Archaeological Cooperation Reports in Archaeology","No. 8","","","","Fredericton","","","","","","","","","","","","","","Deal, Michael; Blair, Susan","","","","","","","","","","","","","","","","","","","","","","","","","","","","","","","","","","","","","","","","","","","","",""
"PRY5LVZB","book","2005","Bourgeois, Vincent; Allen, Patricia","Site Mitchell Projet d’étude d’impact sur le patrimoine éffectués en 1998 à la Première nation mi’kmaq de Matepenagiag","","1-555396-451-9","","","https://www2.gnb.ca/content/dam/gnb/Departments/thc-tpc/pdf/Arch/MIA38french.pdf","","2005","2025-05-27 00:19:09","2025-05-27 00:19:09","","","18","","","","","","Manuscrits sur l’archéologie du Nouveau-Brunswick","38","","","Les Services d’archéologie, Direction du patrimoine Secrétariat à la Culture et au Sport","Fredericton, N.B.","fr","","","","","","","","","","","","","","","","","","","","","","","","","","","","","","","","","","","","","","","","","","","","","","","","","","","","","","","","","",""
"AQN8VHJS","journalArticle","1977","Bonnichsen, Robson; Sanger, David","Integrating Faunal Analysis","Canadian Journal of Archaeology / Journal Canadien d’Archéologie","","0705-2006","","http://www.jstor.org/stable/41102184","One of the most important sources of information for reconstructing man's adaptive response to prehistoric environments is the faunal remains found in archaeological sites. This paper develops the view that faunal remains are not randomly distributed in archaeological sites; they may reflect patterned human behavior and may covary with other classes of archaeological data. A computer based data banking system is presented which may be used as a rapid organizational tool for isolating patterns in large and small quantities of faunal data. The interpretation of variance calls for the use of an interdisciplinary approach which entails a high degree of interaction between specialists throughout the project during the planning stages and during the interpretation of analytical results. Case example analyses of data from the Passamaquoddy Bay Archaeological Research Project, New Brunswick, are presented. The study is concluded with the suggestion that the acceptance of data banking methods and standardized systematics may provide the key for shifting the focus of faunal analysis research. These methods may permit analysts to change their focus from site specific studies to the consideration of cross-culture comparative questions regarding man's utilization of the faunal resource. Une des plus importantes sources d'information pour la reconstitution de la réponse de l'homme à l'environnement préhistorique est constituée par les restes animeaux que l'on trouve dans les sites archéologiques. Cette étude expose la théorie que les restes animaux ne sont pas répartis au hasard dans de tels sites; ils peuvent refléter un comportement humain spécifique et varier avec d'autres classes de témoins archéologiques. Un système ordinolingue d'enregistrement des données est présenté, qui peut servir d'outil organisationnel rapide pour isoler les patterns dans de grandes ou de petites quantités de données animales. L'interprétation des divergences nécessite le recours à une démarche interdisciplinaire qui suppose une abondante interaction entre les spécialistes de toute l'opération pendant les phases de planification et au cours de l'interprétation des résultats. Les analyses types des données provenant du Passamaquoddy Bay Archaeological Research Project au Nouveau-Brunswick y sont présentées. L'étude conclut en suggérant que l'adoption des méthodes d'enregistrement des données et d'une systématique normalisée pourrait être la clef qui permettrait de modifier l'orientation des recherches analytiques sur la faune. Ces méthodes permettront peut-être aux analystes d'accorder moins d'importance aux études spécifiques et de donner la priorité aux questions comparatives au niveau de toutes les cultures qui porteraient sur l'utilisation faite par l'homme des ressources animales.","1977","2025-05-27 00:19:09","2025-05-27 00:19:09","2021-05-14 21:41:20","109-133","","1","","","","","","","","","","","","","","","","JSTOR","","","","","http://www.jstor.org/stable/pdfplus/10.2307/41102184.pdf?acceptTC=true","","","","","","","","","","","","","","","","","","","","","","","","","","","","","","","","","","","","","","","","","","","","","","","",""
"IW7BC76Q","journalArticle","1977","Bonnichsen, R.; Sanger, D.","Integrating Faunal Analysis. Canadian Journal of Archaeology","Canadian Journal of Archaeology","","","","","","1977","2025-05-27 00:19:09","2025-05-27 00:19:09","","109-133","","","1","","","","","","","","","","","","","","","","","","","","","","","","","","","","","","","","","","","","","","","","","","","","","","","","","","","","","","","","","","","","","","","","","","","",""
"TX8QLBEN","book","1966","Bock, Philip K.","The Micmac Indians of Restigouche: history and contemporary description","","","","","","","1966","2025-05-27 00:19:09","2025-05-27 00:19:09","","","ix, 95","","","","","The Micmac Indians of Restigouche","Anthropological series ; no. 77","","","","[Dept. of the Secretary of State]","Ottawa","English","","","","","WorldCat Discovery Service","","","","","","","","","","","","","","","","","","","","","","","","","","","","","","","","","","","","","","","","","","","","","","","","","","","","",""
"MQ9DBM8C","book","1903","Boardman, George A.","The Naturalist of the Saint Croix","","","","","","","1903","2025-05-27 00:19:09","2025-05-27 00:19:09","","","","","","","","","","","","","Privately Printed","Bangor","","","","","","","","","","","","","","","","","","","","","","","","","","","","","","","","","","","","","","","","","","","","","","","","","","","","","","","","","","",""
"BF9QNLAF","bookSection","2013","Blair, Susan E.; Ward, Pamela","The Metepenagiag Site Complex","Underground New Brunswick: Stories of Archaeology","978-1-77108-095-8","","","","","2013","2025-05-27 00:19:09","2025-05-27 00:19:09","","7-16","","","","","","","","","","","Nimbus Publishing","Halifax, NS","English","","","","","","","","","","","","","Erickson, P.; Fowler, J.","","","","","","","","","","","","","","","","","","","","","","","","","","","","","","","","","","","","","","","","","","","","",""
"UIREY5TG","bookSection","2013","Blair, Susan E.; Perley, Karen","""The People of the Beautiful River"" At Jemseg","Underground New Brunswick: Stories of Archaeology","978-1-77108-095-8","","","","","2013","2025-05-27 00:19:09","2025-05-27 00:19:09","","17-26","","","","","","","","","","","Nimbus Publishing","Halifax, NS","English","","","","","","","","","","","","","Erickson, P.; Fowler, J.","","","","","","","","","","","","","","","","","","","","","","","","","","","","","","","","","","","","","","","","","","","","",""
"U43EJEUY","journalArticle","2010","Blair, Susan E.","Missing the boat in lithic procurement: Watercraft and the bulk procurement of tool-stone on the Maritime Peninsula","Journal of Anthropological Archaeology","","02784165","10.1016/j.jaa.2009.10.006","","","2010","2025-05-27 00:19:09","2025-05-27 00:19:09","","33-46","","1","29","","","","","","","","","","","","","","","","","","","","","","","","","","","","","","","","","","","","","","","","","","","","","","","","","","","","","","","","","","","","","","","","","","","",""
"6NF29SLI","thesis","1997","Blair, Susan E.","The Pre-Contact Archaeology of the Grand Manan Archipelago: Cultural History and Regional Integration","","","","","","","1997","2025-05-27 00:19:09","2025-05-27 00:19:09","","","153","","","","","","","","","","University of New Brunswick","Fredericton, N.B.","en","","","","","WorldCat","L19EH58 AR7 M294 no.29","","<p><span style=""color: #545454; font-family: Roboto, Helvetica, Arial, sans-serif; font-size: 14px; font-style: normal; font-variant-ligatures: normal; font-variant-caps: normal; font-weight: 400; letter-spacing: normal; orphans: 2; text-align: left; text-indent: 0px; text-transform: none; white-space: normal; widows: 2; word-spacing: 0px; -webkit-text-stroke-width: 0px; background-color: #ffffff; text-decoration-thickness: initial; text-decoration-style: initial; text-decoration-color: initial; display: inline !important; float: none;"">""A Master of Arts thesis at the University of New Brunswick""--Cover.</span></p> <p><span style=""color: #545454; font-family: Roboto, Helvetica, Arial, sans-serif; font-size: 14px; font-style: normal; font-variant-ligatures: normal; font-variant-caps: normal; font-weight: 400; letter-spacing: normal; orphans: 2; text-align: left; text-indent: 0px; text-transform: none; white-space: normal; widows: 2; word-spacing: 0px; -webkit-text-stroke-width: 0px; background-color: #ffffff; text-decoration-thickness: initial; text-decoration-style: initial; text-decoration-color: initial; display: inline !important; float: none;"">Includes bibliographical references: p. 146-153.</span></p>","","","","","","","","","","","","","","","","","","","","","","","","","","","","","","","","","","","","","","","","","","","","","","","","","",""
"K8S4DAP3","journalArticle","1997","Blair, Susan E.","The Jemseg Crossing Archaeological Project","Fieldnotes: the Newsletter of the New Brunswick Archaeological Society","","","","","","1997","2025-05-27 00:19:09","2025-05-27 00:19:09","","1-2, 5-7","","1 (Spring)","4","","","","","","","","","","","","","","","","","","","","","","","","","","","","","","","","","","","","","","","","","","","","","","","","","","","","","","","","","","","","","","","","","","","",""
"TEIG9WQI","bookSection","1978","Bock, Philip K.","Micmac","Handbook of North American Indians","","","","","","1978","2025-05-27 00:19:09","2025-05-27 00:19:09","","109-122","","","15","","","","","","","","Smithsonian Institution","Washington","","","","","","","","","","","","","","Trigger, Bruce G.","","","","","","","","","","","","","","","","","","","","","","","","","","","","","","","","","","","","","","","","","","","","",""
"IYIP5BWF","journalArticle","2014","Blair, Susan E.; Jarratt, Tricia; Ward, P.","Weaving Together Two Ways of Knowing: Archaeological Organic Artifact Analysis and Indigenous Textile Arts","North American Archaeologist","","","","","","2014","2025-05-27 00:19:09","2025-05-27 00:19:09","","295-302","","4","35","","","","","","","","","","","","","","","","","","","","","","","","","","","","","","","","","","","","","","","","","","","","","","","","","","","","","","","","","","","","","","","","","","","",""
"9BLD58XD","journalArticle","1996","Blair, Susan E.","The Prehistoric Archaeology of the Grand Manan Archipelago: Cultural History and Regional Integration","Fieldnotes: the Newsletter of the New Brunswick Archaeological Society","","","","","","1996","2025-05-27 00:19:09","2025-05-27 00:19:09","","1-2","","2 (Autumn)","3","","","","","","","","","","","","","","","","","","","","","","","","","","","","","","","","","","","","","","","","","","","","","","","","","","","","","","","","","","","","","","","","","","","",""
"RDALFEPB","journalArticle","1994","Blair, Susan; Board of Directors of the New Brunswick Archaeological Society","A Brief in Response to ""Through Partnership to Stewardship""","Fieldnotes: the Newsletter of the New Brunswick Archaeological Society","","","","","","1994","2025-05-27 00:19:09","2025-05-27 00:19:09","","7-11","","1 (January)","1","","","","","","","","","","","","","","","","","","","","","","","","","","","","","","","","","","","","","","","","","","","","","","","","","","","","","","","","","","","","","","","","","","","",""
"CVMEX8DE","journalArticle","2007","Blair, Susan","Archaic Traditions and Long-Term Patterning in the Far Northeast","Review of Archaeology","","","","","","2007","2025-05-27 00:19:09","2025-05-27 00:19:09","","33-38","","","28","","","","","","","","","","","","","","","","","","","","","","","","","","","","","","","","","","","","","","","","","","","","","","","","","","","","","","","","","","","","","","","","","","","",""
"QB732IKK","journalArticle","1997","Blair, Susan E.","An Update on The Jemseg Crossing Archaeological Project","Fieldnotes: the Newsletter of the New Brunswick Archaeological Society","","","","","","1997","2025-05-27 00:19:09","2025-05-27 00:19:09","","1-2, 8","","2 (Autumn)","4","","","","","","","","","","","","","","","","","","","","","","","","","","","","","","","","","","","","","","","","","","","","","","","","","","","","","","","","","","","","","","","","","","","",""
"W9BNRS6K","bookSection","2004","Blair, Susan; Dickinson, Pam; Blair, Christopher","Cimaciw Wenuhcok Petapahsultitit 19. Post-Contact Artifacts and Features","Wolastoqiyik Ajemseg: The People of the Beautiful River at Jemseg","1-55396-320-2","","","https://www2.gnb.ca/content/dam/gnb/Departments/thc-tpc/pdf/Arch/MIA36english.pdf","","2004","2025-05-27 00:19:09","2025-05-27 00:19:09","","277-298","","","2: Archaeological Results","","","Wolastoqiyik Ajemseg","New Brunswick Manuscripts in Archaeology","36E","","","Archaeological Services, Heritage Branch Culture and Sport Secretariat","Fredericton, N.B.","en","","","","","","","","","","","","","Blair, Susan","","","","","","","","","","","","","","","","","","","","","","","","","","","","","","","","","","","","","","","","","","","","",""
"4FE962HX","journalArticle","2010","Blair, Susan","Wolastoq HSMBC Appendices","","","","","","","2010","2025-05-27 00:19:09","2025-05-27 00:19:09","","","","","","","","","","","","","","","","","","","","","","","<p>Needs more details</p>","","","","","","","","","","","","","","","","","","","","","","","","","","","","","","","","","","","","","","","","","","","","","","","","","",""
"FJ6LNT9Q","book","2004","","Wolastoqiyik Ajemseg: La nation du fleuve majestueux à Jemseg Volume 2 : Résultats archéologiques","","1-55396-162-5","","","https://www2.gnb.ca/content/dam/gnb/Departments/thc-tpc/pdf/Arch/MIA36french.pdf","","2004","2025-05-27 00:19:09","2025-05-27 00:19:09","","","330","","2","2","","Wolastoqiyik Ajemseg","Manuscrits sur l’archéologie du Nouveau-Brunswick","36F","","","Les Services d’archéologie, Direction du patrimoine Secrétariat à la Culture et au Sport","Fredericton, N.B.","fr","","","","","","","","","","","","","Blair, Susan","","","","","","","","","","","","","","","","","","","","","","","","","","","","","","","","","","","","","","","","","","","","",""
"UJYCG9UD","book","2004","","Wolastoqiyik Ajemseg, The People of the Beautiful River at Jemseg: Volume 2, Archaeological Results","","1-55396-162-5","","","https://www2.gnb.ca/content/dam/gnb/Departments/thc-tpc/pdf/Arch/MIA36English.pdf","","2004","2025-05-27 00:19:09","2025-05-27 00:19:09","","","330","","2","2","","Wolastoqiyik Ajemseg","New Brunswick Manuscripts in Archaeology","36E","","","Archaeological Services, Heritage Branch, Culture and Sport Secretariat","Fredericton","en","","","","","","","","","","","","","Blair, Susan","","","","","","","","","","","","","","","","","","","","","","","","","","","","","","","","","","","","","","","","","","","","",""
"M4HIK4P2","bookSection","2004","Blair, Susan","Wikuwamul 14. Features","Wolastoqiyik Ajemseg: The People of the Beautiful River at Jemseg","1-55396-320-2","","","https://www2.gnb.ca/content/dam/gnb/Departments/thc-tpc/pdf/Arch/MIA36english.pdf","","2004","2025-05-27 00:19:09","2025-05-27 00:19:09","","141-198","","","2: Archaeological Results","","","Wolastoqiyik Ajemseg","New Brunswick Manuscripts in Archaeology","36E","","","Archaeological Services, Heritage Branch Culture and Sport Secretariat","Fredericton, N.B.","en","","","","","","","","","","","","","Blair, Susan","","","","","","","","","","","","","","","","","","","","","","","","","","","","","","","","","","","","","","","","","","","","",""
"9VBN7FIU","bookSection","2004","Blair, Susan","Nkihtahkomikumon 2: The environmental setting","Wolastoqiyik Ajemseg: The People of the Beautiful River at Jemseg","1-55396-320-2","","","https://www2.gnb.ca/content/dam/gnb/Departments/thc-tpc/pdf/Arch/MIA36english.pdf","","2004","2025-05-27 00:19:09","2025-05-27 00:19:09","","9-28","","","2: Archaeological Results","","","Wolastoqiyik Ajemseg","New Brunswick Manuscripts in Archaeology","36E","","","Archaeological Services, Heritage Branch Culture and Sport Secretariat","Fredericton, N.B.","en","","","","","","","","","","","","","Blair, Susan","","","","","","","","","","","","","","","","","","","","","","","","","","","","","","","","","","","","","","","","","","","","",""
"WMSH79CF","bookSection","2004","Blair, Susan","Kansuhsuweyal Elipskasikil 8: The Artifacts Recovered","Wolastoqiyik Ajemseg: The People of the Beautiful River at Jemseg","1-55396-320-2","","","https://www2.gnb.ca/content/dam/gnb/Departments/thc-tpc/pdf/Arch/MIA36english.pdf","","2004","2025-05-27 00:19:09","2025-05-27 00:19:09","","81-90","","","2: Archaeological Results","","","Wolastoqiyik Ajemseg","New Brunswick Manuscripts in Archaeology","36E","","","Archaeological Services, Heritage Branch Culture and Sport Secretariat","Fredericton, N.B.","en","","","","","","","","","","","","","Blair, Susan","","","","","","","","","","","","","","","","","","","","","","","","","","","","","","","","","","","","","","","","","","","","",""
"MMR47RAF","thesis","2004","Blair, Susan","Ancient Wolastoq'kew Landscapes: Settlement and Technology in the Lower Saint John River Valley, Canda","","","","","","","2004","2025-05-27 00:19:09","2025-05-27 00:19:09","","","","","","","","","","","","","University of Toronto","Toronto","","","","","","","","","","","","","","","","","","","","","","","","","","","","","","","","","","","","","","","","","","","","","","","","","","","","","","","","","","",""
"W6E3E2XR","bookSection","2004","Blair, Susan","Tan psiw weskuhutahsikI 1: Introduction","Wolastoqiyik Ajemseg: The People of the Beautiful River at Jemseg","1-55396-320-2","","","https://www2.gnb.ca/content/dam/gnb/Departments/thc-tpc/pdf/Arch/MIA36english.pdf","","2004","2025-05-27 00:19:09","2025-05-27 00:19:09","","3-5","","","2: Archaeological Results","","","Wolastoqiyik Ajemseg","New Brunswick Manuscripts in Archaeology","36E","","","Archaeological Services, Heritage Branch Culture and Sport Secretariat","Fredericton, N.B.","en","","","","","","","","","","","","","Blair, Susan","","","","","","","","","","","","","","","","","","","","","","","","","","","","","","","","","","","","","","","","","","","","",""
"ALDZ23J8","bookSection","2004","Blair, Susan","Preface to the Second Volume","Wolastoqiyik Ajemseg: The People of the Beautiful River at Jemseg","1-55396-320-2","","","https://www2.gnb.ca/content/dam/gnb/Departments/thc-tpc/pdf/Arch/MIA36english.pdf","","2004","2025-05-27 00:19:09","2025-05-27 00:19:09","","ix-xii","","","2: Archaeological Results","2","","Wolastoqiyik Ajemseg","New Brunswick Manuscripts in Archaeology","36E","","","Archaeological Services, Heritage Branch Culture and Sport Secretariat","Fredericton, N.B.","en","","","","","","","","","","","","","Blair, Susan","","","","","","","","","","","","","","","","","","","","","","","","","","","","","","","","","","","","","","","","","","","","",""
"P39CRCJV","bookSection","2004","Blair, Susan","Pihcesis Ajemseg 18: The Maritime Woodland period at Jemseg","Wolastoqiyik Ajemseg: The People of the Beautiful River at Jemseg","1-55396-320-2","","","https://www2.gnb.ca/content/dam/gnb/Departments/thc-tpc/pdf/Arch/MIA36english.pdf","","2004","2025-05-27 00:19:09","2025-05-27 00:19:09","","251-276","","","2: Archaeological Results","","","Wolastoqiyik Ajemseg","New Brunswick Manuscripts in Archaeology","36E","","","Archaeological Services, Heritage Branch Culture and Sport Secretariat","Fredericton, N.B.","en","","","","","","","","","","","","","Blair, Susan","","","","","","","","","","","","","","","","","","","","","","","","","","","","","","","","","","","","","","","","","","","","",""
"JYMQ6QEA","bookSection","2004","Blair, Susan","Pihce 16. The Archaic Period","Wolastoqiyik Ajemseg: The People of the Beautiful River at Jemseg","1-55396-320-2","","","https://www2.gnb.ca/content/dam/gnb/Departments/thc-tpc/pdf/Arch/MIA36english.pdf","","2004","2025-05-27 00:19:09","2025-05-27 00:19:09","","207-244","","","2: Archaeological Results","","","Wolastoqiyik Ajemseg","New Brunswick Manuscripts in Archaeology","36E","","","Archaeological Services, Heritage Branch Culture and Sport Secretariat","Fredericton, N.B.","en","","","","","","","","","","","","","Blair, Susan","","","","","","","","","","","","","","","","","","","","","","","","","","","","","","","","","","","","","","","","","","","","",""
"QFAZJGRJ","bookSection","2004","Blair, Susan","Elluhkatomek 4: Methodology, Part I","Wolastoqiyik Ajemseg: The People of the Beautiful River at Jemseg","1-55396-320-2","","","https://www2.gnb.ca/content/dam/gnb/Departments/thc-tpc/pdf/Arch/MIA36english.pdf","","2004","2025-05-27 00:19:09","2025-05-27 00:19:09","","43-60","","","2: Archaeological Results","","","Wolastoqiyik Ajemseg","New Brunswick Manuscripts in Archaeology","36E","","","Archaeological Services, Heritage Branch Culture and Sport Secretariat","Fredericton, N.B.","en","","","","","","","","","","","","","Blair, Susan","","","","","","","","","","","","","","","","","","","","","","","","","","","","","","","","","","","","","","","","","","","","",""
"GDLE5QBF","bookSection","2004","Blair, Susan","Elikisimawipunomek Kehkitasuwakon 20. Summary and conclusions","Wolastoqiyik Ajemseg: The People of the Beautiful River at Jemseg","1-55396-320-2","","","https://www2.gnb.ca/content/dam/gnb/Departments/thc-tpc/pdf/Arch/MIA36english.pdf","","2004","2025-05-27 00:19:09","2025-05-27 00:19:09","","301-306","","","2: Archaeological Results","","","Wolastoqiyik Ajemseg","New Brunswick Manuscripts in Archaeology","36E","","","Archaeological Services, Heritage Branch Culture and Sport Secretariat","Fredericton, N.B.","en","","","","","","","","","","","","","Blair, Susan","","","","","","","","","","","","","","","","","","","","","","","","","","","","","","","","","","","","","","","","","","","","",""
"JM3QPBIY","bookSection","2004","Blair, Susan","Elehtasikpon Ktahkomiq 3: The formation of the site area","Wolastoqiyik Ajemseg: The People of the Beautiful River at Jemseg","1-55396-320-2","","","https://www2.gnb.ca/content/dam/gnb/Departments/thc-tpc/pdf/Arch/MIA36english.pdf","","2004","2025-05-27 00:19:09","2025-05-27 00:19:09","","29-40","","","2: Archaeological Results","","","Wolastoqiyik Ajemseg","New Brunswick Manuscripts in Archaeology","36E","","","Archaeological Services, Heritage Branch Culture and Sport Secretariat","Fredericton, N.B.","en","","","","","","","","","","","","","Blair, Susan","","","","","","","","","","","","","","","","","","","","","","","","","","","","","","","","","","","","","","","","","","","","",""
"CRR9MRLG","book","1999","Blair, Susan","The Pre-contact archaeology of the Grand Manan Archipelago : cultural history and regional integration","","1-55236-662-6","","","","The purpose of this thesis is to compile all available data about the prehistoric archaeology of the Grand Manan archipelago, to use these data to construct a framework for prehistoric cultural history, to evaluate existing interpretations about Grand Manan prehistory, and to integrate these into a larger regional perspective. After an introduction on archaeological research in the area, chapter 2 presents background on the archipelago's geology and biogeography, previous archaeological research, and ethnohistory. Chapter 3 describes research methods used, analyzes existing artifact collections, and surveys previously unrecorded archaeological sites & previous excavations. Chapter 4 describes two sites partially excavated during this research along with their contents and some of the spatial & temporal patterns discernible within them. In chapter 5, information from the previous two chapters is integrated into a cultural history, and the structure & contents of the two sites of chapter 4 are compared to those of sites excavated elsewhere. The integration of these results into a regional framework leads to a discussion of interpretations about regional exchange networks and the nature of the participation by Grand Manan Native people.","1999","2025-05-27 00:19:09","2025-05-27 00:19:09","","","xiii, 154 p.","","","","","","New Brunswick Manuscripts in Archaeology","29","","","Culture & Sport Secretariat","Fredericton","","","","","3075980","","KOERNER LIBRARY microforms (Floor 2) MICROLOG 101-01780","","<p>New Brunswick archaeology / New Brunswick. Archaeology Branch ; 29.</p>","","","","","","","","","","","","","","","","","","","","","","","","","","","","","","","","","","","","","","","","","","","","","","","","","",""
"FMM9YB9J","journalArticle","2017","Blair, Sue; Horne, Margaret; Patton, A. Katherine; Webb, W. Jesse","Birch Cove and the Protohistoric Period of the Northern Quoddy Region, New Brunswick, Canada","Journal of the North Atlantic","","","","","","2017","2025-05-27 00:19:09","2025-05-27 00:19:09","","59-69","","","Special Volume 10","","","","","","","","","","","","","","","","","","","","","","","","","","","","","","","","","","","","","","","","","","","","","","","","","","","","","","","","","","","","","","","","","","","",""
"47NU836K","journalArticle","1988","Black, David W.; Whitehead, Ruth Holmes","Prehistoric Shellfish Preservation and Storage on the Northeast Coast","North American Archaeologist","","","","","","1988","2025-05-27 00:19:09","2025-05-27 00:19:09","","17-30","","1","9","","","","","","","","","","","","","","","","","","","","","","","","","","","","","","","","","","","","","","","","","","","","","","","","","","","","","","","","","","","","","","","","","","","",""
"J3MUNP7Q","journalArticle","1986","Black, David W.; Turnbull, Christopher J.","Recent Archaeological Research in the Insular Quoddy Region, New Brunswick, Canada","Current Anthropology","","","","","","1986","2025-05-27 00:19:09","2025-05-27 00:19:09","","400-402","","4","27","","","","","","","","","","","","","","","","","","","","","","","","","","","","","","","","","","","","","","","","","","","","","","","","","","","","","","","","","","","","","","","","","","","",""
"3GD6DCMJ","bookSection","2004","Blair, Susan","Aliwitahsik, Litahuswagon 13: Terminology and the Conceptual Framework","Wolastoqiyik Ajemseg: The People of the Beautiful River at Jemseg","1-55396-320-2","","","https://www2.gnb.ca/content/dam/gnb/Departments/thc-tpc/pdf/Arch/MIA36english.pdf","","2004","2025-05-27 00:19:09","2025-05-27 00:19:09","","133-140","","","2: Archaeological Results","","","Wolastoqiyik Ajemseg","New Brunswick Manuscripts in Archaeology","36E","","","Archaeological Services, Heritage Branch Culture and Sport Secretariat","Fredericton, N.B.","en","","","","","","","","","","","","","Blair, Susan","","","","","","","","","","","","","","","","","","","","","","","","","","","","","","","","","","","","","","","","","","","","",""
"R3H2JQBP","bookSection","2013","Blair, Christopher","Looking For Bliss: An Early Loyalist Family in Passamaquoddy Bay","Underground New Brunswick: Stories of Archaeology","978-1-77108-095-8","","","","","2013","2025-05-27 00:19:09","2025-05-27 00:19:09","","107-116","","","","","","","","","","","Nimbus Publishing","Halifax, NS","English","","","","","","","","","","","","","Erickson, P.; Fowler, J.","","","","","","","","","","","","","","","","","","","","","","","","","","","","","","","","","","","","","","","","","","","","",""
"SQKLVH3A","journalArticle","1999","Blair, Chris","Archaeological Report Maritimes & Northeast Pipeline for Mainline Low Potential Walkover and Construction Monitoring","Fieldnotes: the Newsletter of the New Brunswick Archaeological Society","","","","","","1999","2025-05-27 00:19:09","2025-05-27 00:19:09","","1-5","","1","6","","","","","","","","","","","","","","","","","","","","","","","","","","","","","","","","","","","","","","","","","","","","","","","","","","","","","","","","","","","","","","","","","","","",""
"TZ6VWZ24","journalArticle","1999","Black, David W.; Wilson, Lucy A.","The Washademoak Lake Chert Source, Queens County, New Brunswick, Canada","Archaeology of Eastern North America","","","","","","1999","2025-05-27 00:19:09","2025-05-27 00:19:09","","81-108","","","27","","","","","","","","","","","","","","","","","","","","","","","","","","","","","","","","","","","","","","","","","","","","","","","","","","","","","","","","","","","","","","","","","","","",""
"MTUWDHS7","journalArticle","1998","Black, David W.; Reading, Joanna E.; Savage, Howard G.","Archaeological Records of the Extinct Sea Mink, Mustela macrodon (Carnivora: Mustelidae), from Canada","The Canadian Field Naturalist","","","","","","1998","2025-05-27 00:19:09","2025-05-27 00:19:09","","45-49","","","112","","","","","","","","","","","","","","","","","","","","","","","","","","","","","","","","","","","","","","","","","","","","","","","","","","","","","","","","","","","","","","","","","","","",""
"53QIFTHS","journalArticle","","Black, David W.; Gilbert, C. Drew","Bliss Island Petrographic Series","","","","","","","","2025-05-27 00:19:09","2025-05-27 00:19:09","","","","","","","","","","","","","","","","","","","","","","","","","","","","","","","","","","","","","","","","","","","","","","","","","","","","","","","","","","","","","","","","","","","","","","","","",""
"QQY597S2","journalArticle","2000","Black, David W.; Blair, Christopher R.","Faunal Remains from the Loyalist Occupation of the Bliss Islands, Quoddy Region, New Brunswick","Ontario Archaeology","","","","","","2000","2025-05-27 00:19:09","2025-05-27 00:19:09","","39-54","","","69","","","","","","","","","","","","","","","","","","","","","","","","","","","","","","","","","","","","","","","","","","","","","","","","","","","","","","","","","","","","","","","","","","","",""
"KQ8792G6","report","2018","Black, David W.","“…gathering pebbles on a boundless shore…” —The Rum Beach Site and Intertidal Archaeology in the Canadian Quoddy Region","","","","","","","2018","2025-05-27 00:19:09","2025-05-27 00:19:09","","","","","","","","","","","","","","","","","","","","","","","","","","","","","","","","","","","","","","","","","","","","","","","","","","","","","","","","","","","","","","","","","","","","","","","","",""
"TPZDMB4Q","report","2017","Black, David W.","Preliminary Report on the ZEN (Zenzi) and ASM Artifact Collections","","","","","","","2017","2025-05-27 00:19:09","2025-05-27 00:19:09","","","","","","","","","","","","","","","","","","","","","","","","","","","","","","","","","","","","","","","","","","","","","","","","","","","","","","","","","","","","","","","","","","","","","","","","",""
"H2K8WSVH","journalArticle","2012","Black, David W.","An Introduction to the Chronostratigraphy of the Weir Site, Bliss Islands, Quoddy Region, New Brunswick","","","","","","","2012","2025-05-27 00:19:09","2025-05-27 00:19:09","","","","","","","","","","","","","","","","","","","","","","","","","","","","","","","","","","","","","","","","","","","","","","","","","","","","","","","","","","","","","","","","","","","","","","","","",""
"LGSGN7EY","bookSection","2011","Black, David W.","Background, Discussion and Recommendations for Extending the Analysis of Lithic Materials Used by Palaeoindians at the Debert and Belmont Sites","Ta'n Wetapeksi'k: Understanding from Where we Come. Proceedings of the 2005 Debert Research Workshop, Debert, Nova Scotia, Canada","","","","","","2011","2025-05-27 00:19:09","2025-05-27 00:19:09","","111-128","","","","","","","","","","","The Confederacy of Mainland Mi'kmaq","Truro","","","","","","","","","","","","","","Bernard, Tim; Rosenmeier, Leah M.; Farrell, Sharon L.","","","","","","","","","","","","","","","","","","","","","","","","","","","","","","","","","","","","","","","","","","","","",""
"QZZ2ZMLL","journalArticle","2020","Black, David W.; Hubert, Emelie L.","The Birch Island Cache: An Unusual Early Moorehead Burial Tradition Flaked Stone Assemblage","Maine Archaeological Society Bulletin","","","","","","2020","2025-05-27 00:19:09","2025-05-27 00:19:09","","9-33","","2","60","","","","","","","","","","","","","","","","","","","","","","","","","","","","","","","","","","","","","","","","","","","","","","","","","","","","","","","","","","","","","","","","","","","",""
"HIXHHG4X","report","2019","Black, David W.","Deer Island Point Site (BfDr5) Bedrock East Assemblages: Preliminary Report, Parts A and B","","","","","","","2019","2025-05-27 00:19:09","2025-05-27 00:19:09","","","","","","","","","","","","","","Ms. on File, University of New Brunswick, Fredericton","","","","","","","","","","","","","","","","","","","","","","","","","","","","","","","","","","","","","","","","","","","","","","","","","","","","","","","","","","",""
"6H8MZHQS","journalArticle","2017","Black, David W.","Archaeological Sea Mammal Remains from the Maritime Provinces of Canada","Journal of the North Atlantic","","","","","","2017","2025-05-27 00:19:09","2025-05-27 00:19:09","","70-89","","","Special Volume 10","","","","","","","","","","","","","","","","","","","","","","","","","","","","","","","","","","","","","","","","","","","","","","","","","","","","","","","","","","","","","","","","","","","",""
"3P5XN9RV","bookSection","2013","Black, David W.","""Some Clams in those Days"": Shell Midden Archaeology on the Bliss Islands","Underground New Brunswick: Stories of Archaeology","978-1-77108-095-8","","","","","2013","2025-05-27 00:19:09","2025-05-27 00:19:09","","27-36","","","","","","","","","","","Nimbus","Halifax, NS","English","","","","","","","","","","","","","Erickson, P.; Fowler, J.","","","","","","","","","","","","","","","","","","","","","","","","","","","","","","","","","","","","","","","","","","","","",""
"XGSCL8WC","manuscript","2008","Black, David W.","Pioneers of New Brunswick Archaeology II: Abraham Gesner","","","","","https://www.unb.ca/faculty-staff/directory/_resources/pdf/arts-fr/dwblack/gesner.pdf","","2008","2025-05-27 00:19:09","2025-05-27 00:19:09","","","5 p.","","","","","","","","","","","","en","","","","","","","","","","","","","","","","","","","","","","","","","","","","","","","","","","","","","","","","","","","","","","","","","","","","","","","","","",""
"HHTDNL26","manuscript","2008","Black, David W.","Pioneers of New Brunswick Archaeology I: Spencer Fullerton Baird","","","","","https://www.unb.ca/faculty-staff/directory/_resources/pdf/arts-fr/dwblack/baird.pdf","","2008","2025-05-27 00:19:09","2025-05-27 00:19:09","","","6 p.","","","","","","","","","","","","en","","","","","","","","","","","","","","","","","","","","","","","","","","","","","","","","","","","","","","","","","","","","","","","","","","","","","","","","","",""
"R8MR4VSN","manuscript","2009","Black, David W.","Pioneers of New Brunswick Archaeology III: Loring Woart Bailey","","","","","https://www.unb.ca/faculty-staff/directory/_resources/pdf/arts-fr/dwblack/bailey.pdf","","2009","2025-05-27 00:19:09","2025-05-27 00:19:09","","","5 p.","","","","","","","","","","","","en","","","","","","","","","","","","","","","","","","","","","","","","","","","","","","","","","","","","","","","","","","","","","","","","","","","","","","","","","",""
"IKXSDJK4","bookSection","2004","Black, David W.","Ponapsqey 9: Stone Raw Materials","Wolastoqiyik Ajemseg: The People of the Beautiful River at Jemseg","1-55396-320-2","","","https://www2.gnb.ca/content/dam/gnb/Departments/thc-tpc/pdf/Arch/MIA36english.pdf","","2004","2025-05-27 00:19:07","2025-05-27 00:19:07","","91-116","","","2: Archaeological Results","","","Wolastoqiyik Ajemseg","New Brunswick Manuscripts in Archaeology","36E","","","Archaeological Services, Heritage Branch Culture and Sport Secretariat","Fredericton, N.B.","en","","","","","","","","","","","","","Blair, Susan","","","","","","","","","","","","","","","","","","","","","","","","","","","","","","","","","","","","","","","","","","","","",""
"JA7IMGVL","journalArticle","2003","Black, David W.","L'importance du phoque dans l'alimentation des populations sylvicoles de la région de Quoddy (Nouveau-Brunswick) *","Recherches Amérindiennes au Québec","","03184137","","http://www.proquest.com/docview/1697735061/abstract/97BC21D216744C98PQ/4","Seals and Walrus in Coastal Gulf of Maine Prehistory The archaeological record of Native American coastal hunting and fishing is contained primarily in shell middens where bone preservation is excellent. Because of coastal subsidence and erosion, however, this record only covers the Late Archaic and Ceramic periods: the last 5000 years. The author first discusses the nature of bone preservation in coastal sites and the identification and differentiation of pinniped species and then reviews the sites that have yielded seal or walrus bones, their age and cultural identification. BOURQUE, B. J., et H.W. KRUGER, 1994 : « Dietary Reconstruction from Human Bone Isotopes for Five Coastal New England Populations », in K.D. Sobolik, dir., Paleonutrition: The Diet and Health of Prehistoric Americans, Occasional Paper 22, Southern Illinois University Centre for Archaeological Investigations, Carbondale, p. 195-209. Ms. 1012 , Archaeological Survey of Canada, Canadian Museum of Civilization, Hull. _____ , 1980 : « Faunal Remains from Four Cape Breton Island, Nova Scotia, Archaeological Sites », in D.M. Shimabuku, dir., Proceedings of the 1980 Conference on the Future of Archaeology in the Maritime Provinces, Occasional Papers in Anthropology 8, Saint Mary's University, Halifax, p. 147-163. _____ , 1986 : « Faunal Remains from the Delorey Island Site (BjCj9) of Nova Scotia », in R. J. Nash, dir., Mi'kmaq:","2003","2025-05-27 00:19:07","2025-05-27 00:19:07","2021-05-14 21:36:00","21-34,2,130","","1","33","","","","","","","","","","French","","","","","ProQuest","","","","","https://media.proquest.com/media/pq/classic/doc/3749919351/fmt/pi/rep/NONE?cit%3Aauth=Black%2C+David+W&cit%3Atitle=L%27importance+du+phoque+dans+l%27alimentation+des+populations+sylvicoles+...&cit%3Apub=Recherches+Am%C3%A9rindiennes+au+Qu%C3%A9bec&cit%3Avol=33&cit%3Aiss=1&cit%3Apg=21&cit%3Adate=2003&ic=true&cit%3Aprod=Canadian+Business+%26+Current+Affairs+Database&_a=ChgyMDIxMDUxNDIxMzQ1MDU2Njo1Mzk4NzISBTk1ODEzGgpPTkVfU0VBUkNIIgwxMzEuMjAyLjM4LjQqBjkzNjMzMDIKMTY5NzczNTA2MToNRG9jdW1lbnRJbWFnZUIBMFIGT25saW5lWgJGVGIDUEZUagoyMDAzLzAxLzAxcgoyMDAzLzA0LzMwegCCASlQLTEwMDc4ODYtNDUwMTYtQ1VTVE9NRVItMTAwMDAwMjMtMTExODc5OZIBBk9ubGluZcoBc01vemlsbGEvNS4wIChXaW5kb3dzIE5UIDEwLjA7IFdpbjY0OyB4NjQpIEFwcGxlV2ViS2l0LzUzNy4zNiAoS0hUTUwsIGxpa2UgR2Vja28pIENocm9tZS85MC4wLjQ0MzAuMjEyIFNhZmFyaS81MzcuMzbSARJTY2hvbGFybHkgSm91cm5hbHOaAgdQcmVQYWlkqgIlT1M6RU1TLURvd25sb2FkUGRmLWdldE1lZGlhVXJsRm9ySXRlbcoCE0dlbmVyYWwgSW5mb3JtYXRpb27SAgFZ4gIA8gIA%2BgIBToIDA1dlYooDHENJRDoyMDIxMDUxNDIxMzQ1MDU2Mjo2MzIyNjE%3D&_s=d2DN5khYUIOCRpuC52yDCs49ZKE%3D","Fisheries; Anthropology; Archaeology; Historic buildings & sites; Museums; Publications","","","","","","","","","","","","","","","","","","","","","","","","","","","","","","","","","","","","","","","","","","","","","","",""
"UHD7TD6B","bookSection","2002","Black, David W.","Out of the Blue and Into the Black: The Middle-Late Maritime Woodland Transition in the Quoddy Region, New Brunswick, Canada","Northeast Subsistence-Settlement Change: A.D. 700-1300","","","","","","2002","2025-05-27 00:19:07","2025-05-27 00:19:07","","301-320","","","","","","","New York State Museum Bulletin #496","","","","University of the State of New York/State Education Department","Albany","","","","","","","","","","","","","","Hart, John P.; Rieth, Christina B.","","","","","","","","","","","","","","","","","","","","","","","","","","","","","","","","","","","","","","","","","","","","",""
"Q6XZF4NN","bookSection","2000","Black, David W.","That Thing of Shreds and Patches: an Archaeological Narrative of the Bliss Islands Thoroughfare, Quoddy Region, New Brunswick, Canada","The Entangled Past: Integrating History and Archaeology - Proceedings of the 30th Annual Chacmool Conference","","","","","","2000","2025-05-27 00:19:07","2025-05-27 00:19:07","","146-155","","","","","","","","","","","The Archaeological Association of the University of Calgary","Calgary","","","","","","","","","","","","","","Boyd, M.; Erwin, J.C.; Hendricksen, M.","","","","","","","","","","","","","","","","","","","","","","","","","","","","","","","","","","","","","","","","","","","","",""
"V8VHXA2I","journalArticle","2007","Black, David W.","Review of the Archaic of the Far Northeast","Northeast Anthropology","","","","","","2007","2025-05-27 00:19:07","2025-05-27 00:19:07","","87-88","","","74","","","","","","","","","","","","","","","","","","","","","","","","","","","","","","","","","","","","","","","","","","","","","","","","","","","","","","","","","","","","","","","","","","","",""
"EZHTA9PA","report","2003","Black, David W.","The Wallace Cove Site (BgDq29): Analysis of Lithic Artifacts","","","","","","","2003","2025-05-27 00:19:07","2025-05-27 00:19:07","","","","","","","","","","","","","","Prepared for S.	Neilsen, AMEC Earth & Environmental, Ltd, Fredericton","","","","","","","","","","","","","","","","","","","","","","","","","","","","","","","","","","","","","","","","","","","","","","","","","","","","","","","","","","",""
"YUQ2XP9J","journalArticle","2000","Black, David W.","Rum Beach and the Susquehanna Tradition in the Quoddy Region, Charlotte County, New Brunswick","Canadian Journal of Archaeology","","","","","","2000","2025-05-27 00:19:07","2025-05-27 00:19:07","","89-106","","","24","","","","","","","","","","","","","","","","","","","","","","","","","","","","","","","","","","","","","","","","","","","","","","","","","","","","","","","","","","","","","","","","","","","",""
"3TCB42RR","journalArticle","1998","Black, David W.","Pioneers of New Brunswick Archaeology: Abraham Gesner","Fieldnotes: the Newsletter of the New Brunswick Archaeological Society","","","","","","1998","2025-05-27 00:19:07","2025-05-27 00:19:07","","1-5","","1","5","","","","","","","","","","","","","","","","","","","","","","","","","","","","","","","","","","","","","","","","","","","","","","","","","","","","","","","","","","","","","","","","","","","",""
"UEM99CI8","journalArticle","1995","Black, David W.","Pioneers of New Brunswick Archaeology: Spencer Fullerton Baird","Fieldnotes: the Newsletter of the New Brunswick Archaeological Society","","","","","","1995","2025-05-27 00:19:07","2025-05-27 00:19:07","","5-9","","1 (Summer)","2","","","","","","","","","","","","","","","","","","","","","","","","","","","","","","","","","","","","","","","","","","","","","","","","","","","","","","","","","","","","","","","","","","","",""
"LYKR9LNL","journalArticle","1994","Black, David W.","The Rum Beach Site","Fieldnotes: the Newsletter of the New Brunswick Archaeological Society","","","","","","1994","2025-05-27 00:19:07","2025-05-27 00:19:07","","10-11, 12-15","","2 (May)","1","","","","","","","","","","","","","","","","","","","","","","","","","","","","","","","","","","","","","","","","","","","","","","","","","","","","","","","","","","","","","","","","","","","",""
"SHDX2L7F","bookSection","1993","Black, David W.","Stratigraphic Integrity in Northeastern Shell Middens: An Example from the Insular Quoddy Region","Prehistoric Archaeology in the Maritime Provinces: Past and Present Research","","","","","","1993","2025-05-27 00:19:07","2025-05-27 00:19:07","","197-211","","","","","","","The Council of Maritime Premiers Maritime Committee on Archaeological Cooperation Reports in Archaeology","no. 8","","","Council of Maritime Premiers Maritime Committee on Archaeological Cooperation","Fredericton","","","","","","","","","","","","","","Deal, Michael; Blair, Susan","","","","","","","","","","","","","","","","","","","","","","","","","","","","","","","","","","","","","","","","","","","","",""
"ITUQDPL8","book","1992","Black, David W.","Living close to the ledge : prehistoric human ecology of the Bliss Islands, Quoddy Region, New Brunswick, Canada","","1895087058 0847-1533 ;","","","","","1992","2025-05-27 00:19:07","2025-05-27 00:19:07","","","x, 266 p.","","","","","","Occasional papers in northeastern archaeology,","no. 6","","","Copetown Press","Dundas, Ont.","","","","","333322","","ROBARTS STACKS E78 .N45 B53 1992 BOOK UTM STACKS E78 .N46 B53 1992 ERIN BOOK","","<p>David W. Black.<br/>ill., maps ; 28 cm.<br/>Includes bibliographical references (p. 163-186).</p>","","","Bliss Island (N.B.) Antiquities.; Excavations (Archaeology) New Brunswick Bliss Island.","","","","","","","","","","","","","","","","","","","","","","","","","","","","","","","","","","","","","","","","","","","","","","",""
"FTWV4L33","book","1988","Black, David W.","Bliss revisited: preliminary accounts of the Bliss Islands archaeology project phase I","","","","","","","1988","2025-05-27 00:19:07","2025-05-27 00:19:07","","","","","","","","","New Brunswick Manuscripts in Archaeology","24E","","","New Brunswick Department of	Tourism, Recreation, and Heritage","Fredericton","en","","","","","WorldCat","E98 .A6 B64 1988","","","","","","","","","","","","","","","","","","","","","","","","","","","","","","","","","","","","","","","","","","","","","","","","","","","",""
"IPVEZKNC","journalArticle","1996","Black, David W.","Rum Beach Revisited","Fieldnotes: the Newsletter of the New Brunswick Archaeological Society","","","","","","1996","2025-05-27 00:19:07","2025-05-27 00:19:07","","1-2, 5-6","","1 (Spring)","3","","","","","","","","","","","","","","","","","","","","","","","","","","","","","","","","","","","","","","","","","","","","","","","","","","","","","","","","","","","","","","","","","","","",""
"FC6Y4CVF","journalArticle","1995","Black, David W.","The 'Canada Day' Projectile Point","Fieldnotes: the Newsletter of the New Brunswick Archaeological Society","","","","","","1995","2025-05-27 00:19:07","2025-05-27 00:19:07","","1,-4-6","","3 (January)","1","","","","","","","","","","","","","","","","","","","","","","","","","","","","","","","","","","","","","","","","","","","","","","","","","","","","","","","","","","","","","","","","","","","",""
"UEDGUEI3","journalArticle","1987","Black, David W.","An Overview of the Bliss Islands Archaeology Project","Maine Archaeological Society Newsletter","","","","","","1987","2025-05-27 00:19:07","2025-05-27 00:19:07","","5-9","","2","1","","","","","","","","","","","","","","","","","","","","","","","","","","","","","","","","","","","","","","","","","","","","","","","","","","","","","","","","","","","","","","","","","","","",""
"IKCQD8TY","manuscript","1982","Black, David W.","A preliminary report on faunal remains of DgDr48: a shell midden site on Partridge Island, New Brunswick","","","","","","","1982","2025-05-27 00:19:07","2025-05-27 00:19:07","","","","","","","","","","","","","","Ms. on file, Archaeology Branch, New Brunswick Department of Tourism, Recreation and Heritage, Fredericton","","","","","","","","","","","","","","","","","","","","","","","","","","","","","","","","","","","","","","","","","","","","","","","","","","","","","","","","","","",""
"YX97IDC8","videoRecording","2019","Black, David W","The History of Archaeology in Charlotte County Part 2","","","","","https://www.youtube.com/watch?v=ug-7-XhyInA","September–October 2019 marks the 150th anniversary of two salient episodes in the archaeology of Charlotte County: the investigation of the Simpson’s Farm shell-bearing site at Oak Bay by Spencer F. Baird and George A. Boardman, and the destruction of portions of the coastal archaeological record of the county by the impact of the Saxby Gale. In this documentary, David Black uses the anniversary as a focal event around which he summarizes the history of archaeological research in the county from the 18th century to recent times. This history provides a context for current concerns about the effects of environmental change.","2019","2025-05-27 00:19:07","2025-05-27 00:19:07","","","","","2","2","","","","","","","","","en","","","","","","","","","","","","","","","","","","","","","","","","","","","","","","","","","","","","","","","","","","","","","","","","","","","","","","","","","",""
"CKX4BZRI","videoRecording","2019","Black, David W","The History of Archaeology in Charlotte County Part 1","","","","","https://www.youtube.com/watch?v=V4DWoyNBtgk","September–October 2019 marks the 150th anniversary of two salient episodes in the archaeology of Charlotte County: the investigation of the Simpson’s Farm shell-bearing site at Oak Bay by Spencer F. Baird and George A. Boardman, and the destruction of portions of the coastal archaeological record of the county by the impact of the Saxby Gale. In this documentary, David Black uses the anniversary as a focal event around which he summarizes the history of archaeological research in the county from the 18th century to recent times. This history provides a context for current concerns about the effects of environmental change.","2019","2025-05-27 00:19:07","2025-05-27 00:19:07","","","","","1","2","","","","","","","","","en","","","","","","","","","","","","","","","","","","","","","","","","","","","","","","","","","","","","","","","","","","","","","","","","","","","","","","","","","",""
"KKZAEZU2","book","1988","Black, David W.","Bliss revisited: preliminary accounts of the Bliss Island archaeology project phase II","","0-88838-339-8 978-0-88838-339-6","","","","","1988","2025-05-27 00:19:07","2025-05-27 00:19:07","","","189","","","","","","New Brunswick Manuscripts in Archaeology","24E","","","Archaeological Services, Tourism, Recreation and Heritage","Fredericton, N.B.","en","","","","","WorldCat","E98 .A6 B64 1988","","","","","","","","","","","","","","","","","","","","","","","","","","","","","","","","","","","","","","","","","","","","","","","","","","","",""
"FQ7HN3W8","manuscript","1984","Black, David W.","Were all shell middens created equal? Or were some shell middens more equal than others?","","","","","","","1984","2025-05-27 00:19:07","2025-05-27 00:19:07","","","","","","","","","","","","","","Ms. on file, Department of Anthropology, McMaster University, Hamilton","","","","","","","","","","","","","","","","","","","","","","","","","","","","","","","","","","","","","","","","","","","","","","","","","","","","","","","","","","",""
"9K62QMBA","manuscript","1984","Black, David W.","Old Mission Point (ClDq1) faunal analysis","","","","","","","1984","2025-05-27 00:19:07","2025-05-27 00:19:07","","","","","","","","","","","","","","Ms. on file, Archaeology Branch, New Brunswick Department of Tourism, Recreation and Heritage, Fredericton","","","","","","","","","","","","","","","","","","","","","","","","","","","","","","","","","","","","","","","","","","","","","","","","","","","","","","","","","","",""
"2QLCRULK","manuscript","1984","Black, David W.","Intensive shellfishing in the Quoddy region: a preliminary analysis of the Weir site","","","","","","","1984","2025-05-27 00:19:07","2025-05-27 00:19:07","","","","","","","","","","","","","","Ms. on file, Archaeology Branch, New Brunswick Department of Tourism, Recreation and Heritage, Fredericton","","","","","","","","","","","","","","","","","","","","","","","","","","","","","","","","","","","","","","","","","","","","","","","","","","","","","","","","","","",""
"AQW46INA","journalArticle","2008","Black, David W; Atkinson, Elissa L; Kane, Daniel","The Cape Enrage Figurine (BjDe5): An Unusual Mobiliary Art Object Found in New Brunswick","","","","","https://www.unb.ca/faculty-staff/directory/_resources/pdf/arts-fr/dwblack/capeenragefigurinemar08.pdf","In 1999, an unusual—indeed, unique—archaeological artifact, found in Albert County, N.B., was loaned to the Department of Anthropology, UNB. This artifact—the Cape Enrage Figurine—is a small image of a stylized human-like head, carved into a piece of mammal bone. Here we describe and illustrate the Cape Enrage Figurine, summarize what we have learned about it, and speculate about its provenance, history and cultural affiliation. Our purpose is to raise and expand awareness of the Cape Enrage Figurine within and beyond the archaeological community.","2008","2025-05-27 00:19:07","2025-05-27 00:19:07","","23","","","","","","","","","","","","","en","","","","","Zotero","","","","","https://www.unb.ca/faculty-staff/directory/_resources/pdf/arts-fr/dwblack/capeenragefigurinemar08.pdf","","","","","","","","","","","","","","","","","","","","","","","","","","","","","","","","","","","","","","","","","","","","","","","",""
"CC75WQCN","journalArticle","2001","Black, David; Crouse, Tyler; Arsenault, Michael","The Upsalquitch Harpoon: A Unilaterally Multi-Barbed Harpoon Point From Traditional Mi’kmaq Territory","","","","","https://www.unb.ca/faculty-staff/directory/_resources/pdf/arts-fr/dwblack/upsalquitchharpoon.pdf","","2001","2025-05-27 00:19:07","2025-05-27 00:19:07","","9","","","","","","","","","","","","","en","","","","","Zotero","","","","","https://www.unb.ca/faculty-staff/directory/_resources/pdf/arts-fr/dwblack/upsalquitchharpoon.pdf","","","","","","","","","","","","","","","","","","","","","","","","","","","","","","","","","","","","","","","","","","","","","","","",""
"YSCHKNI5","book","1993","Black, David","What Images Return: A Study of the stratigraphy and seasonality of a shell midden Site in the insular Quoddy Region, New Brunswick","","0-88838-355-X 978-0-88838-355-6","","","","","1993","2025-05-27 00:19:07","2025-05-27 00:19:07","","","132","","","","","","New Brunswick Manuscripts in Archaeology","27","","","Archaeological Services, Cultural Affairs, Municipalities, Culture and Housing","Fredericton, N.B.","en","","","","","WorldCat","L19EH58 AR7 M294","","<ul style=""box-sizing: border-box; -webkit-font-smoothing: antialiased; margin: 0px; padding: 0px; list-style: none; color: #545454; font-family: Roboto, Helvetica, Arial, sans-serif; font-size: 14px; font-style: normal; font-variant-ligatures: normal; font-variant-caps: normal; font-weight: 400; letter-spacing: normal; orphans: 2; text-align: left; text-indent: 0px; text-transform: none; white-space: normal; widows: 2; word-spacing: 0px; -webkit-text-stroke-width: 0px; background-color: #ffffff; text-decoration-thickness: initial; text-decoration-style: initial; text-decoration-color: initial;""> <li style=""box-sizing: border-box; -webkit-font-smoothing: antialiased;"">Includes abstract in French.</li> <li style=""box-sizing: border-box; -webkit-font-smoothing: antialiased;"">At head of title: The Partridge Island Archaeology Project, volume 1.</li> </ul>","","","","","","","","","","","","","","","","","","","","","","","","","","","","","","","","","","","","","","","","","","","","","","","","","",""
"QZJQUKCG","videoRecording","2017","Black, David W","The Bliss Island Northeast Point Site","","","","","https://www.youtube.com/watch?v=Xx9l2fnZuhA","","2017","2025-05-27 00:19:07","2025-05-27 00:19:07","","","","","","","","","","","","","","","en","","","","","","","","","","","","","","","","","","","","","","","","","Woolsey, Cora A.","","","","","","","","","","Digital video","","","","","","","","","","","","","","","","","","","","","","",""
"8VFPBB8N","videoRecording","2014","Black, David W","Coastal Erosion and Archaeological History in Charlotte County, New Brunswick","","","","","https://www.youtube.com/watch?v=eJF4hvOtHbY","Dr. David W. Black, Professor of Archaeology in the Anthropology Department of the University of New Brunswick (Fredericton) presents a paper originally given to the annual general meeting of the Association of Professional Archaeologists of New Brunswick - Association des Archéologues Professionnels du Nouveau-Brunswick (APANB-AAPNB) in Saint Andrews, NB,  November 2013.  Dr. Black discusses the history of archaeological research, culture history, and major climatic and erosional events in the Passamaquoddy Bay and Charlotte County area and provides insight from his personal experience and observations over three decades of fieldwork in the region.","2014","2025-05-27 00:19:07","2025-05-27 00:19:07","","","","","","","","","","","","","","","en","","","","","","","","","","","","","","","","","","","","","","","","","","","","","","","","","","","","","","","","","","","","","","","","","","","","","","","","","",""
"EFYTG876","journalArticle","1994","Black, David W","The Pintlowes Cove Projectile Point","","","","","https://www.unb.ca/faculty-staff/directory/_resources/pdf/arts-fr/dwblack/pintlowes-cove.pdf","","1994","2025-05-27 00:19:07","2025-05-27 00:19:07","","3","","","","","","","","","","","","","en","","","","","Zotero","","","","","https://www.unb.ca/faculty-staff/directory/_resources/pdf/arts-fr/dwblack/pintlowes-cove.pdf","","","","","","","","","","","","","","","","","","","","","","","","","","","","","","","","","","","","","","","","","","","","","","","",""
"5M96P8AK","journalArticle","1997","Black, David","A Native Artifact From the Ocean Floor Near Indian Island","Fieldnotes: The Journal of the New Brunswick Archaeological Society","","","","https://www.unb.ca/faculty-staff/directory/_resources/pdf/arts-fr/dwblack/gougeindianisland.pdf","","1997","2025-05-27 00:19:07","2025-05-27 00:19:07","","5-7","","2 (Autumn)","3","","","","","","","","","","en","","","","","Zotero","","","","","https://www.unb.ca/faculty-staff/directory/_resources/pdf/arts-fr/dwblack/gougeindianisland.pdf","","","","","","","","","","","","","","","","","","","","","","","","","","","","","","","","","","","","","","","","","","","","","","","",""
"3E5EKJXW","book","1984","Black, David","An Archaeological survey of the shores of Grand Manan Archipelago","","0-88838-332-0","","","","","1984","2025-05-27 00:19:07","2025-05-27 00:19:07","","","47","","","","","","New Brunswick Manuscripts in Archaeology","5","","","Archaeology Branch, Dept. of Tourism, Recreation and Heritage","Fredericton, N.B.","en","","","","","WorldCat","","","","","","","","","","","","","","","","","","","","","","","","","","","","","","","","","","","","","","","","","","","","","","","","","","","","",""
"P38BL4YM","conferencePaper","1992","Black, D. W.; Wilkins, A.","Seasonality of modern and archaeological soft-shelled clams from the Quoddy region, New Brunswick","","","","","","","1992","2025-05-27 00:19:07","2025-05-27 00:19:07","","","","","","","","","","","","","","London, Ontario","","","","","","","","","","","","","","","","","","","","","","","","","","","","","","","","","","","","","","","","","","","","25th annual meeting of the Canadian Archaeological Association","","","","","","","","","","","","","","",""
"S7CW4UM7","manuscript","1986","Black, D. W.; Johnston, D. A.","An analysis of column samples from the Gooseberry Point Site, Quoddy Region, New Brunswick","","","","","","","1986","2025-05-27 00:19:07","2025-05-27 00:19:07","","","","","","","","","","","","","","Ms. on file, Archaeological Services of New Brunswick, Fredericton","","","","","","","","","","","","","","","","","","","","","","","","","","","","","","","","","","","","","","","","","","","","","","","","","","","","","","","","","","",""
"CHYD5PWB","conferencePaper","1988","Black, D. W.; Gruspier, K.; Johnston, D. A.","The Camp site: structural and subsistence analyses of an insular Quoddy region shell midden","","","","","","","1988","2025-05-27 00:19:07","2025-05-27 00:19:07","","","","","","","","","","","","","","Whistler, B.C.","","","","","","","","","","","","","","","","","","","","","","","","","","","","","","","","","","","","","","","","","","","","annual meeting of the Canadian Archaeological Association","","","","","","","","","","","","","","",""
"QJ6AG4GD","conferencePaper","1995","Black, D. W.; Blair, C. R.","Loyalist subsistence in the Quoddy region","","","","","","","1995","2025-05-27 00:19:07","2025-05-27 00:19:07","","","","","","","","","","","","","","Louisbourg, N.S.","","","","","","","","","","","","","","","","","","","","","","","","","","","","","","","","","","","","","","","","","","","","annual meeting of the Council for Northeastern Historical Archaeology","","","","","","","","","","","","","","",""
"87XP7L8W","book","1985","Black, David","Living in Bliss: an introduction to the archaeology of the Bliss Island, New Brunswick","","","","","","","1985","2025-05-27 00:19:07","2025-05-27 00:19:07","","","119","","","","","","New Brunswick Manuscripts in Archaeology","8","","","Dept. of Historical and Cultural Resources","Fredericton, N.B.","en","","","","","WorldCat","","","","","","","","","","","","","","","","","","","","","","","","","","","","","","","","","","","","","","","","","","","","","","","","","","","","",""
"JFY5XDXY","manuscript","1986","Black, D. W.; Saunders, S. R.; Suddard, F.; Johnston, D. A.","Thin sections of archaeological (Mya arenaria Linn.) chondrophores from the Partridge Island site (BgDr48) Quoddy Region, New Brunswick","","","","","","","1986","2025-05-27 00:19:07","2025-05-27 00:19:07","","","","","","","","","","","","","","Ms. on file, Department of Anthropology, University of New Brunswick, Fredericton","","","","","","","","","","","","","","","","","","","","","","","","","","","","","","","","","","","","","","","","","","","","","","","","","","","","","","","","","","",""
"UQ25JQUV","manuscript","","Black, D. W.; Gilbert, C. Drew","Deer Island Petrographic Series","","","","","","","","2025-05-27 00:19:07","2025-05-27 00:19:07","","","","","","","","","","","","","","","","","","","","","","","","","","","","","","","","","","","","","","","","","","","","","","","","","","","","","","","","","","","","","","","","","","","","","","","","",""
"3YMR8AQD","manuscript","1992","Black, D. W.","Notes on the Taylor Island shell deposit (BhDm11), Saint John, New Brunswick","","","","","","","1992","2025-05-27 00:19:07","2025-05-27 00:19:07","","","","","","","","","","","","","","Ms. on file, Archaeological Services of New Brunswick, Fredericton","","","","","","","","","","","","","","","","","","","","","","","","","","","","","","","","","","","","","","","","","","","","","","","","","","","","","","","","","","",""
"X34MAPWE","manuscript","1990","Black, D. W.","Final report on the Insular Quoddy Region seasonality project (1989-90 grant period)","","","","","","","1990","2025-05-27 00:19:07","2025-05-27 00:19:07","","","","","","","","","","","","","","Ms. on file, Social Sciences and Humanities Research Council of Canada, Ottawa","","","","","","","","","","","","","","","","","","","","","","","","","","","","","","","","","","","","","","","","","","","","","","","","","","","","","","","","","","",""
"G2E5VI24","manuscript","1989","Black, D. W.","Final report on the Insular Quoddy Region seasonality project (1988-89 grant period)","","","","","","","1989","2025-05-27 00:19:07","2025-05-27 00:19:07","","","","","","","","","","","","","","Ms. on file, Social Sciences and Humanities Research Council of Canada, Ottawa","","","","","","","","","","","","","","","","","","","","","","","","","","","","","","","","","","","","","","","","","","","","","","","","","","","","","","","","","","",""
"CTF2LQEX","manuscript","1985","Black, D. W.","Analysis of preserved shellfish periostrachum and matrix samples from the Oxbow Site, New Brunswick","","","","","","","1985","2025-05-27 00:19:07","2025-05-27 00:19:07","","","","","","","","","","","","","","Ms. on file, Archaeological Services of New Brunswick, Fredericton","","","","","","","","","","","","","","","","","","","","","","","","","","","","","","","","","","","","","","","","","","","","","","","","","","","","","","","","","","",""
"YQSVP5YM","book","1984","Black, D. W.","BgDr38: test excavations at a multi-component prehistoric site on Deer Island","","","","","","","1984","2025-05-27 00:19:07","2025-05-27 00:19:07","","","","","","","","","New Brunswick Manuscripts in Archaeology","#7","","","Archaeological Services of New Brunswick","","","","","","","","","","","","","","","","","","","","","","","","","","","","","","","","","","","","","","","","","","","","","","","","","","","","","","","","","","","",""
"YJDHYGQA","manuscript","1990","Black, D. W.","Report on faunal remains from the Acadian sites at Castle Frederick, Nova Scotia","","","","","","","1990","2025-05-27 00:19:07","2025-05-27 00:19:07","","","","","","","","","","","","","","Ms. on file, Nova Scotia Museum, Halifax","","","","","","","","","<p>Remove?? Seems to be NS content.</p>","","","","","","","","","","","","","","","","","","","","","","","","","","","","","","","","","","","","","","","","","","","","","","","","","",""
"RJUQ2MS6","manuscript","1989","Black, D. W.","Preliminary report on the Insular Quoddy Region seasonality project","","","","","","","1989","2025-05-27 00:19:07","2025-05-27 00:19:07","","","","","","","","","","","","","","Ms. on file, Social Sciences and Humanities Research Council of Canada, Ottawa","","","","","","","","","","","","","","","","","","","","","","","","","","","","","","","","","","","","","","","","","","","","","","","","","","","","","","","","","","",""
"Z8C2DARR","thesis","1989","Black, D. W.","Living close to the ledge: prehistory and human ecology of the Bliss Islands, Quoddy Region, New Brunswick, Canada","","","","","","","1989","2025-05-27 00:19:07","2025-05-27 00:19:07","","","","","","","","","","","","","Department of Anthropology, McMaster University","","","","Ph.D. dissertation","","","","","","","","","","","","","","","","","","","","","","","","","","","","","","","","","","","","","","","","","","","","","","","","","","","","","","","",""
"XUSRY4AP","manuscript","1988","Black, D. W.","More calcined fish bones from the Mud Lake Stream site","","","","","","","1988","2025-05-27 00:19:07","2025-05-27 00:19:07","","","","","","","","","","","","","","Ms. on file, Archaeological Services of New Brunswick, Fredericton","","","","","","","","","","","","","","","","","","","","","","","","","","","","","","","","","","","","","","","","","","","","","","","","","","","","","","","","","","",""
"JNNLIYGP","manuscript","1987","Black, D. W.","Zoological identification of shell pendent fragments from the Augustine Mound (CfD12), New Brunswick","","","","","","","1987","2025-05-27 00:19:07","2025-05-27 00:19:07","","","","","","","","","","","","","","Ms. on file, Archaeological Services of New Brunswick, Fredericton","","","","","","","","","","","","","","","","","","","","","","","","","","","","","","","","","","","","","","","","","","","","","","","","","","","","","","","","","","",""
"PQWJYDJT","manuscript","1984","Black, D. W.","Calcined herring bones from the Mud Lake Stream site","","","","","","","1984","2025-05-27 00:19:07","2025-05-27 00:19:07","","","","","","","","","","","","","","Ms. on file, Archaeological Services of New Brunswick, Fredericton","","","","","","","","","","","","","","","","","","","","","","","","","","","","","","","","","","","","","","","","","","","","","","","","","","","","","","","","","","",""
"6RIUUR8N","manuscript","1984","Black, D. W.","An analysis of the vertebrate faunal remains from the Old Mission Point site, New Brunswick","","","","","","","1984","2025-05-27 00:19:07","2025-05-27 00:19:07","","","","","","","","","","","","","","Ms. on file, Archaeological Services of New Brunswick, Fredericton","","","","","","","","","","","","","","","","","","","","","","","","","","","","","","","","","","","","","","","","","","","","","","","","","","","","","","","","","","",""
"SNKSLZH3","book","1994","Bishop, Jennifer C.; Black, David W. E. D.; New Brunswick. Archaeological Services.","The Partridge Island site: Early and Middle Woodland-related assemblages in Passamaquoddy Bay","","","","","","Partridge Island is a small island forming part of the Campobello-Deer Island archipelago in Passamaquoddy Bay, New Brunswick. This report describes & analyzes archaeological material excavated at the Partridge Island shell midden site. It begins with an overview of the Island environment & archaeology, then analyzes archaeological data including stratigraphy, cultural features & their distribution, bone & antler artefacts, ceramic artefacts, lithic artefacts, faunal remains, and radiocarbon dates. The prehistory & chronology of the Island and Bay are discussed with reference to the archaeological investigation and previous research. Variability in assemblages found at the Island and at mainland sites is also examined. Finally, conclusions are drawn regarding periods of site utilization and directions for future research are suggested.","1994","2025-05-27 00:19:07","2025-05-27 00:19:07","","","ix, 99 p.","","","","","","New Brunswick Manuscripts in Archaeology","28","","","Municipalities, Culture, Housing, Cultural Affairs","Fredericton","","","","","3076011","","KOERNER LIBRARY microforms (Floor 2) MICROLOG 101-01813","","<p>On cover: The Partridge Island Archaeology Project, vol. 2<br/>New Brunswick archaeology / New Brunswick. Archaeology Branch ; 28.</p>","","","","","","","","","","","","","","","","","","","","","","","","","","","","","","","","","","","","","","","","","","","","","","","","","",""
"FBTDLQGY","thesis","1994","Bishop, Jennifer C.","The Partridge Island Site: Early and Middle Woodland-Related Assemblages","","","","","","","1994","2025-05-27 00:19:07","2025-05-27 00:19:07","","","99","","","","","","","","","","McMaster University","Hamilton, ON","en","","Dissertation","","","WorldCat","L19EH58 AR7 M294","","","","","","","","","","","","","","","","","","","","","","","","","","","","","","","","","","","","","","","","","","","","","","","","","","","",""
"EWV943JA","thesis","1983","Black, D. W.","What images return: a study of the stratigraphy and seasonality of a small shell midden in the West Isles of New Brunswick","","","","","","","1983","2025-05-27 00:19:07","2025-05-27 00:19:07","","","","","","","","","","","","","Department of Anthropology, McMaster University","","","","M.A. thesis","","","","","","","","","","","","","","","","","","","","","","","","","","","","","","","","","","","","","","","","","","","","","","","","","","","","","","","",""
"S6LZ4DN3","conferencePaper","1983","Black, D. W.","Some questions concerning shellfish gathering in the West Isles of New Brunswick","","","","","","","1983","2025-05-27 00:19:07","2025-05-27 00:19:07","","","","","","","","","","","","","","Halifax, Nova Scotia","","","","","","","","","","","","","","","","","","","","","","","","","","","","","","","","","","","","","","","","","","","","16th annual meeting of the Canadian Archaeological Association","","","","","","","","","","","","","","",""
"BBQPWL5V","manuscript","1982","Black, D. W.","Preliminary report on the faunal remains from BgDr48: A small shell midden site in the West Isles of New Brunswick","","","","","","","1982","2025-05-27 00:19:07","2025-05-27 00:19:07","","","","","","","","","","","","","","Ms. on file, Faunal Osteoarchaeology Lab, Department of Anthropology, University of Toronto","","","","","","","","","","","","","","","","","","","","","","","","","","","","","","","","","","","","","","","","","","","","","","","","","","","","","","","","","","",""
"TPAPYQWG","journalArticle","1988","Bishop, Jennifer C.; Black, David W.","The Lands Edge Also: Culture History and Seasonality at the Partridge Island Shell Midden","Canadian Journal of Archaeology","","","","","","1988","2025-05-27 00:19:07","2025-05-27 00:19:07","","17-37","","","12","","","","","","","","","","","","","","","","","","","","","","","","","","","","","","","","","","","","","","","","","","","","","","","","","","","","","","","","","","","","","","","","","","","",""
"LCXFQQW3","manuscript","1980","Bishop, Jennifer C.","Phil's Beach: an artifact analysis and comparative study","","","","","","","1980","2025-05-27 00:19:07","2025-05-27 00:19:07","","","","","","","","","","","","","","Department of Anthropology, University of New Brunswick, Fredericton","","","Unpublished B.A. Honour's essay","","","","","","","","","","","","","","","","","","","","","","","","","","","","","","","","","","","","","","","","","","","","","","","","","","","","","","","",""
"9CCX52N9","journalArticle","1983","Bishop, Jennifer","Phil's Beach: An Artifact Analysis and Comparative Study","Nexus","","","","","","1983","2025-05-27 00:19:07","2025-05-27 00:19:07","","15-59","","2","1","","","","","","","","","","","","","","","","","","","","","","","","","","","","","","","","","","","","","","","","","","","","","","","","","","","","","","","","","","","","","","","","","","","",""
"IG8C53FL","bookSection","2019","Betts, Matthew W.; Black, David W.; Robinson, Brian; Spiess, Arthur; Thompson, Victor D.","Coastal Adaptations to the Northern Gulf of Maine and Southern Scotian Shelf","The Archaeology of Human-Environmental Dynamics on the North American Atlantic Coast","null","","","http://www.jstor.org/stable/j.ctvwvr35j.9","Three decades ago, David Sanger (1988) summarized evidence for coastal adaptations to the northern Gulf of Maine (NGOM), from about 6,000 years ago to European contact. We revisit that discussion and summarize recent insights into the development of regional economies around the NGOM and its watershed. We extend the discussion by considering the entire prehistoric sequence from Paleoindians to the eve of European contact, and by considering related riverine/interior evidence and artifacts that inform on the nature of coastal economies. Biologists and ecologists often consider the Gulf of Maine and Scotian Shelf as one system (e.g., Worcester and Parker 2010)","2019","2025-05-27 00:19:07","2025-05-27 00:19:07","2021-04-23","44-80","","","","","","","","","","","University Press of Florida","","","","","JSTOR","","","","","","","","","","Reeder-Myers, Leslie; Turck, John A.; Rick, Torben C.","","","","","","","","","","","","","","","","","","","1","","","","","","","","","","","","","","","","","","","","","","","","","",""
"ETQVEBGF","journalArticle","2012","Betts, Matthew W.; Black, David W.; Blair, Susan E.","Perspectivism, Mortuary Symbolism, and Human-Shark Relationships on the Maritime Peninsula","American Antiquity","","","","","","2012","2025-05-27 00:19:07","2025-05-27 00:19:07","","621-645","","4","77","","","","","","","","","","","","","","","","","","","","","","","","","","","","","","","","","","","","","","","","","","","","","","","","","","","","","","","","","","","","","","","","","","","",""
"BLAKNJ9E","journalArticle","2015","Bear Nicholas, Andrea","The Role of Colonial Artists in the Dispossession and Displacement of the Maliseet, 1790s-1850s","Journal of Canadian Studies","","","","","","2015","2025-05-27 00:19:07","2025-05-27 00:19:07","","25-86","","2","49","","","","","","","","","","","","","","","","","","","","","","","","","","","","","","","","","","","","","","","","","","","","","","","","","","","","","","","","","","","","","","","","","","","",""
"2HC6MRZK","manuscript","1964","Barka, Norman F.","Historic sites at Portland Point, Saint John, New Brunswick: preliminary report of the 1963 excavations","","","","","","","1964","2025-05-27 00:19:07","2025-05-27 00:19:07","","","","","","","","","","","","","","Ms. on file, Parks Canada, Ottawa","","","","","","","","","","","","","","","","","","","","","","","","","","","","","","","","","","","","","","","","","","","","","","","","","","","","","","","","","","",""
"Y9YXG9A3","thesis","1965","Barka, N. F.","Historic sites archaeology at Portland Point, New Brunswick, Canada 1631-C.1850 A.D","","","","","","","1965","2025-05-27 00:19:07","2025-05-27 00:19:07","","","","","","","","","","","","","Department of Anthropology, Harvard University","Cambridge, Mass","","","Ph.D. dissertation","","","","","","","","","","","","","","","","","","","","","","","","","","","","","","","","","","","","","","","","","","","","","","","","","","","","","","","",""
"9Z6V7WBG","bookSection","2004","Barefoot, Patricia","Elluhkatomek 6: Methodology, Part III","Wolastoqiyik Ajemseg: The People of the Beautiful River at Jemseg","1-55396-320-2","","","https://www2.gnb.ca/content/dam/gnb/Departments/thc-tpc/pdf/Arch/MIA36english.pdf","","2004","2025-05-27 00:19:07","2025-05-27 00:19:07","","69-72","","","2: Archaeological Results","","","Wolastoqiyik Ajemseg","New Brunswick Manuscripts in Archaeology","36E","","","Archaeological Services, Heritage Branch Culture and Sport Secretariat","Fredericton, N.B.","en","","","","","","","","","","","","","Blair, Susan","","","","","","","","","","","","","","","","","","","","","","","","","","","","","","","","","","","","","","","","","","","","",""
"Z3RX9HZG","journalArticle","1881","Baird, S.F.","Notes on Certain Aboriginal Shell Mounds on the Coasts of New Brunswick and New England","Proceedings of the United States National Museum","","","","","","1881","2025-05-27 00:19:07","2025-05-27 00:19:07","","292-297","","","4","","","","","","","","","","","","","","","","","","","","","","","","","","","","","","","","","","","","","","","","","","","","","","","","","","","","","","","","","","","","","","","","","","","",""
"AYSIBPPT","bookSection","1959","Biard, P.","Relations of New France and the Jesuit Father's voyage to that country","Jesuit Relations and Allied Documents, volume III, Acadia 1611-1616","","","","","","1959","2025-05-27 00:19:07","2025-05-27 00:19:07","","","","","","","","","","","","","Pageant Books Co","New York","","","","","","","","","","","","","","Thwaites, R. G.","","","","","","","","","","","","","","","","","","","","","","","","","","","","","","","","","","","","","","","","","","","","",""
"AY3FFRYC","book","2015","Bernard, Mary","The last romantic: the life of George Frederick Clarke, master storyteller of New Brunswick","","978-0-9936725-5-2 0-9936725-5-8 978-0-9936725-6-9 0-9936725-6-6","","","","","2015","2025-05-27 00:19:07","2025-05-27 00:19:07","","","","","","","","","","","","","Chapel Street Editions","Woodstock, New Brunswick","English","","","WorldCat.org","","","","","","","","","","","","","","","","","","","","","","","","","","","","","","","","","","","","","","","","","","","","","","","","","","","","","","",""
"2PEL465I","conferencePaper","1990","Bandow, J.; Black, D. W.","A clam for all seasons: preliminary seasonality analysis of soft shelled claims from the Bliss Islands","","","","","","","1990","2025-05-27 00:19:07","2025-05-27 00:19:07","","","","","","","","","","","","","","Whitehorse, Yukon Territory","","","","","","","","","","","","","","","","","","","","","","","","","","","","","","","","","","","","","","","","","","","","23rd annual meeting for the Canadian Archaeological Association","","","","","","","","","","","","","","",""
"9SHB5WZ9","journalArticle","1904","Bailey, L. W.","New Brunswick caves","New Brunswick Natural History Society, Bulletin","","","","","","1904","2025-05-27 00:19:07","2025-05-27 00:19:07","","155-169","","","22","","","","","","","","","","","","","","","","","","","","","","","","","","","","","","","","","","","","","","","","","","","","","","","","","","","","","","","","","","","","","","","","","","","",""
"LP9H44AF","journalArticle","1883","Bailey, L. W.","Indian relics from New Brunswick","Science","","","","","","1883","2025-05-27 00:19:07","2025-05-27 00:19:07","","245-246","","","1","","","","","","","","","","","","","","","","","","","","","","","","","","","","","","","","","","","","","","","","","","","","","","","","","","","","","","","","","","","","","","","","","","","",""
"H2NU9DBZ","book","2006","Augustine, M.; Turnbull, Christopher J.; Allen, Patricia; Ward, P.","To Hold It in My Hand","","","","","https://www2.gnb.ca/content/dam/gnb/Departments/thc-tpc/pdf/Arch/MIA43english.pdf","","2006","2025-05-27 00:19:07","2025-05-27 00:19:07","","","19","","","","","","New Brunswick Manuscripts in Archaeology","43","","","Archaeological Services, New Brunswick Culture and Sport Secretariat, Heritage Branch","Fredericton","en, fr","","","","","","","","","","","","","","","","","","","","","","","","","","","","","","","","","","","","","","","","","","","","","","","","","","","","","","","","","",""
"CBRFVLFG","journalArticle","2009","Archaeological Services","Standards for Conducting Archaeological Investigations in New Brunswick","","","","","","","2009-01-15","2025-05-27 00:19:07","2025-05-27 00:19:07","","","","","","","","The 2009 Standards","","","","","","","en","","","","","","","Publisher: Heritage Branch, Department of Wellness, Culture and Sport","","","","","","","","","","","","","","","","","","","","","","","","","","","","","","","","","","","","","","","","","","","","","","","","","","",""
"M25U6K63","journalArticle","1887","Bailey, L. W.","On the Relics of the Stone Age in New Brunswick","New Brunswick Natural History Society, Bulletin","","","","","","1887","2025-05-27 00:19:07","2025-05-27 00:19:07","","1-16","","","6","","","","","","","","","","","","","","","","","","","","","","","","","","","","","","","","","","","","","","","","","","","","","","","","","","","","","","","","","","","","","","","","","","","",""
"BWJGBZG6","bookSection","2007","Augustine, Madeline; Turnbull, Christopher; Allen, Patricia; Ward, Pamela","To Hold it in My Hand","Past Meets Present: Archaeologists Partnering with Museum Curators, Teachers, and Community Groups","978-0-387-48216-3","","","https://doi.org/10.1007/978-0-387-48216-3_10","","2007","2025-05-27 00:19:07","2025-05-27 00:19:07","","149-165","","","","","","","","","","","Springer New York","New York, NY","","","","","","","","","","","","","","Jameson, John H.; Baugher, Sherene","","","","","","","","","","","","","","","","","","","","","","","","","","","","","","","","","","","","","","","","","","","","",""
"BQCUSFQX","bookSection","2006","Augustine, Madeline; Turnbull, Christopher; Allen, Patricia; Ward, Pamela","Je le tenais dans mes mains","Past Meets Present","1-555396-627-9","","","https://www2.gnb.ca/content/dam/gnb/Departments/thc-tpc/pdf/Arch/MIA43french.pdf","","2006","2025-05-27 00:19:07","2025-05-27 00:19:07","2021-03-07 22:36:01","20","","","","","","","","","","","Springer New York","New York, NY","fr","","","","","","","","","","","","","Jameson, John H.; Baugher, Sherene","","","","","","","","","","","","","","","","","","","","","","","","","","","","","","","","","","","","","","","","","","","","",""
"J6F99JNX","journalArticle","2012","Archaeological Services","Guidelines and Procedures for Conducting Professional Archaeological Assessments in New Brunswick","","","","","","","2012-07-31","2025-05-27 00:19:07","2025-05-27 00:19:07","","","","","","","","The 2012 Guidelines","","","","","","","en","","","","","","","Publisher: Heritage Branch, Department of Culture, Tourism and Healthy Living","","","","","","","","","","","","","","","","","","","","","","","","","","","","","","","","","","","","","","","","","","","","","","","","","","",""
"HDNYKE39","journalArticle","2009","Archaeological Services","Guidelines for Conducting Heritage Resource Impact Assessments in New Brunswick","","","","","","","2009-04-21","2025-05-27 00:19:07","2025-05-27 00:19:07","","","","","","","","The 2009 Guidelines","","","","","","","en","","","","","","","Publisher: Heritage Branch, Department of Wellness, Culture and Sport","","","","","","","","","","","","","","","","","","","","","","","","","","","","","","","","","","","","","","","","","","","","","","","","","","",""
"W2N5UHA4","book","2004","Allen, Patricia; Thériault, Fidèle; Nicholas, Michael","Rocks Provincial Park: The 1994 Archaeological Survey and Historical Inventory","","978-1-55396-073-7","","","https://www2.gnb.ca/content/dam/gnb/Departments/thc-tpc/pdf/Arch/MIA33english.pdf","In 1994, three 19th-century sites were found during an archaeological survey conducted in advance of the redevelopment of the Rocks Provincial Park in New Brunswick. Additional 20th century sites were also recorded. The 19th century sites are the remains of farm homes occupied during the earlier part of the 19th century and recorded in the 1861 census. The Homestead in the Woods site is thought to have been the family home of a direct descendant of Robert Dickson, one of the first and most prominent Pre-Loyalist protestant settlers of the area. Both the Hilltop Farm site and the Marshside site also appear to be farm homes that were abandoned at the end of the 19th century, quite possibly following the 1869 destruction of important dykes by the Saxby Gale. The 1994 survey identified important historical resouces so they could be avoided during the Park redevelopment and construction. Corresponding archival and oral history research provided considerable material concerning the human history of the Rocks Park property.","2004","2025-05-27 00:19:07","2025-05-27 00:19:07","","","43","","","","","Rocks Provincial Park","New Brunswick manuscripts in archaeology","33E","","","Culture & Sport Secretariat, Heritage Branch, Archaeological Services","Fredericton, N.B.","en","","","","","Open WorldCat","","","<p>files/29/Allen et al. - 2004 - Rocks Provincial Park, the 1994 archaeological sur.pdf</p>","","","","","","","","","","","","","","","","","","","","","","","","","","","","","","","","","","","","","","","","","","","","","","","","","",""
"GYKTK5KS","journalArticle","1999","Allen, Patricia; Theriault, Fidel","Beaubears Island: Shipbuilding Center of the Miramichi","Fieldnotes: the Newsletter of the New Brunswick Archaeological Society","","","","","","1999","2025-05-27 00:19:07","2025-05-27 00:19:07","","10-11","","1","6","","","","","","","","","","","","","","","","","","","","","","","","","","","","","","","","","","","","","","","","","","","","","","","","","","","","","","","","","","","","","","","","","","","",""
"HFNI3NI6","book","2004","Allen, Patricia; Nicholas, Michael; Thériault, Fidèle","Reconnaissance archéologique de 1994 et inventaire historique du parc provincial des Rochers","","1-55396-319-9","","","https://www2.gnb.ca/content/dam/gnb/Departments/thc-tpc/pdf/Arch/MIA33french.pdf","","2004","2025-05-27 00:19:07","2025-05-27 00:19:07","","","44","","","","","","Manuscrits sur l’archéologie du Nouveau-Brunswick","33F","","","Les Services d’archéologie, Direction du patrimoine Secrétariat à la Culture et au Sport","Fredericton, N.B.","fr","","","","","","","","","","","","","","","","","","","","","","","","","","","","","","","","","","","","","","","","","","","","","","","","","","","","","","","","","",""
"E9PMMB9H","book","2005","Allen, Patricia","Site Oxbow 1984: Première nation mi'kmaq de Metepenagiag Miramichi (Noveau-Brunswick)","","978-1-55396-453-7","","","","","2005","2025-05-27 00:19:07","2025-05-27 00:19:07","","","84","","","","","Site Oxbow 1984","Manuscrits sur l’archéologie du Nouveau-Brunswick","40","","","Secrétariat à la Culture et au Sport","Fredericton, N.B.","fr","","","","","Open WorldCat","","","<p>files/15/Allen et al. - 2005 - Site Oxbow 1984 Première nation mi'kmaq de Metepe.pdf</p>","","","","","Stewart, Frances","Glidden-Hachey, Sandy; Gilbert, Drew; Suttie, Brent D.","","","","","","","","","","","","","","","","","","","","","","","","","","","","","","","","","","","","","","","","","","","",""
"TKDASU5V","book","2003","Allen, Patricia","Pointe Alston, Bathurst (Nouveau-Brunswick) : Important centre communautaire à la fin du XVIIIe et aux XIXe et XXe siècles","","1-55396-136-6","","","https://www2.gnb.ca/content/dam/gnb/Departments/thc-tpc/pdf/Arch/MIA32french.pdf","","2003","2025-05-27 00:19:07","2025-05-27 00:19:07","","","27","","","","","","Manuscrits d’archéologie du Nouveau-Brunswick","32","","","Les Services d’archéologie, Direction du patrimoine Secrétariat à la Culture et au Sport","Fredericton, N.B.","fr","","","","","","","","","","","","","","","","","","","","","","","","","","","","","","","","","","","","","","","","","","","","","","","","","","","","","","","","","",""
"HJLS542R","manuscript","2010","Allen, Patricia M.","Final Report on Background Research and 2010 Archaeological Field Testing of Mount Stewart Historic Sites at Red Bank, Mount Stewart, Prince Edward Island","","","","","","","2010","2025-05-27 00:19:07","2025-05-27 00:19:07","","","","","","","","","","","","","","","","","","","","","","","","","","","","","","","","","","","","","","","","","","","","","","","","","","","","","","","","","","","","","","","","","","","","","","","","",""
"F9RGUHDT","book","2005","Allen, Patricia","The Oxbow site 1984: Metepenagiag Mi'kmaq First Nation, Miramichi, New Brunswick","","978-1-55396-452-0","","","https://www2.gnb.ca/content/dam/gnb/Departments/thc-tpc/pdf/Arch/MIA39english.pdf","","2005","2025-05-27 00:19:07","2025-05-27 00:19:07","","","80","","","","","The Oxbow site 1984","New Brunswick Manuscripts in Archaeology","39","","","New Brunswick Culture and Sport Secretariat, Archaeoogical Services","Fredericton, N.B.","en","","","","","Open WorldCat","","","<p>files/13/Allen et al. - 2005 - The Oxbow site 1984 Metepenagiag Mi'kmaq First Na.pdf</p>","","","","","Glidden-Hachey, Sandy","Stewart, Dr Francis L.; Suttie, Brent D.; Gilbert, Drew","","","","","","","","","","","","","","","","","","","","","","","","","","","","","","","","","","","","","","","","","","","",""
"CVWQQEJN","book","2003","Allen, Patricia","Commodore George Walker at Alston Point, Nepisiguit, 1768-1777","","0-155396-052-1","","","","Commodore George Walker, one of the most successful British privateer captains of the 18th century, moved to Nova Scotia in 1763 and later successfully established a fishing station and trading post at Nepisiguit in northern New Brunswick. He was the first British subject to set up a land-based trading & fishing post on that coast and his establishment lasted until the late 1770s, when it was destroyed by American privateers. This publication reviews the achievements of George Walker from his seafaring days through his commercial activities in Canada until his untimely death in London, England in 1777. It also discusses the possible sites where archaeological remains of Walker's trading/fishing establishment might still be found.","2003","2025-05-27 00:19:07","2025-05-27 00:19:07","","","21p.","","","","","","New Brunswick Manuscripts in Archaeology","31","","","Culture & Sport Secretariat, Heritage Branch","Fredericton","en","","","","3098901","","KOERNER LIBRARY microforms (Floor 2) MICROLOG 103-05211","","<p>Bilingual<br/>New Brunswick archaeology / New Brunswick. Archaeology Branch ; 31.</p>","","","","","","","","","","","","","","","","","","","","","","","","","","","","","","","","","","","","","","","","","","","","","","","","","",""
"RBJBWVMA","book","2003","Allen, Patricia","Alston Point, Bathurst, New Brunswick: an important community centre throughout the late 18th, 19th and 20th centuries","","978-1-55396-136-9","","","https://www2.gnb.ca/content/dam/gnb/Departments/thc-tpc/pdf/Arch/MIA32english.pdf","Alston Point, at Bathurst, New Brunswick, Canada has been an important center in this northeastern region throughout the past three centuries. Using the evidence from historical documents and oral histories, this paper details the importance of this locale during the late 18th, 19th and 20th centuries. The role played by Alston Point in the development of the town of Bathurst is explored. Alston Point was a commercial shipping center for fishing and lumbering products but it also served as a place of residence, a 19th century shipbuilding station, a militia training grounds, a bird hunting destination, and as a recreational property. This summary of the more recent history of Alston Point covers an era in the social, commercial, and industrial heritage of the emerging town of Bathurst on New Brunswick’s north shore.","2003","2025-05-27 00:19:07","2025-05-27 00:19:07","","","26","","","","","Alston Point, Bathurst, New Brunswick","New Brunswick Manuscripts in Archaeology","32","","","New Brunswick, Culture and Sport Secretariat","Fredericton","en","","","","","Open WorldCat","","","<p>files/34/Allen et al. - 2003 - Alston Point, Bathurst, New Brunswick an importan.pdf</p>","","","","","Stewart, Dr Francis L.","","","","","","","","","","","","","","","","","","","","","","","","","","","","","","","","","","","","","","","","","","","","",""
"LJFVHYKM","book","1984","Allen, Patricia","Pointe aux Sable: a small Late Period hunting in Baie Ste-Anne, New Brunswick","","0-88838-338-X 978-0-88838-338-9","","","","","1984","2025-05-27 00:19:07","2025-05-27 00:19:07","","","49","","","","","","New Brunswick Manuscripts in Archaeology","9E","","","New Brunswick Dept. of Historical & Cultural Resources","Fredericton, N.B.","en","","","","","WorldCat","","","","","","","","","","","","","","","","","","","","","","","","","","","","","","","","","","","","","","","","","","","","","","","","","","","","",""
"JHLYVMVA","book","1983","Allen, Patricia","The St. Croix Waterway Recreation Area – 1982 archaeological survey","","0-88838-328-2 978-0-88838-328-0","","","","","1983","2025-05-27 00:19:07","2025-05-27 00:19:07","","","66","","","","","","New Brunswick Manuscripts in Archaeology","3","","","Archaeology Branch, Dept. of Historical and Cultural Resources","Fredericton, N.B.","en","","","","","WorldCat","L19EH58 AR7 M294","","","","","","","","","","","","","","","","","","","","","","","","","","","","","","","","","","","","","","","","","","","","","","","","","","","",""
"K6EPCHYJ","journalArticle","1989","Allen, Patricia","The Gerrish Site (CeDk2): A Report on Preliminary Excavations","Man in the Northeast","","","","","","1989","2025-05-27 00:19:07","2025-05-27 00:19:07","","25-34","","","37","","","","","","","","","","","","","","","","","","","","","","","","","","","","","","","","","","","","","","","","","","","","","","","","","","","","","","","","","","","","","","","","","","","",""
"TKV53VNS","book","1988","Allen, Patricia","Southwest Miramichi Survey and Testing Project: 1987","","0-88838-333-9 978-0-88838-333-4","","","","","1988","2025-05-27 00:19:07","2025-05-27 00:19:07","","","53","","","","","","New Brunswick Manuscripts in Archaeology","23E","","","Archaeological Services, Tourism, Recreation and Heritage","Fredericton, N.B.","en","","","","","WorldCat","E98 .A6 A55 1988","","<ul style=""box-sizing: border-box; -webkit-font-smoothing: antialiased; margin: 0px; padding: 0px; list-style: none; color: #545454; font-family: Roboto, Helvetica, Arial, sans-serif; font-size: 14px; font-style: normal; font-variant-ligatures: normal; font-variant-caps: normal; font-weight: 400; letter-spacing: normal; orphans: 2; text-align: left; text-indent: 0px; text-transform: none; white-space: normal; widows: 2; word-spacing: 0px; -webkit-text-stroke-width: 0px; background-color: #ffffff; text-decoration-thickness: initial; text-decoration-style: initial; text-decoration-color: initial;""> <li style=""box-sizing: border-box; -webkit-font-smoothing: antialiased;"">Bibliography: p. 59.</li> </ul>","","","","","","","","","","","","","","","","","","","","","","","","","","","","","","","","","","","","","","","","","","","","","","","","","",""
"ZU3RNDDP","book","1986","Allen, Patricia","An Archaeological survey of Beaubears Island – 1977","","0-88838-325-8 978-0-88838-325-9","","","","","1986","2025-05-27 00:19:07","2025-05-27 00:19:07","","","132","","","","","","New Brunswick Manuscripts in Archaeology","20E","","","Archaeological Services, Tourism, Recreation and Heritage","Fredericton, N.B.","en","","","","","WorldCat","E78 .N46 A434 1987","","","","","","","","","","","","","","","","","","","","","","","","","","","","","","","","","","","","","","","","","","","","","","","","","","","",""
"ES7DUVAQ","book","1984","Allen, Patricia","1983 Archaeological investigations in Saint Simon / Fourilles Archeologiques Effectuees a Saint-Simon en 1983","","","","","","","1984","2025-05-27 00:19:07","2025-05-27 00:19:07","","","27","","","","","","New Brunswick Manuscripts in Archaeology","6","","","New Brunswick Historical and Cultural Resources","Fredericton, N.B.","en","","","","","WorldCat","L19EH58 AR7 M294 no.06","","","","","","","","","","","","","","","","","","","","","","","","","","","","","","","","","","","","","","","","","","","","","","","","","","","",""
"5IMSAQ2D","thesis","1980","Allen, Patricia","The Oxbow Site: Chronology and Prehistory in Northeastern New Brunswick","","","","","","","1980","2025-05-27 00:19:07","2025-05-27 00:19:07","","","","","","","","","","","","","Memorial University of Newfoundland","Saint John","","","","","","","","","","","","","","","","","","","","","","","","","","","","","","","","","","","","","","","","","","","","","","","","","","","","","","","","","","",""
"AU4UPPKU","book","2010","Adney, Tappan; Behne, C. Ted","The Travel Journals of Tappan Adney, 1887-1890","","9780864926289 (pbk.)","","","","","2010","2025-05-27 00:19:07","2025-05-27 00:19:07","","","157 p.","","","","","","","","","","Goose Lane Editions","Fredericton, N.B.","","","","","16553440","","","","<p>2010530038<br/>edited by C. Ted Behne.<br/>ill., maps ; 21 cm.<br/>Includes index.</p>","","","Adney, E. Tappan 1868-1950; Adney, E. Tappan 1868-1950 Travel New Brunswick.; Adney, E. Tappan 1868-1950 Travel Nova Scotia.; Adney, Tappan, 1868-1950 Travel; Adney, Tappan, 1868-1950 Travel New Brunswick.; Adney, Tappan, 1868-1950 Travel Nova Scotia.; Malecite Indians.; New Brunswick Description and travel.; Nova Scotia Description and travel.","","","","","","","","","","","","","","","","","","","","","","","","","","","","","","","","","","","","","","","","","","","","","","",""
"NMPK3J36","book","1964","Adney, E. Tappan","The Bark Canoes and Skin Boats of North America","","","","","","","1964","2025-05-27 00:19:07","2025-05-27 00:19:07","","","","","","","","","","","","","Smithsonian Institution","Washington","","","","","","","","","","","","","","","","","","","","","","","","","","","","","","","","","","","","","","","","","","","","","","","","","","","","","","","","","","",""
"43873TKU","book","2020","Abbott, Chad","Eroding History: Coastal Native Artifact Collections of Charlotte County, New Brunswick","","","","","","","2020","2025-05-27 00:19:07","2025-05-27 00:19:07","","","","","","","","","","","","","","Self-published and available for purchase from the author","","","","","","","","","","","","","","","","","","","","","","","","","","","","","","","","","","","","","","","","","","","","","","","","","","","","","","","","","","",""
"FLA6V9D7","book","1981","Allen, Patricia","The Oxbow site: chronology and prehistory in northeastern New Brunswick","","0-88838-089-5 978-0-88838-089-0","","","","","1981","2025-05-27 00:19:07","2025-05-27 00:19:07","","","348","","","","","","New Brunswick Manuscripts in Archaeology","1","","","","Fredericton, N.B.","","","","","","WorldCat","","","","","","","","","","","","","","","","","","","","","","","","","","","","","","","","","","","","","","","","","","","","","","","","","","","","",""
"YDZPVEN8","manuscript","1975","Allen, Patricia","An archaeological survey of the Oromocto River system","","","","","","","1975","2025-05-27 00:19:07","2025-05-27 00:19:07","","","","","","","","","","","","","","Ms. on file, Archaeology Branch, New Brunswick Department of Tourism, Recreation and Heritage, Fredericton","","","","","","","","","","","","","","","","","","","","","","","","","","","","","","","","","","","","","","","","","","","","","","","","","","","","","","","","","","",""
"R5ZTIXW8","journalArticle","1992","Allen, John L.","From Cabot to Cartier: The Early Exploration of Eastern North America, 1497-1543","Annals of the Association of American Geographers","","","","","","1992","2025-05-27 00:19:07","2025-05-27 00:19:07","","500-521","","2","82","","","","","","","","","","","","","","","","","","","","","","","","","","","","","","","","","","","","","","","","","","","","","","","","","","","","","","","","","","","","","","","","","","","",""
"S8XHEGQM","book","2014","Adney, Tappan; Behne, C. Ted","The Travel Journals of Tappan Adney. Vol. 2, 1891-1896","","9780864924490 (pbk.) 9780864927996 (e-pub.)","","","","","2014","2025-05-27 00:19:07","2025-05-27 00:19:07","","","357 pages","","","","","","","","","","Goose Lane Editions","Fredericton, New Brunswick","","","","","18269254","","","","<p>2014432744<br/>E. Tappan Adney ; edited by C. Ted Behne ; with contributions by Andrea Bear Nicholas and Daryl Hunter ; foreword by Andrea Bear Nicholas.<br/>illustrations, maps ; 21 cm<br/>Includes bibliographical references (pages 345-347) and index.<br/>The first volume was published in 2010.<br/>Issued also in electronic format.</p>","","","Adney, Tappan, 1868-1950 Travel New Brunswick.; Adney, Tappan, 1868-1950 Travel Nova Scotia.; Malecite Indians.; New Brunswick Description and travel.; Nova Scotia Description and travel.; Adney, Tappan, 1868-1950","","","","","","","","","","","","","","","","","","","","","","","","","","","","","","","","","","","","","","","","","","","","","","",""
"V8KVTDH4","thesis","1980","McCormick, J.S.","Criteria in Archaeological Faunal Analysis: Four Passamaquoddy Bay Cases","","","","","","","1980","2025-05-27 00:19:12","2025-05-27 00:19:12","","","","","","","","","","","","","University of Maine","Orono","","","","","","","","","","","","","","","","","","","","","","","","","","","","","","","","","","","","","","","","","","","","","","","","","","","","","","","","","","",""
"F8GJAC6J","journalArticle","1905","Matthew, George F.; Kain, Samuel W.","An earthenware pot of the Stone Age found at Maquapit Lake","Bulletin of the Natural History Society of New Brunswick","","","","","","1905","2025-05-27 00:19:12","2025-05-27 00:19:12","","345-354","","","23","","","","","","","","","","","","","","","","","","","","","","","","","","","","","","","","","","","","","","","","","","","","","","","","","","","","","","","","","","","","","","","","","","","",""
"VSQVIXH6","journalArticle","1900","Matthew, George F.","A quarry and workshop of the Stone Age in New Brunswick. Proceedings and Transactions of the Royal Society of Canada","Transactions of the Royal Society of Canada","","","","","","1900","2025-05-27 00:19:12","2025-05-27 00:19:12","","61-69","","","6","","","","","","","","","","","","","","","","","","","","","","","","","","","","","","","","","","","","","","","","","","","","","","","","","","","","","","","","","","","","","","","","","","","",""
"4FMWW9J3","journalArticle","1896","Matthew, George F.","Report on the summer camp at French Lake","Bulletin of the Natural History Society of New Brunswick","","","","","","1896","2025-05-27 00:19:12","2025-05-27 00:19:12","","84-88","","","13","","","","","","","","","","","","","","","","","","","","","","","","","","","","","","","","","","","","","","","","","","","","","","","","","","","","","","","","","","","","","","","","","","","",""
"HEPKN87I","journalArticle","2020","Matchim, John R. H.","A Bibliography on Indigenous Peoples and the History of the Atlantic Region","Acadiensis: Journal of the History of the Atlantic Region / Revue d’histoire de la region atlantique","","1712-7432","10.1353/aca.2020.0019","","","2020","2025-05-27 00:19:12","2025-05-27 00:19:12","","223-264","","2","49","","","","","","","","","","","","","","","","","","","","","","","","","","","","","","","","","","","","","","","","","","","","","","","","","","","","","","","","","","","","","","","","","","","",""
"VR6JSKHU","journalArticle","1975","Martin, Calvin","The Four Lives of a Micmac Copper Pot","Ethnohistory","","","","","","1975","2025-05-27 00:19:12","2025-05-27 00:19:12","","111-133","","2","22","","","","","","","","","","","","","","","","","","","","","","","","","","","","","","","","","","","","","","","","","","","","","","","","","","","","","","","","","","","","","","","","","","","",""
"Y7XGTC2N","journalArticle","1974","Martin, Calvin","The European Impact on the Culture of a Northeastern Algonquian Tribe: an Ecological Interpretation","The William and Mary Quarterly","","","","","","1974","2025-05-27 00:19:12","2025-05-27 00:19:12","","3-26","","1","31","","","","","","","","","","","","","","","","","","","","","","","","","","","","","","","","","","","","","","","","","","","","","","","","","","","","","","","","","","","","","","","","","","","",""
"KJAC994V","journalArticle","2021","MacInnes, David","Pre-European Population Dynamics on the Maritime Peninsula","Archaeology of Eastern North America","","","","","","2021","2025-05-27 00:19:12","2025-05-27 00:19:12","","133-155","","","49","","","","","","","","","","","","","","","","","","","","","","","","","","","","","","","","","","","","","","","","","","","","","","","","","","","","","","","","","","","","","","","","","","","",""
"4FV638PL","journalArticle","1995","MacDonald, Shianne L.","Prehistoric Lithic Material Use in the Quoddy Region","Fieldnotes: the Newsletter of the New Brunswick Archaeological Society","","","","","","1995","2025-05-27 00:19:12","2025-05-27 00:19:12","","1,-4","","1 (Summer)","2","","","","","","","","","","","","","","","","","","","","","","","","","","","","","","","","","","","","","","","","","","","","","","","","","","","","","","","","","","","","","","","","","","","",""
"TWWSQZXJ","journalArticle","1988","MacDonald, MA","Before the Loyalists: The Material Culture of New Brunswick's Early English Settlers","Material Culture Review/Revue de la culture matérielle","","1927-9264","","","","1988","2025-05-27 00:19:12","2025-05-27 00:19:12","","15-32","","","28","","","","","","","","","","","","","","","","","","","","","","","","","","","","","","","","","","","","","","","","","","","","","","","","","","","","","","","","","","","","","","","","","","","",""
"WH2RKM9L","journalArticle","1971","MacDonald, George F.","A Review of Research on Paleo-Indian in Eastern North America","Arctic Anthropology","","","","","","1971","2025-05-27 00:19:12","2025-05-27 00:19:12","","32-41","","2","8","","","","","","","","","","","","","","","","","","","","","","","","","","","","","","","","","","","","","","","","","","","","","","","","","","","","","","","","","","","","","","","","","","","",""
"NYUBNP9M","thesis","","MacCarthy, Michelle","Mobility, migration and projectile point diversity in the Late Paleoindian period of the far Northeast","","","","","http://www.proquest.com/pqdtglobal/docview/305289993/abstract/394A4DB661584FAEPQ/1","The Late Paleoindian period, roughly dated 10,000 to 8,000 years BP, remains poorly understood in the Northeast. While the Early Paleoindian period is characterized by broad similarities in lithic technology across the region and much of North America, several different ‘diagnostic’ projectile point types have been identified as characteristic of the Late Paleoindian period in the Northeast. These include lanceolate points similar to contemporaneous specimens from the Great Lakes region, elongate parallel-flaked points, and basally thinned or partially fluted triangular points. What is lacking in the available literature is an attempt to understand, on a regional scale, how these different assemblages relate to one another. Although such an undertaking is hindered by the relatively small number of identified sites and a lack of radiocarbon dates, this paper re-assesses the available data for the period to examine possible cultural, functional, geographical and temporal explanations for the variety of Late Paleoindian ascribed assemblages in the archaeological record of the Northeast.","","2025-05-27 00:19:12","2025-05-27 00:19:12","2021-05-20 01:34:05","","195","","","","","","","","","","Memorial University of Newfoundland (Canada)","Canada","English","","M.A.","","","ProQuest","","","","","https://media.proquest.com/media/hms/ORIG/2/GTHLH?cit%3Aauth=MacCarthy%2C+Michelle&cit%3Atitle=Mobility%2C+migration+and+projectile+point+diversity+in+the+Late+Paleoindian+period+of+the+far+Northeast&cit%3Apub=ProQuest+Dissertations+and+Theses&cit%3Avol=&cit%3Aiss=&cit%3Apg=&cit%3Adate=2003&ic=true&cit%3Aprod=ProQuest+Dissertations+%26+Theses+Global&_a=ChgyMDIxMDUyMDAxMzA0MDE1NzozOTExMzYSBTk1ODEzGgpPTkVfU0VBUkNIIgwxMzEuMjAyLjM4LjQqBTE4NzUwMgkzMDUyODk5OTM6DURvY3VtZW50SW1hZ2VCATBSBk9ubGluZVoCRlRiA1BGVGoAcgB6AIIBKlAtMTAwODc1My0xNDYxMS1QRVJQRVRVQUwtMTAwMDAyMDUtNDM4MzAwN5IBBk9ubGluZcoBc01vemlsbGEvNS4wIChXaW5kb3dzIE5UIDEwLjA7IFdpbjY0OyB4NjQpIEFwcGxlV2ViS2l0LzUzNy4zNiAoS0hUTUwsIGxpa2UgR2Vja28pIENocm9tZS85MC4wLjQ0MzAuMjEyIFNhZmFyaS81MzcuMzbSARZEaXNzZXJ0YXRpb25zICYgVGhlc2VzmgIHUHJlUGFpZKoCJU9TOkVNUy1Eb3dubG9hZFBkZi1nZXRNZWRpYVVybEZvckl0ZW3KAhNEaXNzZXJ0YXRpb24vVGhlc2lz0gIBWeICAPICAPoCAU6CAwNXZWKKAxxDSUQ6MjAyMTA1MjAwMTMwNDAxNTQ6MjQ4Mjk5&_s=NRAQ0rn%2F2KEsZ8bAgrpA1YNdVMw%3D","Social sciences","","","","","","","","","","","","","","","","","","","","","","","","","","","","","","","","","","","","","","","","","","","","","","",""
"LBQB7X5V","book","1989","Maine Indian Program.","The Wabanakis of Maine and the Maritimes : a resource book about Penobscot, Passamaquoddy, Maliseet, Micmac, and Abenaki Indians, with lesson plans for grades 4 through 8","","","","","","","1989","2025-05-27 00:19:12","2025-05-27 00:19:12","","","","","","1","","","","","","","The Program ; Distributed by Program Resources of the National Office of the American Friends Service Committee","Bath, Me. Philadelphia","","","","","3453631","","","","<p>92100306<br/>prepared for and published by the Maine Indian Program of the New England Regional Office of the American Friends Service Committee.<br/>ill., maps ; 28 cm. + 1 sound disc (analog, 33 1/3 rpm, mono. ; 8 1/2 in.)<br/>Includes bibliographical references and index.</p>","","","Abenaki Indians Social life and customs.; Abenaki Indians Study and teaching.","","","","","","","","","","","","","","","","","","","","","","","","","","","","","","","","","","","","","","","","","","","","","","",""
"PB22AGWL","thesis","2021","Macneil, Margaret","Technology in a Time of Transition: Understanding Protohistoric Stone Tool Technology in the Quoddy Region, New Brunswick","","","","","","","2021","2025-05-27 00:19:12","2025-05-27 00:19:12","","","","","","","","","","","","","University of New Brunswick","Fredericton","","","","","","","","","","","","","","","","","","","","","","","","","","","","","","","","","","","","","","","","","","","","","","","","","","","","","","","","","","",""
"J9JWHWS2","journalArticle","2014","Macleod-Leslie, Heather","Archaeology and Atlantic Canada's African Diaspora","Acadiensis","","","","","","2014","2025-05-27 00:19:12","2025-05-27 00:19:12","","137-145","","1","43","","","","","","","","","","","","","","","","","","","","","","","","","","","","","","","","","","","","","","","","","","","","","","","","","","","","","","","","","","","","","","","","","","","",""
"F7PPCEYI","thesis","1994","MacDonald, S.L.","Exploring Patterns of Prehistoric Lithic Material Use in the Insular Quoddy Region, Charlotte County, New Brunswick","","","","","","","1994","2025-05-27 00:19:12","2025-05-27 00:19:12","","","","","","","","","","","","","University of New Brunswick","Fredericton","","","","","","","","","","","","","","","","","","","","","","","","","","","","","","","","","","","","","","","","","","","","","","","","","","","","","","","","","","",""
"PHIJMW2J","journalArticle","2000","Lockerby, Earle","Archaeological Excavations at Scovil in 1999","Fieldnotes: the Newsletter of the New Brunswick Archaeological Society","","","","","","2000","2025-05-27 00:19:12","2025-05-27 00:19:12","","3-5","","1 (Winter)","7","","","","","","","","","","","","","","","","","","","","","","","","","","","","","","","","","","","","","","","","","","","","","","","","","","","","","","","","","","","","","","","","","","","",""
"52RNZVGE","journalArticle","2000","Lockerby, Earle","A Short History of Fort Jemseg","Fieldnotes: the Newsletter of the New Brunswick Archaeological Society","","","","","","2000","2025-05-27 00:19:12","2025-05-27 00:19:12","","6-9","","1 (Winter)","7","","","","","","","","","","","","","","","","","","","","","","","","","","","","","","","","","","","","","","","","","","","","","","","","","","","","","","","","","","","","","","","","","","","",""
"7Z6FF7K9","book","1846","Levinge, R.G.A.","Echoes from the Backwoods; or Sketches of Transatlantic Life","","","","","","","1846","2025-05-27 00:19:12","2025-05-27 00:19:12","","","","","I","II","","","","","","","Henry Colburn","London","","","","","","","","","","","","","","","","","","","","","","","","","","","","","","","","","","","","","","","","","","","","","","","","","","","","","","","","","","",""
"ZW89X4ZP","book","2009","LeSourd, Philip S.","Tales from Maliseet Country: The Maliseet Texts of Karl V. Teeter","","","","","","","2009","2025-05-27 00:19:12","2025-05-27 00:19:12","","","","","","","","","Studies in the Anthropology of North American Indians Series","","","","University of Nebraska Press","Lincoln","","","","","","","","","","","","","","","","","","","","","","","","","","","","","","","","","","","","","","","","","","","","","","","","","","","","","","","","","","",""
"X3GBPMSV","book","1914","Lescabot, M.","The history of New France (1609)","","","","","","","1914","2025-05-27 00:19:12","2025-05-27 00:19:12","","","","","","","","","","","","","Champlain Society","Toronto","","","","","","","","","","","","","","Ganong, W. F.","","","","","","","","","","","","","","","","","","","","","","","","","","","","","","","","","","","","","","","","","","","","",""
"8NN87HYW","journalArticle","2018","Lyons, Natasha; Blair, Susan","Looking Both Ways at Community Archaeologies in Canada","Canadian Journal of Archaeology","","","","","","2018","2025-05-27 00:19:12","2025-05-27 00:19:12","","172-183","","1","48","","","","","","","","","","","","","","","","","","","","","","","","","","","","","","","","","","","","","","","","","","","","","","","","","","","","","","","","","","","","","","","","","","","",""
"AIKKSBEQ","journalArticle","2016","Lothrop, Jonathan C.; Lowery, Darrin L.; Spiess, Arthur E.; Ellis, Christopher J.","Early Human Settlement of Northeastern North America","PaleoAmerica","","2055-5563 2055-5571","10.1080/20555563.2016.1212178","","","2016","2025-05-27 00:19:12","2025-05-27 00:19:12","","192-251","","3","2","","","","","","","","","","","","","","","","","","","","","","","","","","","","","","","","","","","","","","","","","","","","","","","","","","","","","","","","","","","","","","","","","","","",""
"CATEEWRY","bookSection","2017","Loring, Stephen","To the uttermost ends of the earth….Ramah chert in time and space","Ramah Chert: A Lithic Odyssey","","","","","","2017","2025-05-27 00:19:12","2025-05-27 00:19:12","","169-219","","","","","","","","","","","Parks Canada and Avataq Cultural Institute","Inukjuak","","","","","","","","","","","","","","Curtis, Jenneth E.; Desrosiers, Pierre M.","","","","","","","","","","","","","","","","","","","","","","","","","","","","","","","","","","","","","","","","","","","","",""
"VBKSDEAR","bookSection","2016","Loewen, Brad","Cultural Transmissions of the “Biscayne Shallop” in the Gulf of St. Lawrence, 1560–1750","The Archaeology of Vernacular Watercraft","978-1-4939-3561-1 978-1-4939-3563-5","","","","","2016","2025-05-27 00:19:12","2025-05-27 00:19:12","","165-187","","","","","","","When the Land Meets the Sea","","","","Springer-Verlag","New York","","","","","","","","","","","","","","Evans, Amanda M.","","","","","","","","","","","","","","","","","","","","","","","","","","","","","","","","","","","","","","","","","","","","",""
"YKBUXZYZ","journalArticle","2004","Lockerby, Earle","Ancient Mi'kmaw Customs: A Shaman's Revelations","The Canadian Journal of Native Studies","","","","","","2004","2025-05-27 00:19:12","2025-05-27 00:19:12","","403-423","","2","24","","","","","","","","","","","","","","","","","","","","","","","","","","","","","","","","","","","","","","","","","","","","","","","","","","","","","","","","","","","","","","","","","","","",""
"7YKU68QQ","bookSection","2017","Leonard, Kevin","Why Waltes was a Woman's Game","Prehistoric Games of North American Indians: Subarctic to Mesoamerica","","","","","","2017","2025-05-27 00:19:12","2025-05-27 00:19:12","","19-33","","","","","","","","","","","University of Utah Press","Salt Lake City","","","","","","","","","","","","","","Voorhies, Barbara","","","","","","","","","","","","","","","","","","","","","","","","","","","","","","","","","","","","","","","","","","","","",""
"4DFFE6CY","journalArticle","1996","Leonard, Kevin","Mi'kmaq Culture During the Late Woodland and Early Historic Periods","Fieldnotes: the Newsletter of the New Brunswick Archaeological Society","","","","","","1996","2025-05-27 00:19:12","2025-05-27 00:19:12","","3-4","","2 (Autumn)","3","","","","","","","","","","","","","","","","","","","","","","","","","","","","","","","","","","","","","","","","","","","","","","","","","","","","","","","","","","","","","","","","","","","",""
"QSJV4T4K","thesis","1996","Leonard, Kevin","Mi'kmaq Culture During the Late Woodland and Early Historic Periods","","","","","","","1996","2025-05-27 00:19:12","2025-05-27 00:19:12","","","","","","","","","","","","","University of Toronto","Toronto","","","","","","","","","","","","","","","","","","","","","","","","","","","","","","","","","","","","","","","","","","","","","","","","","","","","","","","","","","",""
"J92YKRFZ","journalArticle","1995","Leonard, Kevin","Woodland or Ceramic Period: a theoretical problem","Northeast Anthropology","","","","","","1995","2025-05-27 00:19:12","2025-05-27 00:19:12","","19-30","","","50","","","","","","","","","","","","","","","","","","","","","","","","","","","","","","","","","","","","","","","","","","","","","","","","","","","","","","","","","","","","","","","","","","","",""
"QVSGR4J2","manuscript","1989","Leonard, K.","Faunal analysis of the Rustico Island site, Canada","","","","","","","1989","2025-05-27 00:19:12","2025-05-27 00:19:12","","","","","","","","","","","","","","Ms. on file, Atlantic Regional Office, Canadian Parks Service, Halifax","","","","","","","","","","","","","","","","","","","","","","","","","","","","","","","","","","","","","","","","","","","","","","","","","","","","","","","","","","",""
"E6JSKWDD","journalArticle","1937","Leighton, Alexander H.","The Twilight of the Indian Porpoise Hunters: A Dramatic Reenactment of a Perilous Profession","Natural History","","","","","","1937","2025-05-27 00:19:12","2025-05-27 00:19:12","","410-416","","1","40","","","","","","","","","","","","","","","","","","","","","","","","","","","","","","","","","","","","","","","","","","","","","","","","","","","","","","","","","","","","","","","","","","","",""
"UE77PLMV","book","1910","LeClerq, C.","New relations of Gaspesia with the customs and religions of the Gaspesian Indians (1961)","","","","","","","1910","2025-05-27 00:19:12","2025-05-27 00:19:12","","","","","","","","","","","","","Champlain Society","Toronto","","","","","","","","","","","","","","Ganong, W. F.","","","","","","","","","","","","","","","","","","","","","","","","","","","","","","","","","","","","","","","","","","","","",""
"ZAPPSFQW","bookSection","2008","Leroux, John","France's New Frontier, 1604-1760","Building New Brunswick: An Architectural History","978-0-86492-504-6","","","","","2008","2025-05-27 00:19:12","2025-05-27 00:19:12","","23-38","","","","","","","","","","","Goose Lane Editions","","","","","","","","","","","","","","","","","","","","Leroux, John","","","","","","","","","","","","","","","","","","","","","","","","","","","","","","","","","","","","","","","",""
"CA2V584H","report","2002","Leonard, K.","Archaeology of the Restigouche River, New Brunswick: a summary","","","","","","","2002","2025-05-27 00:19:12","2025-05-27 00:19:12","","","","","","","","","","","","","","Shediac Bridge","","","","","","","","","","","","","","","","","","","","","","","","","","","","","","","","","","","","","","","","","","","","","","","","","","","","","","","","","","",""
"49FECHMJ","book","1884","Leland, Charles Godfrey","The Algonquin Legends of New England, or, Myths and Folk Lore of the Micmac, Passamaquoddy, and Penobscot Tribes","","","","","","","1884","2025-05-27 00:19:12","2025-05-27 00:19:12","","","","","","","","","","","","","Sampson Low, Marston, Searle & Rivington","London","","","","","","","","","","","","","","","","","","","","","","","","","","","","","","","","","","","","","","","","","","","","","","","","","","","","","","","","","","",""
"PYEKHM9Q","bookSection","2008","Leavitt, Robert","New Brunswick's First Architects","Building New Brunswick: An Architectural History","978-0-86492-504-6","","","","","2008","2025-05-27 00:19:12","2025-05-27 00:19:12","","15-22","","","","","","","","","","","Goose Lane Editions","","","","","","","","","","","","","","","","","","","","Leroux, John","","","","","","","","","","","","","","","","","","","","","","","","","","","","","","","","","","","","","","","",""
"H6GYKMES","book","1990","Lavoie, Marc C.","The Archaeological Reconnaissance of the Beaubassin Region in Nova Scotia and New Brunswick - 1986","","0-88838-341-X","","","","","1990","2025-05-27 00:19:12","2025-05-27 00:19:12","","","130","","","","","","The Council of Maritime Premiers Maritime Committee on Archaeological Cooperation Reports in Archaeology","no. 7","","","Published for the Council of Maritime Premiers, Maritime Committee on Archaeological Cooperation by Archaeological Services New Brunswick, Department of Tourism, Recreation, and Heritage","[Fredericton]","English","","","","","","","","","","","","","","","","","","","","","","","","","","","","","","","","","","","","","","","","","","","","","","","","","","","","","","","","","",""
"DGQNKN95","book","1986","Lavoie, Marc C.","A preliminary bibliography for historic artifact research in the Maritimes","","0-88838-354-1 978-0-88838-354-9","","","","","1986","2025-05-27 00:19:12","2025-05-27 00:19:12","","","66","","","","","","New Brunswick Manuscripts in Archaeology","16E/F","","","Archaeology Branch, Dept. of Tourism, Recreation and Heritage = Section d'archéologie, Ministère du tourisme, des loisirs et du patrimoine","Fredericton, N.B.","en, fr","","","","","WorldCat","L19EH58 AR7 M294 no.16","","<ul style=""box-sizing: border-box; -webkit-font-smoothing: antialiased; margin: 0px; padding: 0px; list-style: none; color: #545454; font-family: Roboto, Helvetica, Arial, sans-serif; font-size: 14px; font-style: normal; font-variant-ligatures: normal; font-variant-caps: normal; font-weight: 400; letter-spacing: normal; orphans: 2; text-align: left; text-indent: 0px; text-transform: none; white-space: normal; widows: 2; word-spacing: 0px; -webkit-text-stroke-width: 0px; background-color: #ffffff; text-decoration-thickness: initial; text-decoration-style: initial; text-decoration-color: initial;""> <li style=""box-sizing: border-box; -webkit-font-smoothing: antialiased;"">Text in English and French.</li> </ul>","","","","","","","","","","","","","","","","","","","","","","","","","","","","","","","","","","","","","","","","","","","","","","","","","",""
"ZG8HFC3N","book","1985","Lavoie, Marc C.","Archaeological activies in Upper Dorchester, Westmorland County, New Brunswick","","","","","","","1985","2025-05-27 00:19:12","2025-05-27 00:19:12","","","","","","","","","New Brunswick Manuscripts in Archaeology","13E","","","Archaeology Branch, Department of Tourism","Fredericton, N.B.","","","","","","","","","","","","","","","","","","","","","","","","","","","","","","","","","","","","","","","","","","","","","","","","","","","","","","","","","","",""
"FMUGJZLU","journalArticle","1994","Lavoie, Marc","The Fort LaTour exhibit comes to Fredericton","Fieldnotes: the Newsletter of the New Brunswick Archaeological Society","","","","","","1994","2025-05-27 00:19:12","2025-05-27 00:19:12","","1,-4-6, 8","","2 (May)","1","","","","","","","","","","","","","","","","","","","","","","","","","","","","","","","","","","","","","","","","","","","","","","","","","","","","","","","","","","","","","","","","","","","",""
"M8XQCMA3","thesis","1972","Lavoie, J.","Le Site Sandy Point (BgDs6) et L’origine de la Region fo la Baie de Passamaquoddy, Nouveau-Brunswick","","","","","","","1972","2025-05-27 00:19:12","2025-05-27 00:19:12","","","","","","","","","","","","","University of Montréal","Montréal","","","","","","","","","","","","","","","","","","","","","","","","","","","","","","","","","","","","","","","","","","","","","","","","","","","","","","","","","","",""
"K4H4ZHA4","bookSection","2013","Laroque, Colin P.","The History Mystery of the Val-Comeau Canoe","Underground New Brunswick: Stories of Archaeology","978-1-77108-095-8","","","","","2013","2025-05-27 00:19:12","2025-05-27 00:19:12","","47-54","","","","","","","","","","","Nimbus","Halifax, NS","English","","","","","","","","","","","","","Erickson, P.; Fowler, J.","","","","","","","","","","","","","","","","","","","","","","","","","","","","","","","","","","","","","","","","","","","","",""
"99HWB3VD","book","1986","Lavoie, Marc C.","Tong's Island, Westmorland County, New Brunswick 1985: initial Survey and Background paper","","0-88838-366-5 978-0-88838-366-2","","","","","1986","2025-05-27 00:19:12","2025-05-27 00:19:12","","","40","","","","","","New Brunswick Manuscripts in Archaeology","19","","","Archaeological Services, Tourism, Recreation and Heritage","Fredericton, N.B.","en","","","","","WorldCat","L19EH58 AR7 M294","","","","","","","","","","","","","","","","","","","","","","","","","","","","","","","","","","","","","","","","","","","","","","","","","","","",""
"X56F5NEM","book","1985","Lavoie, Marc C.","The Archaeological investigations at the Cross emplacement, Bouctouche Micmac Reserve, Kent Co., New Brunswick","","0-88838-350-9","","","","","1985","2025-05-27 00:19:12","2025-05-27 00:19:12","","","22","","","","","","New Brunswick Manuscripts in Archaeology","11E","","","Archaeology Branch, Dept. of Tourism, Recreation and Heritage","Fredericton, N.B.","en","","","","","","","","","","","","","","","","","","","","","","","","","","","","","","","","","","","","","","","","","","","","","","","","","","","","","","","","","",""
"B8DCGMAE","manuscript","1985","Langemann, G.","Analysis of faunal material from Mud Lake Stream, BkDw5, and sites along the Chiputneticook-St. Croix drainage, New Brunswick","","","","","","","1985","2025-05-27 00:19:12","2025-05-27 00:19:12","","","","","","","","","","","","","","Ms. on file, Archaeological Services of New Brunswick, Fredericton","","","","","","","","","","","","","","","","","","","","","","","","","","","","","","","","","","","","","","","","","","","","","","","","","","","","","","","","","","",""
"BJM82I3S","manuscript","1984","Langemann, G.","An analysis of faunal material from the Diggety site (BjDu17) and Mud Lake Stream site (BkDw5), New Brunswick","","","","","","","1984","2025-05-27 00:19:12","2025-05-27 00:19:12","","","","","","","","","","","","","","Ms. on file, Archaeological Services of New Brunswick, Fredericton","","","","","","","","","","","","","","","","","","","","","","","","","","","","","","","","","","","","","","","","","","","","","","","","","","","","","","","","","","",""
"SCUIWN3L","thesis","2010","Landry, Mark William","Pokemouche Mi'kmaq and the Colonial Regimes","","","","","http://www.proquest.com/pqdtglobal/docview/850972800/abstract/838BF4023E6543BEPQ/1","The community of Pokemouche existed since before European contact. During the early European contact, fur traders were looking to gain as much profit as possible and made lopsided exchanges which often involved alcohol. The emphasis of the fur trade drastically changed the traditional economies of the Mi'kmaq, systematically coercing them to change from community based-lifeways to individualist economies. During the British colonial era, the Mi'kmaq were forced from their vast traditional lands into small reserves, such as Pokemouche. In 1844, New Brunswick passed an Act to dispose reserves that government officials had deemed not required for indigenous use. Pokemouche took the greatest hit, going from a vibrant traditional community to unoccupied land. Concurrently, laws helped eliminate traditional native economies, forcing the Mi'kmaq to change their means of economic survival. Some of the Pokemouche Mi'kmaq moved to neighbouring reserves while others moved into wage labour near the Pokemouche River.","2010","2025-05-27 00:19:12","2025-05-27 00:19:12","2021-05-16 19:23:16","","132","","","","","","","","","","Saint Mary's University (Canada)","Canada","English","","M.A.","","","ProQuest","","","","","https://media.proquest.com/media/hms/ORIG/2/wP9xI?cit%3Aauth=Landry%2C+Mark+William&cit%3Atitle=Pokemouche+Mi%27kmaq+and+the+Colonial+Regimes&cit%3Apub=ProQuest+Dissertations+and+Theses&cit%3Avol=&cit%3Aiss=&cit%3Apg=&cit%3Adate=2010&ic=true&cit%3Aprod=ProQuest+Dissertations+%26+Theses+Global&_a=ChgyMDIxMDUxNjE5MjIzMjM0NzoxNzA4ODYSBTk1ODEzGgpPTkVfU0VBUkNIIgwxMzEuMjAyLjM4LjQqBTE4NzUwMgk4NTA5NzI4MDA6DURvY3VtZW50SW1hZ2VCATBSBk9ubGluZVoCRlRiA1BGVGoKMjAxMC8wMS8wMXIKMjAxMC8xMi8zMXoAggEqUC0xMDA4NzUwLTE0NjExLVBFUlBFVFVBTC0xMDAwMDIwNS00MzgzMDA0kgEGT25saW5lygFzTW96aWxsYS81LjAgKFdpbmRvd3MgTlQgMTAuMDsgV2luNjQ7IHg2NCkgQXBwbGVXZWJLaXQvNTM3LjM2IChLSFRNTCwgbGlrZSBHZWNrbykgQ2hyb21lLzkwLjAuNDQzMC4yMTIgU2FmYXJpLzUzNy4zNtIBFkRpc3NlcnRhdGlvbnMgJiBUaGVzZXOaAgdQcmVQYWlkqgIlT1M6RU1TLURvd25sb2FkUGRmLWdldE1lZGlhVXJsRm9ySXRlbcoCE0Rpc3NlcnRhdGlvbi9UaGVzaXPSAgFZ4gIA8gIA%2BgIBToIDA1dlYooDHENJRDoyMDIxMDUxNjE5MjIzMjM0NDo2NTczODM%3D&_s=iPxjegDawpcnT2DKV2rpiPE48Gw%3D","New Brunswick; Social sciences","","","","","","","","","","","","","","","","","","","","","","","","","","","","","","","","","","","","","","","","","","","","","","",""
"CH7IY5YT","bookSection","2014","Lacroix, Dominic; Bell, Trevor; Shaw, John; Westley, Kieran","Submerged Archaeological Landscapes and the Recording of Precontact History: Examples from Atlantic Canada","Prehistoric Archaeology on the Continental Shelf","978-1-4614-9634-2 978-1-4614-9635-9","","","","","2014","2025-05-27 00:19:12","2025-05-27 00:19:12","","13-35","","","","","","","","","","","","","","","","","","","","","","","","","","","","","","","","","","","","","","","","","","","","","","","","","","","","","","","","","","","","","","","","","","","","","","",""
"PNPM39UB","book","2004","Kristmanson, Helen","A Short History of Beaumont, New Brunswick - Bref Historique de Beaumont au Nouveau-Brunswick","","1-55396-559-0 978-1-55396-559-6","","","","Beaumont tells the story of the Fort Folly Mi’kmaq, whose ancestors lived, danced, sang, prayed, and buried their dead at this site for nearly a century before moving on. But no community, however small, is an island, and without reference to the friends and neighbors with whom the Mi’kmaq at Beaumont share a history, the story is incomplete. At the height of its occupation Beaumont, now enjoyed for its tranquil scenery, was part of a busy area that rippled with human activity. On the more fertile ridge just a ten-minute walk above the site, farmers tended to their orchards while children attended school in the one room schoolhouse nearby. Not far down the road from the chapel, industrial minded men worked in quarries and brickyards, and local people operated post or “way” offices out of their homes. Those not employed in local industry worked as fishermen, hunters, domestics, teachers, laborers, coopers, blacksmiths, craftsmen, and at many other occupations. Together the Aboriginal and Acadian people sustained this community from 1840-1955, forming a richly textured chapter of New Brunswick history.","2004","2025-05-27 00:19:12","2025-05-27 00:19:12","","","","","","","","","New Brunswick manuscripts in archaeology","37","","","New Brunswick, Culture and Sport Secretariat","[Fredericton]","English and French","","","WorldCat.org","","","","","","","","","","","","","","","","","","","","","","","","","","","","","","","","","","","","","","","","","","","","","","","","","","","","","","",""
"ZIF3BKZ3","bookSection","1988","Langemann, G.","Faunal report, BeCs3","The Late Prehistory of Nova Scotia as viewed from the Brown site","","","","","","1988","2025-05-27 00:19:12","2025-05-27 00:19:12","","Appendix-G, pp.279-306","","","","","","","","","","","Nova Scotia Museum","Halifax","","","","","","","","","","","","","","","","","","","","","","","","","","","","","","","","","","","","","","","","","","","","","","","","","","","","","","","","","","",""
"5GV3U6ZW","book","2012","Lacey, Laurie","Miḱmaq medicines : remedies and recollections","","9781551099170 (pbk.) 1551099179 (pbk.)","","","","","2012","2025-05-27 00:19:12","2025-05-27 00:19:12","","","xviii, 125 p.","","","","","","","","","","Nimbus Pub.","Halifax, N.S.","","","","","17393197","","","","<p>2012427987<br/>Laurie Lacey.<br/>ill. ; 20 cm.<br/>Previous title: Micmac medicines : remedies and recollections.<br/>Includes bibliographical references (p. 119-120) and index.</p>","","","Lacey, Laurie.; Materia medica, Vegetable Atlantic Provinces.; Micmac (Indiens) Ethnobotanique.; Micmac (Indiens) Médecine.; Micmac Indians Ethnobotany.; Micmac Indians Medicine.; Phytothérapie Provinces de l'Atlantique.","","","","","","","","","","","","","","","","","","","","","Rev. 2nd","","","","","","","","","","","","","","","","","","","","","","","","","",""
"YZEYB57Q","bookSection","1997","Kristmanson, Helen","The Micmac and New Brunswick Archaeology: Historical Perspectives and Contemporary Experiences","At A Crossroads: Archaeology and First Peoples in Canada","","","","","","1997","2025-05-27 00:19:12","2025-05-27 00:19:12","","19-32","","","","","","","Archaeology Press","24","","","Department of Archaeology, Simon Fraser University","Burnaby","","","","","","","","","","","","","","Nicholas, George P.; Andrews, Thomas D.","","","","","","","","","","","","","","","","","","","","","","","","","","","","","","","","","","","","","","","","","","","","",""
"N64HNRMR","book","2012","Kolodny, Annette","In search of first contact : the Vikings of Vinland, the peoples of the dawnland, and the Anglo-American anxiety of discovery","","9780822352822 (cloth alk. paper) 9780822352860 (pbk. alk. paper)","","","","","2012","2025-05-27 00:19:12","2025-05-27 00:19:12","","","xvii, 426 p.","","","","","","","","","","Duke University Press","Durham, NC","","","","","17234114","","PN843 .K65 2012","","<p>2012011578<br />Annette Kolodny.<br />ill. ; 24 cm.<br />Includes bibliographical references and index.<br />The politics of American prehistory : isolation versus contact -- Contact and conflict : what the Vinland sagas tell us -- Anglo-America's Viking heritage : a nineteenth-century romance -- The New England poets of Viking America and the emergence of the plastic Viking -- The challenge to Columbus and the romance undone -- ""We could not discerne any token or signe, that ever any Christian had been before"" : the phantom of first contact -- Contact and conflict again : what native stories tell us.</p>","","","America Discovery and exploration Norse.; America Literatures History and criticism.; Sagas History and criticism.","","","","","","","","","","","","","","","","","","","","","","","","","","","","","","","","","","","","","","","","","","","","","","",""
"EIKE3ZAQ","book","2006","","Cross-Cultural Collaboration: Native Peoples and Archaeology in the Northeastern United States","","","","","","","2006","2025-05-27 00:19:12","2025-05-27 00:19:12","","","","","","","","","","","","","University of Nebraska Press","Lincoln and London","","","","","","","","","<p>Check on ths one, does it include NB material?</p> <p> </p>","","","","","Kerber, Jordan","","","","","","","","","","","","","","","","","","","","","","","","","","","","","","","","","","","","","","","","","","","","",""
"P4MLUQGG","blogPost","2002","Keenlyside, David L.","Cross Currents: 500 Generations of Aboriginal Fishing in Atlantic Canada","Lifelines: Canada's East Coast Fisheries","","","","https://www.historymuseum.ca/cmc/exhibitions/hist/lifelines/licrb01e.html","For over 500 generations, Native peoples have fished the rich waters of Atlantic Canada. Cross Currents traces the evolving story of changing landscapes, fishing technologies and human interactions from 11,000 years ago to the present day.","2002","2025-05-27 00:19:12","2025-05-27 00:19:12","","","","","","","","","","","","","","","English and French","","Canadian Museum of History Online Exhibit","","","","","","","","","","","","","","","","","","","","","","","","","","","","","","","","","","","","","","","","","","","","","","","","","","","","","","","",""
"YTFSNLZH","conferencePaper","1992","Keenlyside, David L.","Archaeological investigations on the Aroostook River and Tobique Rivers, New Brunswick","","","","","","","1992","2025-05-27 00:19:12","2025-05-27 00:19:12","","","","","","","","","","","","","","Montreal","","","","","","","","","","","","","","","","","","","","","","","","","","","","","","","","","","","","","","","","","","","","26th Annual Meeting of the Canadian Archaeological Association","","","","","","","","","","","","","","",""
"AKLUWX6J","manuscript","1964","Kettel, David","Saint John River Archaeological Survey - Work Progress Report","","","","","","","1964","2025-05-27 00:19:12","2025-05-27 00:19:12","","","","","","","","","","","","","","","","","","","","","","","","","","","","","","","","","","","","","","","","","","","","","","","","","","","","","","","","","","","","","","","","","","","","","","","","",""
"AXLYNDKN","journalArticle","2014","Kenny, James; Parenteau, Bill","“Each year the Indians flexed their muscles a little more”: The Maliseet Defence of Aboriginal Fishing Rights on the St. John River, 1945–1990","Canadian Historical Review","","0008-3755 1710-1093","10.3138/chr.2312","","","2014","2025-05-27 00:19:12","2025-05-27 00:19:12","","187-216","","2","95","","","","","","","","","","","","","","","","","","","","","","","","","","","","","","","","","","","","","","","","","","","","","","","","","","","","","","","","","","","","","","","","","","","",""
"VKWBR3HD","report","1996","Keenlyside, David L.; Allen, P.M.","The Junction Lookout Site","","","","","","","1996","2025-05-27 00:19:12","2025-05-27 00:19:12","","","","","","","","","","","","Manuscript on File","Archaeological Services, New Brunswick Department of Economic Development and Tourism","Fredericton","","","","","","","","","","","","","","","","","","","","","","","","","","","","","","","","","","","","","","","","","","","","","","","","","","","","","","","","","","",""
"NR6QGVKH","report","1993","Keenlyside, David L.","Sewage Lagoon site selection: an archaeological evaluation","","","","","","","1993","2025-05-27 00:19:12","2025-05-27 00:19:12","","","","","","","","","","","","Manuscript on File","Archaeological Services Unit, Culture and Sports Secretariat","Fredericton","","","","","","","","","","","","","","","Council, Site briefs prepared for Tobique Band","","","","","","","","","","","","","","","","","","","","","","","","","","","","","","","","","","","","","","","","","","","",""
"PHTLE6L7","book","1990","Keenlyside, David L.","Archaeological Survey of the Upper Reaches of the Tracadie Estuary, New Brunswick","","0-88838-349-5 978-0-88838-349-5","","","","","1990","2025-05-27 00:19:12","2025-05-27 00:19:12","","","40","","","","","","New Brunswick Manuscripts in Archaeology","26","","","N.B. : Archaeological Services, Cultural Affairs, Municipalities, Culture, Housing","Fredericton, N.B.","en","","","","","WorldCat","L19EH58 AR7 M294","","","","","","","","","","","","","","","","","","","","","","","","","","","","","","","","","","","","","","","","","","","","","","","","","","","",""
"EU8JYYPG","journalArticle","1972","Keenlyside, David L.","New Brunswick Nova Scotia","Bulletin (Canadian Archaeological Association)","","0315-761X","","http://www.jstor.org/stable/41242998","","1972","2025-05-27 00:19:12","2025-05-27 00:19:12","2021-05-16 19:16:12","106-107","","4","","","","","","","","","","","","","","","","JSTOR","","","","","http://www.jstor.org/stable/pdfplus/10.2307/41242998.pdf?acceptTC=true","","","","","","","","","","","","","","","","","","","","","","","","","","","","","","","","","","","","","","","","","","","","","","","",""
"U3NRR53E","journalArticle","1902","Kain, Samuel W.","Report on archaeology","Bulletin of the Natural History Society of New Brunswick","","","","","","1902","2025-05-27 00:19:12","2025-05-27 00:19:12","","494-495","","","20","","","","","","","","","","","","","","","","","","","","","","","","","","","","","","","","","","","","","","","","","","","","","","","","","","","","","","","","","","","","","","","","","","","",""
"LANZN3JI","journalArticle","1901","Kain, Samuel W.","Notes on the archaeology of New Brunswick","Bulletin of the Natural History Society of New Brunswick","","","","","","1901","2025-05-27 00:19:12","2025-05-27 00:19:12","","287-300","","","19","","","","","","","","","","","","","","3842490","","ROM QH106.2 .N28 M57 no. 5 (1907)","","<p>by Samuel W. Kain.<br/>ill. ; 22 cm.</p>","","","New Brunswick Antiquities.","","","","","","","","","","","","","","","","","","","","","","","","","","","","","","","","","","","","","","","","","","","","","","",""
"97UW2GD5","thesis","1955","Joudry, G. N.","The archaeology of New Brunswick","","","","","","","1955","2025-05-27 00:19:12","2025-05-27 00:19:12","","","","","","","","","","","","","Department of History, Mount Allison University","","","","B.A. Honours thesis","","","","","","","","","","","","","","","","","","","","","","","","","","","","","","","","","","","","","","","","","","","","","","","","","","","","","","","",""
"3C2QGNUN","bookSection","1991","Keenlyside, David L.","Paleoindian Occupations of the Maritimes Region of Canada","Clovis: Origins and Adaptations","","","","","","1991","2025-05-27 00:19:12","2025-05-27 00:19:12","","163-173","","","","","","","Peopling of the Americas Publications","","","","Center for the Study of the First Americans","Corvallis","","","","","","","","","","","","","","Bonnichsen, Robson; Turmire, Karen","","","","","","","","","","","","","","","","","","","","","","","","","","","","","","","","","","","","","","","","","","","","",""
"3Q4HABEA","journalArticle","1985","Keenlyside, David L.","The First Maritimers","Horizon Canada","","","","","","1985","2025-05-27 00:19:12","2025-05-27 00:19:12","","2792-2797","","","","","","","","","","","","","","","","","","","","","","","","","","","","","","","","","","","","","","","","","","","","","","","","","","","","","","","","","","","","","","","","","","","","","","",""
"G8Z8CQED","journalArticle","1985","Keenlyside, David L.","Late Palaeo-Indian Evidence from the Southern Gulf of St. Lawrence","Archaeology of Eastern North America","","","","","","1985","2025-05-27 00:19:12","2025-05-27 00:19:12","","79-92","","","13","","","","","","","","","","","","","","","","","","","","","","","","","","","","","","","","","","","","","","","","","","","","","","","","","","","","","","","","","","","","","","","","","","","",""
"XIC7RZBS","book","1904","Jones, S. Carleton","The Micmac","","","","","","","1904","2025-05-27 00:19:12","2025-05-27 00:19:12","","","3 p.l., 234 p.,","","","","","","","","","","H. Holt and company","New York,","","","","","7263372","","","","<p>04010479<br/>1 l. illus. 20 cm.</p>","","","","","","","","","","","","","","","","","","","","","","","","","","","","","","","","","","","","","","","","","","","","","","","","","",""
"5X23A5AP","bookSection","2006","Jerome, Bernard; Putnam, David E","Constructing Alliances along the Northern Border: Consultations with Mi’kmaq and Maliseet Nations","Cross-cultural collaboration: Native peoples and archaeology in the northeastern United States","","","","","","2006","2025-05-27 00:19:12","2025-05-27 00:19:12","","295-313","","","","","","","","","","","University of Nebraska Press","Lincoln","","","","","","","","","","","","","","Kerber, Jordan E.","","","","","","","","","","","","","","","","","","","","","","","","","","","","","","","","","","","","","","","","","","","","",""
"2GRY3IHF","journalArticle","1998","Jeandron, Jason; Dickinson, Pam","Glacial lake Madawaska Archaeological Survey","Fieldnotes: the Newsletter of the New Brunswick Archaeological Society","","","","","","1998","2025-05-27 00:19:12","2025-05-27 00:19:12","","8-12","","1","5","","","","","","","","","","","","","","","","","","","","","","","","","","","","","","","","","","","","","","","","","","","","","","","","","","","","","","","","","","","","","","","","","","","",""
"IX98TL54","journalArticle","1999","Jeandron, Jason","Ultramar CeDw-14","Fieldnotes: the Newsletter of the New Brunswick Archaeological Society","","","","","","1999","2025-05-27 00:19:12","2025-05-27 00:19:12","","9","","1","6","","","","","","","","","","","","","","","","","","","","","","","","","","","","","","","","","","","","","","","","","","","","","","","","","","","","","","","","","","","","","","","","","","","",""
"PYH34MR5","thesis","1996","Jeandron, Jason","Portland Point Revisited","","","","","","","1996","2025-05-27 00:19:12","2025-05-27 00:19:12","","","","","","","","","","","","","University of New Brunswick","Fredericton","","","","","","","","","","","","","","","","","","","","","","","","","","","","","","","","","","","","","","","","","","","","","","","","","","","","","","","","","","",""
"33Y9PFJ4","thesis","2013","Jarratt, Tricia","The Augustine Mound Copper Sub-Assemblage: Beyond the Bead","","","","","","","2013","2025-05-27 00:19:12","2025-05-27 00:19:12","","","","","","","","","","","","","University of New Brunswick","Fredericton","","","","","","","","","","","","","","","","","","","","","","","","","","","","","","","","","","","","","","","","","","","","","","","","","","","","","","","","","","",""
"7ZCU46DW","journalArticle","1951","Johnson, Frederick","Archaeological News","American Journal of Archaeology","","","","","","1951","2025-05-27 00:19:12","2025-05-27 00:19:12","","255-268","","3","55","","","","","","","","","","","","","","","","","","","","","","","","","","","","","","","","","","","","","","","","","","","","","","","","","","","","","","","","","","","","","","","","","","","",""
"VX9LRIP6","book","2012","Jennings, John; Adney, Tappan; Mariners' Museum (Newport News Va.)","Bark canoes : the art and obsession of Tappan Adney","","9781770851580 (pbk.) 1770851585 (pbk.)","","","","","2012","2025-05-27 00:19:12","2025-05-27 00:19:12","","","152 pages","","","","","","","","","","Firefly Books","Richmond Hill, Ontario","","","","","17777562","","","","<p>2012462824<br/>John Jennings ; photographs by John Pemberton.<br/>illustrations, maps ; 28 cm<br/>Originally published in 2004.<br/>""Published in association with the Mariners' Museum.""<br/>Includes photographs of canoe models by Edwin Tappan Adney from the Mariners' Museum collection.<br/>Includes bibliographical references (pages 148-149) and index.</p>","","","Adney, Tappan, 1868-1950.; Canoes and canoeing Models Pictorial works.; Indians of North America Boats Models Pictorial works.; Mariners' Museum (Newport News, Va.)","","","","","","","","","","","","","","","","","","","","","","","","","","","","","","","","","","","","","","","","","","","","","","",""
"F7TYKNR3","journalArticle","1964","Ives, Edward","Malecite and Passamaquoddy Tales","Northeast Folklore","","","","","","1964","2025-05-27 00:19:12","2025-05-27 00:19:12","","","","5-81","6","","","","","","","","","","","","","","","","","","","","","","","","","","","","","","","","","","","","","","","","","","","","","","","","","","","","","","","","","","","","","","","","","","","",""
"FYTUE32R","webpage","2012","Hrynick, M. Gabriel; Black, David W.","Bocabec Archaeological Site","","","","","https://www.thecanadianencyclopedia.ca/en/article/bocabec-archaeological-site","","2012","2025-05-27 00:19:12","2025-05-27 00:19:12","","","","","","","","","","","","","","","","","","","","","","","","","","","","","","","","","","","","","","","","","","","","","","","","","","","","","","","","","","","","","","","","","","","","","","","","",""
"52M2CTPA","journalArticle","2012","Hrynick, M. Gabriel; Betts, Matthew W.; Black, David W.","A Late Maritime Woodland Period Dwelling Feature from Nova Scotia's South Shore: Evidence for Patterned Use of Domestic Space","Archaeology of Eastern North America","","","","","","2012","2025-05-27 00:19:12","2025-05-27 00:19:12","","1-25","","","40","","","","","","","","","","","","","","","","","","","","","","","","","","","","","","","","","","","","","","","","","","","","","","","","","","","","","","","","","","","","","","","","","","","",""
"NF2KDZ6I","journalArticle","2018","Hrynick, M. Gabriel","Maritime Woodland Period Dwelling Surface Construction on the Coast of the Maritime Peninsula: Implications for Site Reuse and Intra-Site Space","Archaeology of Eastern North America","","","","","","2018","2025-05-27 00:19:12","2025-05-27 00:19:12","","1-16","","","46","","","","","","","","","","","","","","","","","","","","","","","","","","","","","","","","","","","","","","","","","","","","","","","","","","","","","","","","","","","","","","","","","","","",""
"MIJU8NXG","journalArticle","2006","Hornborg, Anne-Christine","Visiting the Six Worlds: Shamanistic Journeys in Canadian Mi'kmaq Cosmology","Journal of American Folklore","","1535-1882","10.1353/jaf.2006.0034","","","2006","2025-05-27 00:19:12","2025-05-27 00:19:12","","312-336","","473","119","","","","","","","","","","","","","","","","","","","","","","","","","","","","","","","","","","","","","","","","","","","","","","","","","","","","","","","","","","","","","","","","","","","",""
"H2TUVZNQ","journalArticle","2016","Hrynick, M. Gabriel; Black, David W.","Cultural Continuity in Maritime Woodland Period Domestic Architecture in the Quoddy Region","Canadian Journal of Archaeology","","0705-2006","","","","2016","2025-05-27 00:19:12","2025-05-27 00:19:12","","23-67","","1","40","","","","","","","","","","","","","","","","","","","","","","","","","","","","","","","","","","","","","","","","","","","","","","","","","","","","","","","","","","","","","","","","","","","",""
"V7FA74CG","webpage","2012","Hrynick, M. Gabriel; Black, David W.","Site archéologique Bocabec","","","","","https://www.thecanadianencyclopedia.ca/fr/article/site-archeologique-bocabec","","2012","2025-05-27 00:19:12","2025-05-27 00:19:12","","","","","","","","","","","","","","","","","","","","","","","","","","","","","","","","","","","","","","","","","","","","","","","","","","","","","","","","","","","","","","","","","","","","","","","","",""
"R57W6V4K","journalArticle","2015","Holyoke, Kenneth R.; Hrynick, M. Gabriel","Portages and Lithic Procurement in the Northeastern Interior: A Case Study from the Mill Brook Stream Site, Lower Saint John River Valley, New Brunswick, Canada","Canadian Journal of Archaeology","","","","","","2015","2025-05-27 00:19:12","2025-05-27 00:19:12","","213-240","","2","39","","","","","","","","","","","","","","","","","","","","","","","","","","","","","","","","","","","","","","","","","","","","","","","","","","","","","","","","","","","","","","","","","","","",""
"6DJTSKKC","report","2011","Holyoke, Kenneth R.; Hrynick, M. Gabriel","Final Report on the Mill Brook/Washademoak Lake Shoreline Survey - AFRP 2010NB72","","","","","","","2011","2025-05-27 00:19:12","2025-05-27 00:19:12","","","","","","","","","","","","Report on file","University of New Brunswick","Fredericton","","","","","","","","","","","","","","","","","","","","","","","","","","","","","","","","","","","","","","","","","","","","","","","","","","","","","","","","","","",""
"N88UT95V","journalArticle","2020","Holyoke, Kenneth R.; Blair, Susan E.; Shaw, Cliff S. J.","Aesthetics or function in heat-treating? The influence of colour preference in lithic preparation on the Maritime Peninsula, Eastern Canada","Journal of Anthropological Archaeology","","02784165","10.1016/j.jaa.2020.101229","","","2020","2025-05-27 00:19:11","2025-05-27 00:19:11","","","","","60","","","","","","","","","","","","","","","","","","","","","","","","","","","","","","","","","","","","","","","","","","","","","","","","","","","","","","","","","","","","","","","","","","","",""
"MWGB5BWJ","report","2020","Holyoke, Ken","Final Report: 2019 Carboniferous Chert Geoarchaeological Survey","","","","","","","2020","2025-05-27 00:19:11","2025-05-27 00:19:11","","","","","","","","","","","","Report on file","University of Toronto","Toronto","","","","","","","","","","","","","","","","","","","","","","","","","","","","","","","","","","","","","","","","","","","","","","","","","","","","","","","","","","",""
"2FZSKRY3","thesis","1955","Hoffman, Bernard G.","The historical ethnography of the Micmac of the sixteenth and seventeenth centuries","","","","","","","1955","2025-05-27 00:19:11","2025-05-27 00:19:11","","","vi, 838 leaves","","","","","","","","","","University of California, Berkeley","","","","Ph. D. in Anthropology","","","","Master Negatives CU-T 1622 ASK REFERENCE","","<p>RLINCUBG85-B2997<br/>GLADN33767819<br/>[microform] / by Bernard Gilbert Hoffman.<br/>ill., maps.<br/>Bibliography: leaves 709-839.<br/>Microfilm. Berkeley, Calif. : University of California, Library Photographic Service, [1955?]. 1 microfilm reel : negative ; 65 ft., 35 mm.</p>","","","Micmac Indians.","","","","","","","","","","","","","","","","","","","","","","","","","","","","","","","","","","","","","","","","","","","","","","",""
"Y4TGB8YU","manuscript","","Hawkins, A.","Faunal remains identified in the Wintemberg site shell midden (CbDd2), Shediac Island, New Brunswick","","","","","","","","2025-05-27 00:19:11","2025-05-27 00:19:11","","","","","","","","","","","","","","Ms. on file, Department of Anthropology, St. Mary's University, Halifax","","","","","","","","","","","","","","","","","","","","","","","","","","","","","","","","","","","","","","","","","","","","","","","","","","","","","","","","","","",""
"RSBPWU4D","thesis","1984","Hammon, D. J.","A Ceramic Period Coastal Adaptation at Holt’s Point, New Brunswick","","","","","","","1984","2025-05-27 00:19:11","2025-05-27 00:19:11","","","","","","","","","","","","","University of New Brunswick","Fredericton","","","","","","","","","","","","","","","","","","","","","","","","","","","","","","","","","","","","","","","","","","","","","","","","","","","","","","","","","","",""
"F3GMFIVY","thesis","2012","Holyoke, Kenneth R.","Late Maritime Woodland Technology in the Lower Saint John River Valley","","","","","","","2012","2025-05-27 00:19:11","2025-05-27 00:19:11","","","","","","","","","","","","","University of New Brunswick","Fredericton","","","","","","","","","","","","","","","","","","","","","","","","","","","","","","","","","","","","","","","","","","","","","","","","","","","","","","","","","","",""
"TL44UBLI","journalArticle","1967","Hoffman, Bernard G.","Ancient Tribes Revisited: A Summary of Indian Distribution and Movement in the Northeastern United States from 1534 to 1779","Ethnohistory","","","","","","1967","2025-05-27 00:19:11","2025-05-27 00:19:11","","1-46","","1/2","14","","","","","","","","","","","","","","","","","","","","","","","","","","","","","","","","","","","","","","","","","","","","","","","","","","","","","","","","","","","","","","","","","","","",""
"F5WKZZ6U","journalArticle","1955","Hoffman, Bernard G.","The Souriquois, Etchemin, and Kwedech--A Lost Chapter in American Ethnography","Ethnohistory","","","","","","1955","2025-05-27 00:19:11","2025-05-27 00:19:11","","65-87","","1","2","","","","","","","","","","","","","","","","","","<p>Relevance?</p>","","","","","","","","","","","","","","","","","","","","","","","","","","","","","","","","","","","","","","","","","","","","","","","","","",""
"U3RKFHRN","book","1956","Harper, J. Russell","Portland Point, Crossroads of New Brunswick History: Preliminary Report of the 1955 Excavation","","","","","","","1956","2025-05-27 00:19:11","2025-05-27 00:19:11","","","","","","","","","Historical Studies No. 9","","","","New Brunswick Museum","Saint John","","","","","","","","","","","","","","","","","","","","","","","","","","","","","","","","","","","","","","","","","","","","","","","","","","","","","","","","","","",""
"7Y3F8QLH","journalArticle","1987","Hammell, George R.","Mythical Realities and European Contact in the Northeast During the Sixteenth and Seventeenth Centuries","Man in the Northeast","","","","","","1987","2025-05-27 00:19:11","2025-05-27 00:19:11","","63-87","","","33","","","","","","","","","","","","","","","","","","","","","","","","","","","","","","","","","","","","","","","","","","","","","","","","","","","","","","","","","","","","","","","","","","","",""
"TK8G4QTH","journalArticle","1869","Halleck, Charles","The Restigouche","Harper's New Monthly Magazine","","","","","","1869","2025-05-27 00:19:11","2025-05-27 00:19:11","","424-443","","","36","","","","","","","","","","","","","","","","","","","","","","","","","","","","","","","","","","","","","","","","","","","","","","","","","","","","","","","","","","","","","","","","","","","",""
"NG4SACXR","journalArticle","2015","Hall, Jason","Maliseet Cultivation and Climatic Resilience on the Wolastekw/St. John River During the Little Ice Age","Acadiensis: Journal of the History of the Atlantic Region","","","","","","2015","2025-05-27 00:19:11","2025-05-27 00:19:11","","3-25","","2","XLIV","","","","","","","","","","","","","","","","","","","","","","","","","","","","","","","","","","","","","","","","","","","","","","","","","","","","","","","","","","","","","","","","","","","",""
"RSA4MIL6","manuscript","1988","Hale, H. Louise","The Faunal Analysis from the 1985 Excavations of the Mud Lake Stream Site (BkDw-5)","","","","","","","1988","2025-05-27 00:19:11","2025-05-27 00:19:11","","","","","","","","","","","","","","","","","","","","","","","","","","","","","","","","","","","","","","","","","","","","","","","","","","","","","","","","","","","","","","","","","","","","","","","","",""
"7C2S5KTU","book","1986","Hale, H. Louise","The 1985 Archaeological Survey of the St. Croix Waterway and the reconnaissance Of the Musquash Site, Skedaddle Ridge, southwestern New Brunswick","","0-88838-362-2 978-0-88838-362-4","","","","","1986","2025-05-27 00:19:11","2025-05-27 00:19:11","","","77","","","","","","New Brunswick Manuscripts in Archaeology","18","","","Archaeology Branch, Dept. of Tourism, Recreation and Heritage","Fredericton, N.B.","en","","","","","WorldCat","L19EH58 AR7 M294","","","","","","","","","","","","","","","","","","","","","","","","","","","","","","","","","","","","","","","","","","","","","","","","","","","",""