"Key","Item Type","Publication Year","Author","Title","Publication Title","ISBN","ISSN","DOI","Url","Abstract Note","Date","Date Added","Date Modified","Access Date","Pages","Num Pages","Issue","Volume","Number Of Volumes","Journal Abbreviation","Short Title","Series","Series Number","Series Text","Series Title","Publisher","Place","Language","Rights","Type","Archive","Archive Location","Library Catalog","Call Number","Extra","Notes","File Attachments","Link Attachments","Manual Tags","Automatic Tags","Editor","Series Editor","Translator","Contributor","Attorney Agent","Book Author","Cast Member","Commenter","Composer","Cosponsor","Counsel","Interviewer","Producer","Recipient","Reviewed Author","Scriptwriter","Words By","Guest","Number","Edition","Running Time","Scale","Medium","Artwork Size","Filing Date","Application Number","Assignee","Issuing Authority","Country","Meeting Name","Conference Name","Court","References","Reporter","Legal Status","Priority Numbers","Programming Language","Version","System","Code","Code Number","Section","Session","Committee","History","Legislative Body"
"78GK8QBF","report","1994","New Brunswick Advisory Council on the Status of Women.","A comparative study of female and male entrepreneurship in New Brunswick","","","","","","","1994","2025-01-07 15:04:04","2025-01-07 15:04:04","","","","","","","","","","","","","The Council","Moncton, N.B.","English","","","","","https://unb.on.worldcat.org/oclc/36337753","","Section: 10 p. ; 28 cm.","","","","","","","","","","","","","","","","","","","","","","","","","","","","","","","","","","","","","","","","","","","","","","","","","","",""
"FUCM5KSF","book","2007","Hay Group.; Canadian Tourism Human Resource Council.","2006 Canadian tourism sector compensation study : New Brunswick.","","978-1-55304-722-3 1-55304-722-2","","","","","2007","2025-01-07 15:04:04","2025-01-07 15:04:04","","","","","","","","","","","","","Canadian Tourism Human Resource Council=Conseil canadien des resources humaines en tourisme","Ottawa, ON","English","","","","","https://unb.on.worldcat.org/oclc/300313070","","Section: 112 pages in various pagings : illustrations ; 28 cm + 1 CD-ROM (4 3/4 in.)","","","","","","","","","","","","","","","","","","","","","","","","","","","","","","","","","","","","","","","","","","","","","","","","","","",""
"DHAWHSJM","book","2007","Hay Group.; Canadian Tourism Human Resource Council.","2006 Canadian tourism sector compensation study : national.","","978-1-55304-720-9 1-55304-720-6","","","","","2007","2025-01-07 15:03:24","2025-01-07 15:03:24","","","","","","","","","","","","","Canadian Tourism Human Resource Council=Conseil canadien des resources humaines en tourisme","[Ottawa, ON]","English","","","WorldCat.org","","","","Section: 376 pages in various pagings : illustrations ; 28 cm + 1 CD-ROM (4 3/4 in.)","","","","","","","","","","","","","","","","","","","","","","","","","","","","","","","","","","","","","","","","","","","","","","","","","","",""
"D22E5RMC","book","2013","Soucoup, Dan","Failures and fiascos: Atlantic Canada's biggest boondoggles","","978-1-77108-042-2","","","","","2013","2025-01-07 15:09:09","2025-01-07 15:09:09","","","","","","","","","","","","","Nimbus Publishing","Halifax, N. S.","","","","","","","","","<p>Winter 2013 Selected Accessions List -- General Interest; Includes bibliographical references, p. 170</p>","","","History; Atlantic Provinces; Business failures","","","","","","","","","","","","","","","","","","","","","","","","","","","","","","","","","","","","","","","","","","","","","","",""
"JIDC7CQN","book","1957","Jenney, Charles Phillip","Exploration in New Brunswick, 1932-1957: presented at the 25th convention of the Prospectors and Developers Association: reproduced by the Mines Branch","","","","","","","1957","2025-01-07 15:09:09","2025-01-07 15:09:09","","","","","","","","","","","","","[s.n.]","Fredericton, N.B.","","","","","","","","","","","","New Brunswick; Mining industry and finance; Mines and mineral resources","","","","","","","","","","","","","","","","","","","","","","","","","","","","","","","","","","","","","","","","","","","","","","",""
"JHKKU68H","book","1983","","First steps towards an overall redevelopment approach for McAdam and the surrounding area","","","","","","","1983","2025-01-07 15:09:09","2025-01-07 15:09:09","","","","","","","","","","","","","The Committee","[S.l.","","","","","","","","","<p>Cover title: First steps towards a redevelopment program</p>","","","Economic development; New Brunswick; Economic development projects; Job creation; McAdam; York County","","McAdam Industry and Labour Adjustment Committee","","","","","","","","","","","","","","","","","","","","","","","","","","","","","","","","","","","","","","","","","","","","",""
"629KVCED","book","1984","","Executive summary","","","","","","","1984","2025-01-07 15:09:09","2025-01-07 15:09:09","","","","","","","","","","","","","The Task Force","[Fredericton, N.B.","","","","","","","","","","","","Central business districts; Fredericton Centre West Project","","Task Force Study for Fredericton Centre West","","","","","","","","","","","","","","","","","","","","","","","","","","","","","","","","","","","","","","","","","","","","",""
"AXKUI4HI","book","1975","","Evaluation of expansion alternatives for the Bathurst, New Brunswick Mill: executive summary","","","","","","","1975","2025-01-07 15:09:08","2025-01-07 15:09:08","","","","","","","","","","","","","s.n.]","[S.l.","","","","","","","","","<p>Report to Consolidated-Bathurst Ltd. cover title</p>","","","New Brunswick; Wood-pulp industry; Brunswick Mills Ltd","","Arthur D. Little of Canada, Ltd; Consolidated-Bathurst, Inc","","","","","","","","","","","","","","","","","","","","","","","","","","","","","","","","","","","","","","","","","","","","",""
"5I57IGCN","book","1981","","Estimation of Northeast Pine Products Ltd.: sales potential in 1982","","","","","","","1981","2025-01-07 15:09:08","2025-01-07 15:09:08","","","","","","","","","","","","","Touche Ross>","[Montreal","","","","","","","","","<p>Report submitted to the N.B. Dept. of Commerce and Development</p>","","","New Brunswick; Furniture industry and trade; Market survey","","Touche Ross & Company; Northeast Pine Products Ltd.","","","","","","","","","","","","","","","","","","","","","","","","","","","","","","","","","","","","","","","","","","","","",""
"68XSMA7G","book","1992","","Esso Petroleum Canada proposed Saint John pipeline: application for permit, final report","","","","","","","1992","2025-01-07 15:09:08","2025-01-07 15:09:08","","","","","","","","","","","","","The company","Fredericton, N.B.","","","","","","","","","<p>Prepared for: New Brunswick Board of Commissioners of Public Utilities; Bibliography: p. 72-74</p>","","","Petroleum industry and trade; New Brunswick; Saint John; Saint John County; Petroleum; Pipelines","","Jacques Whitford Environment Limited; Esso Petroleum Canada (Firm)","","","","","","","","","","","","","","","","","","","","","","","","","","","","","","","","","","","","","","","","","","","","",""
"BFREIQTZ","book","1982","","Economic study and report","","","","","","","1982","2025-01-07 15:09:08","2025-01-07 15:09:08","","","","","","","","","","","","","s.n.]","[S.l.","","","","","","","","","","","","New Brunswick; Construction industry; House construction; Saint John; Saint John County","","Saint John Construction Association","","","","","","","","","","","","","","","","","","","","","","","","","","","","","","","","","","","","","","","","","","","","",""
"4PRI6PDB","book","2007","Jagoe, Wayne","Eat this!: observations of successful restaurateurs : 89 stories that will change the way you think about your business","","978-0-9783913-0-0","","","","","2007","2025-01-07 15:09:08","2025-01-07 15:09:08","","","","","","","","","","","","","The Belton Group","Fredericton, N. B.","","","","","","","","","<p>Autographed by author; March 2009 Selected Accessions List</p>","","","Business planning; New Brunswick; Small business; Restaurant management; Restaurateurs","","","","","","","","","","","","","","","","","","","","","","","","","","","","","","","","","","","","","","","","","","","","","","",""
"CC5KQC5S","book","1983","Gadbois, Albert","Entrepreneurship and venture capital in New Brunswick","","","","","","","1983","2025-01-07 15:09:08","2025-01-07 15:09:08","","","","","","","","","","","","","Faculty of Business Administration, Columbia Pacific University","","","","","","","","","","<p>Thesis (Ph.D.) - Columbia Pacific University, 1983; Includes bibliographical references</p>","","","New Brunswick; Economic conditions; Business enterprises; Venture capital","","","","","","","","","","","","","","","","","","","","","","","","","","","","","","","","","","","","","","","","","","","","","","",""
"IW54MKXI","book","1984","Gadbois, Albert","Entrepreneurial opportunities in New Brunswick: research report","","","","","","","1984","2025-01-07 15:09:08","2025-01-07 15:09:08","","","","","","","","","","","","","A. Gadbois>","[Moncton, N.B.","","","","","","","","","<p>Includes some text in French</p>","","","New Brunswick; Industries; Business enterprises","","","","","","","","","","","","","","","","","","","","","","","","","","","","","","","","","","","","","","","","","","","","","","",""
"PS8GIAPD","book","2006","Milewski, Inka A.","Dying for development: the lead legacy in Belledune","","0-9687419-9-1","","","","","2006","2025-01-07 15:08:44","2025-01-07 15:08:44","","","","","","","","","","","","","Conservation Council of New Brunswick","[Fredericton, N. B.]","","","","","","","","","<p>Cover title; Includes bibliographical references (p. 78-92)</p>","","","New Brunswick; Belledune; Environmental aspects; Health aspects; Lead; Lead industry and trade; Toxicology","","Conservation Council of New Brunswick.","","","","","","","","","","","","","","","","","","","","","","","","","","","","","","","","","","","","","","","","","","","","",""
"34TDWN3I","book","1992","","Disease prevention for the New Brunswick farmed salmon industry","","","","","","","1992","2025-01-07 15:08:44","2025-01-07 15:08:44","","","","","","","","","","","","","University of New Brunswick","Fredericton, N.B.","","","","","","","","","<p>Includes bibliographical references</p>","","","New Brunswick; Salmon industry","","","","","","","","","","","","","","","","","","","","","","","","","","","","","","","","","","","","","","","","","","","","","","",""
"MX2VHVZV","book","1977","","Development opportunities for Bathurst mill: phase 1 -- selection of product mix: report to Consolidated-Bathurst Limited","","","","","","","1977","2025-01-07 15:08:44","2025-01-07 15:08:44","","","","","","","","","","","","","Arthur D. Little","Cambridge, Mass.","","","","","","","","","<p>""C-79935""</p>","","","New Brunswick; Wood-pulp industry","","Arthur D. Little of Canada, Ltd.; Consolidated-Bathurst, Inc.","","","","","","","","","","","","","","","","","","","","","","","","","","","","","","","","","","","","","","","","","","","","",""
"HB7CPGTQ","book","1980","","Design and capital appropriation report: hardwood utilization program","","","","","","","1980","2025-01-07 15:08:44","2025-01-07 15:08:44","","","","","","","","","","","","","[s.n.]","Atholville, N.B.","","","","","","","","","<p>""2786-25""</p>","","","New Brunswick; Wood-pulp industry","","Fraser, Inc.","","","","","","","","","","","","","","","","","","","","","","","","","","","","","","","","","","","","","","","","","","","","",""
"ZACBFT8C","book","1991","Chislett, Anne; Henson, Joan; Zannis, Mark; Neale, Colin","Chandler's Mill [videorecording]","","","","","","","1991","2025-01-07 15:08:44","2025-01-07 15:08:44","","","","","","","","","","","","","National Film Board of Canada","Montréal, Qué.","","","","","","","","","<p>Filmed at he King's Landing Historical Settlement, New Brunswick</p>","","","History; New Brunswick; 19th century; Children; Employment; Mills and mill-work; Social conditions; Wool industry","","","","","","","","","","","","","","","","","","","","","","","","","","","","","","","","","","","","","","","","","","","","","","",""
"WVRRNSZF","book","2011","Bennett, Paul W.","Dreaming big : Don Gardiner and the Gardiner Realty story","","978-0-9877030-0-2 0-9877030-0-5","","","","","2011","2025-01-07 15:08:44","2025-01-07 15:08:44","","","","","","","","","","","","","Schoolhouse Institute","Halifax","English","","","","","https://unb.on.worldcat.org/oclc/738402253","","Section: 95 pages : illustrations, portraits ; 23 cm","<p>Fall 2011 Selected Accessions List; Includes bibliographical references (p. 92-93)</p>","","","History; Biography; Businessmen; Gardiner Group of Companies; Gardiner, J. D.; Maritime Provinces; Real estate business","","","","","","","","","","","","","","","","","","","","","","","","","","","","","","","","","","","","","","","","","","","","","","",""
"85EFT7II","book","1998","Deslierres, Michel; LeBlanc, Ronald C.","Données brutes sur les services commerciaux de l'enquête des ménages de Saint Antoine, mars 1997","","","","","","","1998","2025-01-07 15:08:44","2025-01-07 15:08:44","","","","","","","","","","","","","Département d'économie, Université de Moncton","[Moncton, N.-B.]","","","","","","","","","","","","New Brunswick; Nouveau-Brunswick; Business enterprises; Entreprises; Comté de Kent; Kent County; Saint-Antoine","","Université de Moncton. Groupe d'étude en modélisation économique et analyse de politique","","","","","","","","","","","","","","","","","","","","","","","","","","","","","","","","","","","","","","","","","","","","",""
"RH6Q7GN3","book","1996","Ashton, Bill","Design for success: housing your home business","","0-88828-128-5","","","","","1996","2025-01-07 15:08:44","2025-01-07 15:08:44","","","","","","","","","","","","","Mount Allison University, Rural and Small Town Programme","Sackville, N. B.","","","","","","","","","<p>""Micro-Enterprise Innovation Exchange Mount Allison University""; Includes bibliographical references (p. [159]-161) and index</p>","","","Management; Home-based businesses; New business enterprises; Self-employed","","Mount Allison University.; Mount Allison University.","","","","","","","","","","","","","","","","","","","","","","","","","","","","","","","","","","","","","","","","","","","","",""
"DFJRTU9Q","book","2015","Howe, Miles","Debriefing Elsipogtog : the anatomy of a struggle:","","978-1-55266-744-6","","","","","2015","2025-01-07 15:08:44","2025-01-07 15:08:44","","","","","","","","","","","","","Fernwood Publishing,","Halifax, N. S. :","","","","","","","","","<p>v. 44 no. 3 Selected Accessions List -- Native Studies; Includes bibliographical references (p. 188-198)</p>","","","Social aspects; New Brunswick; Gas industry; Demonstrations; Elsipogtog First Nation; Gas companies; Land tenure; Micmac Indians; Oil and gas leases","","","","","","","","","","","","","","","","","","","","","","","","","","","","","","","","","","","","","","","","","","","","","","",""
"IJBPCCT5","book","1989","","Connors Bros. Adjustment Committee: final report","","","","","","","1989","2025-01-07 15:08:44","2025-01-07 15:08:44","","","","","","","","","","","","","Connors Bros. Limited","[Blacks Harbour, N.B.]","","","","","","","","","","","","New Brunswick; Sardine industry","","Connors Bros. Limited","","","","","","","","","","","","","","","","","","","","","","","","","","","","","","","","","","","","","","","","","","","","",""
"3KX2NXIE","book","1990","McIntosh, Mary Ellen","Community resistance to de-industrialization: Milltown, New Brunswick, 1952-1957","","","","","","","1990","2025-01-07 15:08:44","2025-01-07 15:08:44","","","","","","","","","","","","","University of New Brunswick","[Fredericton, N.B.]","","","","","","","","","<p>Thesis (M.A.)-University of New Brunswick, 1990; Bibliography: p.146-153</p>","","","History; New Brunswick; Charlotte County; Milltown; Textile industry","","","","","","","","","","","","","","","","","","","","","","","","","","","","","","","","","","","","","","","","","","","","","","",""
"WGT34PVD","book","2003","Gilman, John.","Canned. Part II, The Canadian sardine industry, the rest of the story","","0-9697937-2-3 978-0-9697937-2-4","","","","","2003","2025-01-07 15:08:43","2025-01-07 15:08:43","","","","","","","","","","","","","The Author","Lambertville, Deer Island, N.B.","English","","","","","https://unb.on.worldcat.org/oclc/54939962","","Section: viii, 283 pages : illustrations, maps, charts, photographs ; 23 cm","<p>Includes bibliographical references</p>","","","Maine; History; New Brunswick; Sardine industry","","","","","","","","","","","","","","","","","","","","","","","","","","","","","","","","","","","","","","","","","","","","","","",""
"PB6W42AB","book","1976","","Brief on safety in New Brunswick mines","","","","","","","1976","2025-01-07 15:08:43","2025-01-07 15:08:43","","","","","","","","","","","","","United Steelworkers of America","[S.l.]","","","","","","","","","","","","New Brunswick; Mine safety; Mines and minerals industry","","United Steelworkers of America.","","","","","","","","","","","","","","","","","","","","","","","","","","","","","","","","","","","","","","","","","","","","",""
"VNJCKJS2","book","1942","Wallace, Frederick William","Canadian fisheries manual: the story of Canada's fishing industry","","","","","","","1942","2025-01-07 15:08:43","2025-01-07 15:08:43","","","","","","","","","","","","","National Business Publications, Ltd","Gardenvale, Que.","","","","","","","","","Cover title; <Advertising material>: p. 1-102 - The story of Canada's fishing industry ... / by Frederick William Wallace: p. 1-116","","","Canada; Fisheries","","","","","","","","","","","","","","","","","","","","","","","","","","","","","","","","","","","","","","","","","","","","","","",""
"XD7JMHMV","book","1991","","Business directory, July, 1991","","","","","","","1991","2025-01-07 15:08:43","2025-01-07 15:08:43","","","","","","","","","","","","","The Enterprise Centre]","[Saint John, N.B.","","","","","","","","","","","","New Brunswick; Directories; Saint John; Saint John County; Business enterprises","","YM-YWCA Entreprise Centre","","","","","","","","","","","","","","","","","","","","","","","","","","","","","","","","","","","","","","","","","","","","",""
"UPKJHRWB","book","1989","","Brief to the Province of New Brunswick","","","","","","","1989","2025-01-07 15:08:43","2025-01-07 15:08:43","","","","","","","","","","","","","Printing and Associated Industries of New Brunswick","[S.l.]","","","","","","","","","","","","New Brunswick; Printing industry","","Printing and Associated Industries of New Brunswick","","","","","","","","","","","","","","","","","","","","","","","","","","","","","","","","","","","","","","","","","","","","",""
"KZQ7VSXV","book","1994","","Bottin: femmes professionnelles & entrepreneures","","","","","","","1994","2025-01-07 15:08:43","2025-01-07 15:08:43","","","","","","","","","","","","","Groupe Axion Inc.","[Bathurst, N.-B.","","","","","","","","","","","","New Brunswick; Nouveau-Brunswick; Gloucester County; Directory; Femmes d'affaires; Répertoire; Women in business; Comté de Gloucester","","Groupe Axion Inc.","","","","","","","","","","","","","","","","","","","","","","","","","","","","","","","","","","","","","","","","","","","","",""
"7INEKABT","book","1990","Beck, Edwin Boyde; Payzant, Joan M.; Ryan, Shannon; Marquis, Greg","Atlantic Canada: at the dawn of a new nation","","0-89781-328-6","","","","","1990","2025-01-07 15:08:22","2025-01-07 15:08:22","","","","","","","","","","","","","Windsor Publications, Ltd.","Burlington, Ont.","","","","","","","","","<p>Includes bibliographical references (p. 273-275) and index</p>","","","History; Atlantic Provinces; Economic conditions; Business enterprises","","","","","","","","","","","","","","","","","","","","","","","","","","","","","","","","","","","","","","","","","","","","","","",""
"XQWWRMBD","book","2003","","Atlantic Construction Symposium ""Atlantic Provinces Working Together to Build Our Future"", final report, November 6-7, 2003, Moncton, NB","","","","","","","2003","2025-01-07 15:08:22","2025-01-07 15:08:22","","","","","","","","","","","","","Kathleen Howard & Associates, Inc.","Fredericton, N. B.","","","","","","","","","","","","Employees; Forecasting; Atlantic Provinces; Atlantic Provinces.; Building trades; Construction industry; Employee retention; Planning; Recruiting; Training of","","Atlantic Construction Symposium","","","","","","","","","","","","","","","","","","","","","","","","","","","","","","","","","","","","","","","","","","","","",""
"3RV5MJKD","book","1992","","Atholville ALCELL project","","","","","","","1992","2025-01-07 15:08:21","2025-01-07 15:08:21","","","","","","","","","","","","","Repap Enterprises]","[S.l.","","","","","","","","","","","","New Brunswick; Wood-pulp industry; Atholville; Restigouche County","","Repap Enterprises","","","","","","","","","","","","","","","","","","","","","","","","","","","","","","","","","","","","","","","","","","","","",""
"HXE9AIHU","book","1999","Estey, Perley","Ashley A. Colter: 1888 to 1977","","","","","","","1999","2025-01-07 15:08:21","2025-01-07 15:08:21","","","","","","","","","","","","","s.n.","[S.l.","","","","","","","","","","","","New Brunswick; Construction industry; Colter, Ashley Alexander,","","","","","","","","","","","","","","","","","","","","","","","","","","","","","","","","","","","","","","","","","","","","","","",""
"8ZFTJDPH","book","1970","Matosevic, Victor","Antimony toxicity: its hazards and control at Durham Mines Limited, Lake George Mine, New Brunswick submitted for thesis as required for the diploma in industrial hygiene, School of Hygiene, University of Toronto","","","","","","","1970","2025-01-07 15:08:21","2025-01-07 15:08:21","","","","","","","","","","","","","s. n.","[S. l.","","","","","","","","","<p>Includes bibliographical references (p. 102-105)</p>","","","Toxicology; Antimony; Antimony industry; Durham Mines Limited; Hazardous substances; Lake George (N. B.)","","","","","","","","","","","","","","","","","","","","","","","","","","","","","","","","","","","","","","","","","","","","","","",""
"5VVR2F96","book","1999","","Annual brief to the Minister of Environment","","","","","","","1999","2025-01-07 15:08:21","2025-01-07 15:08:21","","","","","","","","","","","","","New Brunswick Environment Industry Association","[Fredericton, N. B.","","","","","","","","","<p>Text in English and French on inverted pages; Texte en français et en anglais disposé tête-bêche; Bibliothèque a : 1999, 2000, 2001; Library has : 1999, 2000, 2001</p>","","","New Brunswick; Nouveau-Brunswick; Environmental protection; Environnement; Protection","","New Brunswick Environment Industry Association.; Association des industries de l'environnement du Nouveau-Brunswick.","","","","","","","","","","","","","","","","","","","","","","","","","","","","","","","","","","","","","","","","","","","","",""
"BEWJ6HRZ","book","2000","Smith, Stephanie D.","An independent study and review of the New Brunswick rockweed harvest: phase 1","","","","","","","2000","2025-01-07 15:08:21","2025-01-07 15:08:21","","","","","","","","","","","","","Eastern Charlotte Waterways Inc.","St. George, N.B.","","","","","","","","","<p>Bibliography: p.91-102</p>","","","New Brunswick; Ascophyllum nodosum; Marine algae industry","","","","","","","","","","","","","","","","","","","","","","","","","","","","","","","","","","","","","","","","","","","","","","",""
"AC86GA7X","book","1937","McArthur, I.S.","An economic study of potato production in New Brunswick","","","","","","","1937","2025-01-07 15:08:21","2025-01-07 15:08:21","","","","","","","","","Publication / Dept. of Agriculture","","","","J. O. Patenaude, I. S. O., Printer to the King's Most Excellent Majesty,","Ottawa, Ont.","","","","","","","","","<p>Cover title; ""May 1937""</p>","","","New Brunswick; Potato industry; Vegetable trade","","Canada.","","","","","","","","","","","","","","","","","","","","","","","","","","","","","","","","","","","","","","","","","","","","",""
"XDV7XEF2","book","1945","Simms, L.W.","A tribute to the memory of T.S. Simms: on the occasion of the centennial of his birth","","","","","","","1945","2025-01-07 15:08:20","2025-01-07 15:08:20","","","","","","","","","","","","","s.n.]","[S.l.","","","","","","","","","","","","New Brunswick; Biography; Businessmen; Simms, Thomas Stockwell,","","","","","","","","","","","","","","","","","","","","","","","","","","","","","","","","","","","","","","","","","","","","","","",""
"T9R8BF7W","book","1993","Milton, Graydon A.","A teenager's odyssey: or, Five million and one","","0-919488-48-X","","","","","1993","2025-01-07 15:08:20","2025-01-07 15:08:20","","","","","","","","","","","","","The Tribune Press","Sackville, N.B.","","","","","","","","","<p>Contents previously published</p>","","","Biography; Construction industry","","","","","","","","","","","","","","","","","","","","","","","","","","","","","","","","","","","","","","","","","","","","","","",""
"B49G3FZW","book","1989","Downey, J.; Boorman, R.","A summary of institutional, organizational, and recreational assets available to business and industry","","","","","","","1989","2025-01-07 15:08:20","2025-01-07 15:08:20","","","","","","","","","","","","","The Task Force","[Fredericton, N.B.","","","","","","","","","<p>On cover: The Greater Fredericton Free Trade Forum</p>","","","New Brunswick; York County; Businesses; Fredericton","","Free Trade and Enterprise Task Force for the Greater Fredericton Community; Greater Fredericton Free Trade Forum","","","","","","","","","","","","","","","","","","","","","","","","","","","","","","","","","","","","","","","","","","","","",""
"6TSXFK3Z","book","1976","","A submission to the Honourable R. Boudreau, Minister of Natural Resources, Province of New Brunswick, with respect to statement of policy on industrial forest development and other matters","","","","","","","1976","2025-01-07 15:08:19","2025-01-07 15:08:19","","","","","","","","","","","","","MacMillan Rothesay","Saint John, N.B.","","","","","","","","","","","","New Brunswick; Wood-pulp industry; Forests and forestry","","MacMillan Rothesay Limited","","","","","","","","","","","","","","","","","","","","","","","","","","","","","","","","","","","","","","","","","","","","",""
"EVHRACB5","book","1980","","A submission to Cabinet: the Consumer Product Warranty and Liability Act","","","","","","","1980","2025-01-07 15:08:19","2025-01-07 15:08:19","","","","","","","","","","","","","New Brunswick Automobile Dealers' Association","[Fredericton, N.B.","","","","","","","","","","","","New Brunswick; Automobile industry and trade; Legislation; Motor vehicles; Products liability","","New Brunswick Automobile Dealers' Association","","","","","","","","","","","","","","","","","","","","","","","","","","","","","","","","","","","","","","","","","","","","",""
"XSFSD4HA","book","1997","","A study of the transportation requirements of the New Brunswick peat industry: final report","","","","","","","1997","2025-01-07 15:08:19","2025-01-07 15:08:19","","","","","","","","","","","","","Fred Kennedy & Associates","Moncton, N.B.","","","","","","","","","<p>Prepared for Jean-Yves Daigle. Disponible en français</p>","","","New Brunswick; Peat industry","","Fred Kennedy & Associates","","","","","","","","","","","","","","","","","","","","","","","","","","","","","","","","","","","","","","","","","","","","",""
"PU6Q49Q8","book","1979","","A report on Noranda Mines Limited: for Conseil regional d'amenagement du Nord","","","","","","","1979","2025-01-07 15:08:19","2025-01-07 15:08:19","","","","","","","","","","","","","C.R.A.N.?","[Fredericton, N.B.]","","","","","","","","","<p>Library has: photocopy of original; Includes bibliography; Noranda Mines Ltd. - Brunswick Mining and Smelting Corporation - Fraser, Inc. - Consolidated-Bathurst, Inc</p>","","","New Brunswick; Wood-pulp industry; Brunswick Mining and Smelting Corporation; Consolidated-Bathurst, Inc; Fraser, Inc; Mining industry and finance; Monopolies; Noranda Mines Limited","","Senopi Consultants; Nouveau-Brunswick. Conseil régional d'aménagement du Nord.","","","","","","","","","","","","","","","","","","","","","","","","","","","","","","","","","","","","","","","","","","","","",""
"8AMPTCDT","book","1995","","A profile of call centres in New Brunswick","","","","","","","1995","2025-01-07 15:08:19","2025-01-07 15:08:19","","","","","","","","","","","","","Insight Canada Research","Toronto","","","","","","","","","<p>Report prepared for The Telemarketing Industry Association (TIA)</p>","","","New Brunswick; Call centers","","Insight Canada Research; Telemarketing Industry Association","","","","","","","","","","","","","","","","","","","","","","","","","","","","","","","","","","","","","","","","","","","","",""
"FJTU86SI","book","","Thomson, James M.; Gilbert, R.D.","A history of the Sussex and Studholm Agricultural Society, 1841-1980, Sussex, N.-B.","","","","","","","","2025-01-07 15:08:18","2025-01-07 15:08:18","","","","","","","","","","","","","s. n.","[S. l.","","","","","","","","","<p>Cover title</p>","","","History; Agriculture, Cooperative; Business records; Societies, etc; Sussex (N. B.); Sussex and Studholm Agricultural Society","","","","","","","","","","","","","","","","","","","","","","","","","","","","","","","","","","","","","","","","","","","","","","",""
"KGM777PI","book","1997","","A development strategy for the New Brunswick beef industry","","","","","","","1997","2025-01-07 15:08:18","2025-01-07 15:08:18","","","","","","","","","","","","","N.B. Cattle Agency]","[S.l.","","","","","","","","","","","","New Brunswick; Beef industry","","The N.B. Cattle Agency. Beef Industry Development Task Group","","","","","","","","","","","","","","","","","","","","","","","","","","","","","","","","","","","","","","","","","","","","",""
"V75WIVTX","book","2000","Apperley, Bob","A brief history of the United Association in Saint John New Brunswick, 1903-2000","","0-9687951-0-2","","","","","2000","2025-01-07 15:08:18","2025-01-07 15:08:18","","","","","","","","","","","","","Evans Enterprises","[S. l.]","","","","","","","","","<p>""United Association of Journeymen and Apprentices of Plumbing and Pipe Fitting Industry of the United States and Canada ... Local 213, Saint John, N. B</p>","","","History; Labor unions; Local 213 (Saint John, N. B.); Plumbers; Plumbing industry; Saint John (N. B.); United Association of Journeymen and Apprentices of the Plumbing and Pipe Fitting Industry","","","","","","","","","","","","","","","","","","","","","","","","","","","","","","","","","","","","","","","","","","","","","","",""
"T9ZNDJMD","book","1986","","A brief for the attention of the Honourable Richard B. Hatfield, Premier of New Brunswick and members of the provincial cabinet","","","","","","","1986","2025-01-07 15:08:18","2025-01-07 15:08:18","","","","","","","","","","","","","Business Area Revitalization","Saint John, N.B.","","","","","","","","","","","","New Brunswick; Central business districts; City planning; Urban beautification","","Business Area Revitalization (N.B.) Inc.","","","","","","","","","","","","","","","","","","","","","","","","","","","","","","","","","","","","","","","","","","","","",""
"5K9AQBXK","book","1990","Wallace, Catherine","""Making a difference"": a report on the Administration faculties of the Université de Moncton and the University of New Brunswick = ""Envers le changement""","","","","","","","1990","2025-01-07 15:08:18","2025-01-07 15:08:18","","","","","","","","","","","","","s.n.]","[S.l.","","","","","","","","","<p>English and French text on inverted pages; Includes bibliographical references</p>","","","Business education; New Brunswick; Nouveau-Brunswick; Enseignement commercial; Université de Moncton; University of New Brunswick","","","","","","","","","","","","","","","","","","","","","","","","","","","","","","","","","","","","","","","","","","","","","","",""
"J55AJIAB","book","1961","","[Brief presented to the Minister of Industry and Development on the potato starch industry in New Brunswick]","","","","","","","1961","2025-01-07 15:08:18","2025-01-07 15:08:18","","","","","","","","","","","","","The Co-operative","Grand Falls, N.B.","","","","","","","","","","","","Starch industry","","Valley Co-operative Limited (Grand Falls, N.B.)","","","","","","","","","","","","","","","","","","","","","","","","","","","","","","","","","","","","","","","","","","","","",""
"NAPDIK2H","book","1977","","""Lorneville LNG project"": an evaluation of its economic impact prepared for Tenneco LNG Inc., Lorneterm LNG Ltd. and TransCanada Pipelines (New Brunswick) Limited","","","","","","","1977","2025-01-07 15:08:18","2025-01-07 15:08:18","","","","","","","","","","","","","E. C. Sievwright Associates Limited","Toronto, Ont.","","","","","","","","","<p>""August 1977""; Includes bibliographical references</p>","","","Environmental aspects; Economic aspects; Pipelines; Liquefied natural gas industry; Liquified natural gas pipelines; Lorneville (N. B.)","","E. C. Sievwright Associates Limited.","","","","","","","","","","","","","","","","","","","","","","","","","","","","","","","","","","","","","","","","","","","","",""
"85IBRPER","book","1984","","""L'entrepreneurship, c'est notre solution"": compte-rendu ..","","","","","","","1984","2025-01-07 15:08:18","2025-01-07 15:08:18","","","","","","","","","","","","","Conseil économique du Nouveau-Brunswick","[Moncton, N.-B.]","","","","","","","","","<p>Tenu à Campbellton le 14 avril 1984. Publié conjointement avec la Commission industrielle de Restigouche</p>","","","New Brunswick; Nouveau-Brunswick; Congresses; Business enterprises; Entreprises; Congrès","","Colloque économique du Restigouche (1984 : Campbellton, N.-B.); Conseil économique du Nouveau-Brunswick Inc.","","","","","","","","","","","","","","","","","","","","","","","","","","","","","","","","","","","","","","","","","","","","",""
"AVQ6RZA2","book","2000","Finn, Gilbert; Chiasson, Anselme","""Fais quelque chose!"": mémoires","","0-9688037-0-9","","","","","2000","2025-01-07 15:08:17","2025-01-07 15:08:17","","","","","","","","","","","","","AGMV Marquis","[Québec","","","","","","","","","","","","History; New Brunswick; Biography; Businessmen; Histoire; Nouveau-Brunswick; Biographies; Hommes d'affaires; Assurance-vie; Canadiens français; French-Canadians; Insurance, Life","","","","","","","","","","","","","","","","","","","","","","","","","","","","","","","","","","","","","","","","","","","","","","",""
"3QV2BFAS","book","1986","Belliveau, John Edward","""Crackie"": the Sumner family business dynasty","","0-88999-315-7","","","","","1986","2025-01-07 15:08:17","2025-01-07 15:08:17","","","","","","","","","","","","","Lancelot Press","Hantsport, N.S.","","","","","","","","","","","","New Brunswick; Biography; Businessmen; Sumner family (W.H.T. Sumner)","","","","","","","","","","","","","","","","","","","","","","","","","","","","","","","","","","","","","","","","","","","","","","",""
"JEGW9PVA","journalArticle","1991","Berkowitz, Peggy.","You say potato : they say McCains","Canadian business","","","","","","1991-12","2025-01-07 15:07:27","2025-01-07 15:07:27","","","","12","4","","","","","","","","","","English","","","","","https://unb.on.worldcat.org/oclc/5283872869","","Section: pages 44-48 : illustrations ; 28 cm.","","","","","","","","","","","","","","","","","","","","","","","","","","","","","","","","","","","","","","","","","","","","","","","","","","",""
"4ZC633ES","book","1989","Earle, Michael J. (Michael John)","Workers and the state in twentieth century Nova Scotia","","0-919107-21-4 978-0-919107-21-2","","","","","1989","2025-01-07 15:07:27","2025-01-07 15:07:27","","","","","","","","","Gorsebrook studies in the political economy of the Atlantic region ; 2","","","","Published for the Gorsebrook Research Institute of Atlantic Canada Studies by Acadiensis Press","Fredericton, N.B.","English","","","","","https://unb.on.worldcat.org/oclc/22890607","","Section: 265 pages ; 23 cm.","","","","","","","","","","","","","","","","","","","","","","","","","","","","","","","","","","","","","","","","","","","","","","","","","","",""
"DBP5CDWW","book","1897","","Wood industries of Canada","","978-0-665-24892-4 0-665-24892-X","","","https://www.canadiana.ca/view/oocihm.24892","","1897","2025-01-07 15:07:27","2025-01-07 15:07:27","","","","","","1 online resource","","","","","","","Timber Trades Journal","London","English","","","","","https://unb.on.worldcat.org/oclc/1198635986","","","","","","","","","","","","","","","","","","","","","","","","","","","","","","","","","","","","","","","","","","","","","","","","","","","","",""
"3GTD5IWE","thesis","2005","MacLean, Melanie.","Venture capital process in New Brunswick","","","","","","","2005","2025-01-07 15:07:26","2025-01-07 15:07:26","","","","","","","","","","","","","University of New Brunswick. Faculty of Administration.","","English","","","","","https://unb.on.worldcat.org/oclc/270487515","","","<p>xi, 150 leaves : illustrations ; 29 cm</p>","","","","","","","","","","","","","","","","","","","","","","","","","","","","","","","","","","","","","","","","","","","","","","","","","",""
"INIXAEQP","book","2020","Pitts, Gordon","Unicorn in the woods : how East Coast geeks and dreamers are changing the game","","978-1-77310-151-4 1-77310-151-X","","","","","2020","2025-01-07 15:07:26","2025-01-07 15:07:26","","","","","","","","","","","","","Goose Lane Editions","Fredericton, NB","English","","","","","https://unb.on.worldcat.org/oclc/1145826864","","Section: 279 pages : illustrations ; 24 cm","","","","","","","","","","","","","","","","","","","","","","","","","","","","","","","","","","","","","","","","","","","","","","","","","","",""
"HAU7D8RN","book","1995","Jeffery, Debbie.; New Brunswick Advisory Council on the Status of Women.","Women in business : a Canadian literature review","","1-55137-578-8 978-1-55137-578-6","","","","","1995","2025-01-07 15:07:26","2025-01-07 15:07:26","","","","","","","","","","","","","New Brunswick Advisory Council on the Status of Women.","Moncton, NB","English","","","","","https://unb.on.worldcat.org/oclc/37984447","","Section: 45 p. ; 28 cm.","","","","","","Melanson, Rosella.","","","","","","","","","","","","","","","","","","","","","","","","","","","","","","","","","","","","","","","","","","","","",""
"3SR865WX","book","2021","Walker, Julian H.","Wires crossed: memoir of a citizen and reporter in the Irving press.","","1-5255-9641-1 978-1-5255-9641-4 1-5255-9640-3 978-1-5255-9640-7","","","","","2021","2025-01-07 15:07:26","2025-01-07 15:07:26","","","","","","","","","","","","","FriesenPress","[S.l.]","English","","","","","https://unb.on.worldcat.org/oclc/1273468640","","Self-published","","","","","","","","","","","","","","","","","","","","","","","","","","","","","","","","","","","","","","","","","","","","","","","","","","",""
"BH7WQD9J","book","1981","Wynn, Graeme","Timber colony : a historical geography of early nineteenth century New Brunswick","","0-8020-5513-3 978-0-8020-5513-2 0-8020-6407-8 978-0-8020-6407-3","","","","","1981","2025-01-07 15:07:14","2025-01-07 15:07:14","","","","","","","","","Canadian university paperbooks ; 258","","","","University of Toronto Press","Toronto ;","English","","","","","https://unb.on.worldcat.org/oclc/7749965","","Section: xiv, 224 pages : illustrations ; 23 cm","","","","","","","","","","","","","","","","","","","","","","","","","","","","","","","","","","","","","","","","","","","","","","","","","","",""
"9M8XSMDP","book","1962","Bridges, Edward Ettingdene Bridges Baron, 1892-1969.","Thoughts on a new aspect of international relations,","","","","","","","1962","2025-01-07 15:07:14","2025-01-07 15:07:14","","","","","","","","","The Josiah Wood lectures, 1962","","","","Mount Allison University","Sackville, N.B.","English","","","WorldCat.org","","","","Section: 37 pages portrait 18 cm.","","","","","","","","","","","","","","","","","","","","","","","","","","","","","","","","","","","","","","","","","","","","","","","","","","",""
"TFFN8DUJ","report","1990","Canadian Federation of Independent Business.","The small business sector in New Brunswick","","","","","","","1990","2025-01-07 15:07:14","2025-01-07 15:07:14","","","","","","","","","","","","","Canadian Federation of Independent Business","Toronto, ON","English","","","","","https://unb.on.worldcat.org/oclc/270794375","","Section: 10 leaves : illustrations ; 29 cm.","","","","","","","","","","","","","","","","","","","","","","","","","","","","","","","","","","","","","","","","","","","","","","","","","","",""
"W5ECJ2V8","book","1974","Wright, Esther Clark","The ships of St. Martins : shipbuilding, and a list of vessels built at St. Martins, New Brunswick 1800-1899","","","","","","","1974","2025-01-07 15:07:14","2025-01-07 15:07:14","","","","","","","","","Seascope series ; 2","","","","New Brunswick Museum","Saint John, N.B.","English","","","","","https://unb.on.worldcat.org/oclc/3771416","","Section: 47 pages : illustrations ; 23 cm.","","","","","","","","","","","","","","","","","","","","","","","","","","","","","","","","","","","","","","","","","","","","","","","","","","",""
"P34CP5R7","book","1988","Robertson, Ian Ross 1944-; Prince Edward Island. Land Commissioners' Court.; Robertson, Ian Ross 1944-; Prince Edward Island. Land Commissioners' Court.","The Prince Edward Island Land Commission of 1860","","0-919107-15-X 978-0-919107-15-1 0-919107-14-1 978-0-919107-14-4","","","https://bac-lac.on.worldcat.org/oclc/743793329","","1988","2025-01-07 15:07:14","2025-01-07 15:07:14","","","","","","","","","Sources in the history of Atlantic Canada ; no. 7","","","","Acadiensis Press","Fredericton, N.B.","English","","","WorldCat.org","","","","Section: 214 pages : 1 map ; 23 cm.","","","","","","","","","","","","","","","","","","","","","","","","","","","","","","","","","","","","","","","","","","","","","","","","","","",""
"JDZM9QR4","book","2013","Long, Walter Russell; McNeil, Bob; Randall, Carol; White, Fred","The men of the Whooper","","","","","","","2013","2025-01-07 15:07:14","2025-01-07 15:07:14","","","","","","","","","","","","","Fredericton North Heritage Association","Fredericton, NB","English","","","","","https://unb.on.worldcat.org/oclc/878525931","","Section: iv, 156 pages : illustrations, portraits ; 28 cm","","","","","","","","","","","","","","","","","","","","","","","","","","","","","","","","","","","","","","","","","","","","","","","","","","",""
"7ATNTNN2","book","2014","Walma, Mark W.; O'Keefe-Robak, Mary; Saunders, Marshall","The McAdam Railway Station and Hotel : fact, fiction and photographs.","","","","","","","2014","2025-01-07 15:07:14","2025-01-07 15:07:14","","","","","","","","","","","","","McAdam Historical Restoration Commission","McAdam, NB","English","","","","","https://unb.on.worldcat.org/oclc/919005788","","Section: 70 pages : illustrations (some colour), portraits ; 23 x 29 cm","","","","","","","","","","","","","","","","","","","","","","","","","Limited 1st edition.","","","","","","","","","","","","","","","","","","","","","","","","","",""
"8BGUSW4H","book","1927","Canada. Dominion Bureau of Statistics.","The Maritime Provinces since confederation. A statistical study of their social and economic condition during the past sixty years ...","","","","","","","1927","2025-01-07 15:07:14","2025-01-07 15:07:14","","","","","","","","","","","","","F.A. Acland, printer","Ottawa","English","","","","","https://unb.on.worldcat.org/oclc/43912405","","Section: vi, 139 pages tables, diagram 25 cm","","","","","","","","","","","","","","","","","","","","","","","","","","","","","","","","","","","","","","","","","","","","","","","","","","",""
"RA89R3RB","book","1992","Harley, Mallory","The knowledge industry of Fredericton","","","","","","","1992","2025-01-07 15:07:14","2025-01-07 15:07:14","","","","","","","","","","","","","[publisher not identified]","[Fredericton]","English","","","","","https://unb.on.worldcat.org/oclc/270389578","","Section: 61 leaves ; 28 cm","","","","","","","","","","","","","","","","","","","","","","","","","","","","","","","","","","","","","","","","","","","","","","","","","","",""
"DZAFSBNR","book","1852","New Brunswick Society for the Encouragement of Agriculture, Home Manufactures, and Commerce throughout the Province.","The Great Exhibition : New Brunswick Society for the Encouragement of Agriculture, Home Manufactures and Commerce throughout the Province.","","","","","http://online.canadiana.ca/view/oocihm.22362","","1852","2025-01-07 15:07:14","2025-01-07 15:07:14","","","","","","1 online resource","","","CIHM/ICMH Microfiche series = CIHM/ICMH collection de microfiches ; no. 22362","","","","[publisher not identified]","[Fredericton, N.B.?]","English","","","","","","","","","","","","","","","","","","","","","","","","","","","","","","","","","","","","","","","","","","","","","","","","","","","","","","","","","",""
"3PWX2FDA","book","2012","Sawler, Harvey","Twenty-first century Irvings","","978-1-55109-944-6 1-55109-944-6","","","","","2012","2025-01-07 15:07:14","2025-01-07 15:07:14","","","","","","","","","","","","","Nimbus Pub.","Halifax, N.S.","English","","","","","https://unb.on.worldcat.org/oclc/797278456","","Section: 233 pages : genealogical table ; 21 cm","","","","","","","","","","","","","","","","","","","","","","","","","Revised edition.","","","","","","","","","","","","","","","","","","","","","","","","","",""
"JWXKGFK3","book","1990","Blaney, Harold A.","The way it was back then : Grampy remembers : a collection of stories","","0-9694503-0-3 978-0-9694503-0-6","","","","","1990","2025-01-07 15:07:14","2025-01-07 15:07:14","","","","","","","","","","","","","H. Blaney","[Millville, N.B.]","English","","","","","https://unb.on.worldcat.org/oclc/21671405","","Section: 142 p. : ill., ports. ; 22 cm.","","","","","","","","","","","","","","","","","","","","","","","","","","","","","","","","","","","","","","","","","","","","","","","","","","",""
"F8GXJWRD","journalArticle","1989","DeMont, John.","The tough tycoons : a New Brunswick family pushes to expand one of the world's richest empires","Maclean's","","","","","","1989","2025-01-07 15:07:14","2025-01-07 15:07:14","","32-34","","6","102","","","","","","","","","","English","","","","","https://unb.on.worldcat.org/oclc/5400459825","","Section: pages 32-36 : illustrations ; 28 cm.","","","","","","","","","","","","","","","","","","","","","","","","","","","","","","","","","","","","","","","","","","","","","","","","","","",""
"BIUG2CXJ","book","1974","Burchill, George Percival","The story of the founding of the New Brunswick telephone company : as told to the writer by one of its founding members - Mr. Howard P. Robinson","","","","","","","1974","2025-01-07 15:07:14","2025-01-07 15:07:14","","","","","","","","","","","","","","New Brunswick","English","","","","","https://unb.on.worldcat.org/oclc/271401452","","Section: 5 pages","","","","","","","","","","","","","","","","","","","","","","","","","","","","","","","","","","","","","","","","","","","","","","","","","","",""
"Z5NJCTHA","book","1977","Saint John (N.B.). Community Planning Branch.; Citizens Liaison Committee on Shopping Needs.","The retail structure of Saint John : a city in transition","","","","","","","1977","2025-01-07 15:07:14","2025-01-07 15:07:14","","","","","","","","","","","","","Community Planning Branch, Dept. of Community Planning & Development","St. John, N.B.","English","","","","","https://unb.on.worldcat.org/oclc/15834260","","Section: 13, 111, [8] leaves, 25 unnumbered leaves of plates : illustrations, graph, maps (3 folded) ; 28 cm","","","","","","","","","","","","","","","","","","","","","","","","","","","","","","","","","","","","","","","","","","","","","","","","","","",""
"8DAUAEAJ","book","1921","Canada. Natural Resources Intelligence Branch.","The Province of New Brunswick, Canada : its natural resources, developed and undeveloped.","","","","","","","1921","2025-01-07 15:07:14","2025-01-07 15:07:14","","","","","","","","","","","","","Dept. of the Interior, Canada","[Ottawa]","English","","","","","https://unb.on.worldcat.org/oclc/427489331","","Section: 92 pages : illustrations, maps ; 25 cm","","","","","","","","","","","","","","","","","","","","","","","","","","","","","","","","","","","","","","","","","","","","","","","","","","",""
"U9JRCG7C","book","1959","Grasberg, Eugene.; Whalen, Hugh.","The New Brunswick economy and the proposed Passamaquoddy tidal power project, 1936-1980 : a maritime economic study for the International Passamaquoddy tidal power survey of October 1, 1959","","","","","","","1959","2025-01-07 15:07:14","2025-01-07 15:07:14","","","","","","","","","","","","","","","English","","","","","https://unb.on.worldcat.org/oclc/71381156","","Section: iv, 160 pages : illustrations ; 27 cm","","","","","","","","","","","","","","","","","","","","","","","","","","","","","","","","","","","","","","","","","","","","","","","","","","",""
"3HFRU98U","film","1992","Carleton Regional Development Commission (N.B.)","The heart & soul of the community","","","","","","","1992","2025-01-07 15:07:14","2025-01-07 15:07:14","","","","","","","","","","","","","Kiers Communication","","","","","","","https://unb.on.worldcat.org/oclc/270425209","","Place: [Fredericton, N.B.]","","","","","","","","","Carleton Regional Development Commission (N.B.)","","","","","","","","","Kiers Communications Group.","","","","","","","","1 videocassette (approximately 17 min.) : sound, color ; 1/2 in.","","","","","","","","","","","","","","","","","","","","","","","","",""
"7UFW99UQ","book","1989","Ircha, M. C.; Lewell, Peter A.","The Greater Fredericton Free Trade Forum : a summary of institutional, organizational and recreational assets available to business and industry","","","","","","","1989","2025-01-07 15:07:14","2025-01-07 15:07:14","","","","","","","","","","","","","The Forum","Fredericton, N.B.","English","","","","","https://unb.on.worldcat.org/oclc/270814239","","Section: 28, 2 leaves ; 28 cm","","","","","","","","","","","","","","","","","","","","","","","","","","","","","","","","","","","","","","","","","","","","","","","","","","",""
"JAPA8JRD","thesis","1976","Somerville, Malcolm MacDonald","The Grand Southern Railway","","","","","","","1976","2025-01-07 15:07:14","2025-01-07 15:07:14","","","","","","","","","","","","","University of New Brunswick. Dept. of History.","","English","","","","","https://unb.on.worldcat.org/oclc/270849777","","","<p>vii, 119 leaves : maps</p>","","","","","","","","","","","","","","","","","","","","","","","","","","","","","","","","","","","","","","","","","","","","","","","","","",""
"TUPB698S","book","1986","Seto, William.; Shyu, Lawrence N.","The Chinese experience in New Brunswick : a historical perspective","","","","","","","1986","2025-01-07 15:07:13","2025-01-07 15:07:13","","","","","","","","","","","","","Chinese Cultural Association of New Brunswick","Fredericton, N.B.","English","","","","","https://unb.on.worldcat.org/oclc/270844308","","Section: ii, 113 pages : illustrations ; 23 cm","","","","","","","","","","","","","","","","","","","","","","","","","","","","","","","","","","","","","","","","","","","","","","","","","","",""
"2MSF6GID","book","2020","Savoie, Donald J.","""Thanks for the business"" : K.C. Irving, Arthur Irving, and the story of Irving Oil","","978-1-77108-890-9 1-77108-890-7","","","","","2020","2025-01-07 15:07:13","2025-01-07 15:07:13","","","","","","","","","","","","","Nimbus Publishing Limited","Halifax, NS","English","","","","","https://unb.on.worldcat.org/oclc/1142815083","","Section: x, 342 pages : illustrations ; 24 cm","","","","","","","","","","","","","","","","","","","","","","","","","","","","","","","","","","","","","","","","","","","","","","","","","","",""
"58EFTDDZ","book","2008","Arif, Hassan.","Sustainable development in small jurisdictions : the cases of New Brunswick and Vermont","","1882582659 9781882582655; 1047-1073 ;","","","","","2008","2025-01-07 15:07:13","2025-01-07 15:07:13","","","","","","","","","Canadian-American public policy, 1047-1073 ; no. 75","","","","Canadian-American Center, University of Maine","Orono, ME","English","","","","","https://unb.on.worldcat.org/oclc/669187607","","Section: 40 pages ; 22 cm.","","","","","","","","","","","","","","","","","","","","","","","","","","","","","","","","","","","","","","","","","","","","","","","","","","",""
"IQEVX8EN","book","1992","New Brunswick Advisory Council on the Status of Women. Office for Promotion of Women in Business.; Research Design Associates.","Summary of the study The myth and the reality of women in business : a study of female entrepreneurship in New Brunswick","","","","","","","1992","2025-01-07 15:07:13","2025-01-07 15:07:13","","","","","","","","","","","","","Research Design Associates Inc.","Moncton, N.B.","English","","","","","https://unb.on.worldcat.org/oclc/70418442","","Section: 16 pages ; 29 cm","","","","","","","","","","","","","","","","","","","","","","","","","","","","","","","","","","","","","","","","","","","","","","","","","","",""
"5UVSMUMC","book","2002","New Brunswick. Department of Training and Employment Development.","Student Employment and Experience Development (SEED), student entrepreneurship : helping students create their own summer job.","","","","","","","2002","2025-01-07 15:07:13","2025-01-07 15:07:13","","","","","","","","","","","","","Training & Employment Development","Fredericton","English","","","","","https://unb.on.worldcat.org/oclc/871173796","","Section: 15, 15 pages ; 28 cm","","","","","","","","","","","","","","","","","","","","","","","","","","","","","","","","","","","","","","","","","","","","","","","","","","",""
"6U548AC7","book","2012","New Brunswick. Innovation Working Group.","Strategies for innovation : a framework for accelerating the Province of New Brunswick","","","","","","","2012","2025-01-07 15:07:13","2025-01-07 15:07:13","","","","","","1 online resource (44 pages) : color illustrations, digital file","","","","","","","New Brunswick Dept. of Economic Development","Fredericton, NB","English","","","","","https://unb.on.worldcat.org/oclc/806242760","","","","","","","","","","","","","","","","","","","","","","","","","","","","","","","","","","","","","","","","","","","","","","","","","","","","",""
"2W6X6Q7D","book","2002","MacBeath, George; Taylor, Donald F.","Steamboat days on the St. John 1816-1946","","1-896775-42-X 978-1-896775-42-5","","","","","2002","2025-01-07 15:07:13","2025-01-07 15:07:13","","","","","","","","","","","","","New Ireland Press","Fredericton, N.B.","English","","","","","https://unb.on.worldcat.org/oclc/270884134","","Section: viii, 175 pages : illustrations, map ; 23 cm","","","","","","","","","","","","","","","","","","","","","","","","","","","","","","","","","","","","","","","","","","","","","","","","","","",""
"2C7S44ZI","book","1993","New Brunswick. Department of Economic Development and Tourism.","Setting the pace for business.","","","","","","","1993","2025-01-07 15:07:13","2025-01-07 15:07:13","","","","","","","","","Microlog ; no. 93-07242.","","","","New Brunswick Dept. of Economic Development and Tourism","Fredericton","English","","","","","https://unb.on.worldcat.org/oclc/271453088","","Section: 20 pages : illustrations ; 28 cm","","","","","","","","","","","","","","","","","","","","","","","","","","","","","","","","","","","","","","","","","","","","","","","","","","",""
"2S9IUTPS","book","1898","Fisher, W. S.; Saint John Board of Trade.; Saint John City Corporation.","Saint John as a Canadian winter port","","","","","","","1898","2025-01-07 15:07:13","2025-01-07 15:07:13","","","","","","","","","","","","","","Saint John, N.B.","English","","","","","https://unb.on.worldcat.org/oclc/890744126","","Section: 22, [12] pages, 9 unnumbered leaves of plates (6 folded) : illustrations, 2 color maps, 3 color plans ; 26 cm","","","","","","","","","","","","","","","","","","","","","","","","","","","","","","","","","","","","","","","","","","","","","","","","","","",""
"IHQJRUZH","report","1991","Grondin, Dierdre.; Council of Maritime Premiers (Canada)","The export orientation of female entrepreneurs in New Brunswick","","","","","","","1991","2025-01-07 15:07:13","2025-01-07 15:07:13","","","","","","","","","","","","","Centre for International Business Studies, Dalhousie University","Halifax, NS","English","","","","","https://unb.on.worldcat.org/oclc/229102785","","Section: 33 pages ; 28 cm.","","","","","","","","","","","","","","","","","","","","","","","","","","","","","","","","","","","","","","","","","","","","","","","","","","",""
"DGH9DUCV","book","2001","Macdougall, Margaret J.","The evolution of business education in New Brunswick, 1784-1984","","0-9697706-3-4 978-0-9697706-3-3","","","","","2001","2025-01-07 15:07:13","2025-01-07 15:07:13","","","","","","","","","","","","","ImPresses","Saint John, N.B.","English","","","","","https://unb.on.worldcat.org/oclc/48075576","","Section: 469 p. ; 23 cm.","<p>Includes index; Bibliography: p. 455-456</p>","","","Business education; History; New Brunswick","","","","","","","","","","","","","","","","","","","","","","","","","","","","","","","","","","","","","","","","","","","","","","",""
"WN85MAPB","book","1984","Saunders, S. A.; Acheson, Thomas William","The economic history of the Maritime Provinces","","0-919107-03-6 978-0-919107-03-8 0-919107-02-8 978-0-919107-02-1","","","","","1984","2025-01-07 15:07:13","2025-01-07 15:07:13","","","","","","","","","Sources in the history of Atlantic Canada ; no. 3","","","","Acadiensis Press","Fredericton, N.B.","English","","","","","https://unb.on.worldcat.org/oclc/11613606","","Section: 139 pages ; 23 cm.","","","","","","","","","","","","","","","","","","","","","","","","","1st ed.","","","","","","","","","","","","","","","","","","","","","","","","","",""
"VP5SFHDI","journalArticle","1984","","The Brunswick business journal.","","","0829-5239","","http://resolver.lrc.macewan.ca/macewan?url_ver=Z39.88-2004&ctx_ver=Z39.88-2004&ctx_enc=info:ofi/enc:UTF-8&rfr_id=info:sid/sfxit.com:opac_856&url_ctx_fmt=info:ofi/fmt:kev:mtx:ctx&sfx.ignore_date_threshold=1&rft.object_id=110978978740553&svc_val_fmt=info:ofi/fmt:kev:mtx:sch_svc&","","1984","2025-01-07 15:07:13","2025-01-07 15:07:13","","","","","","","","","","","","","","","English","","","WorldCat.org","","","","Publisher: Fredericton, N.B. : Whiddy Pub. Co.","","","","","","","","","","","","","","","","","","","","","","","","","","","","","","","","","","","","","","","","","","","","","","","","","","",""
"Z7DJUP5G","book","2004","New Brunswick. Dept. of the Environment and Local Government.","Summary of the environmental impact statement (EIA report) for the Irving Oil Limited Liquefied Natural Gas (LNG) Marine Terminal and Multi-Purpose Pier Project","","","","","","","2004","2025-01-07 15:07:13","2025-01-07 15:07:13","","","","","","","","","","","","","New Brunswick, Environment and Local Government","Fredericton, N.B.","English","","","","","https://unb.on.worldcat.org/oclc/222516066","","Section: 49, [3], 5, 6, [3], 51 p. : 1 map ; 28 cm.","","","","","","","","","","","","","","","","","","","","","","","","","","","","","","","","","","","","","","","","","","","","","","","","","","",""
"BF8FGF33","film","2006","Miller, Bob; Learning, Walter","Success is a journey : small town to global village","","","","","","","2006","2025-01-07 15:07:13","2025-01-07 15:07:13","","","","","","","","","","","","","McCain Foods","","","","","","","https://unb.on.worldcat.org/oclc/850247645","","Place: [Florenceville, N.B.]","","","","","","","","","Learning, Walter","","","","","","","","","Atlantic Media Works","","","Suart, John","","","","","1 videodisc (34 min.) : sound, color ; 4 3/4 in.","","","","","","","","","","","","","","","","","","","","","","","","",""
"RS4BRZE9","book","1995","Greater Fredericton Economic Development Corporation.","Starting a business in the Greater Fredericton Region : a self-help manual","","","","","","","1995","2025-01-07 15:07:13","2025-01-07 15:07:13","","","","","","","","","","","","","GFEDC","Fredericton, NB","English","","","","","https://unb.on.worldcat.org/oclc/270471456","","Section: 98 pages : illustrations ; 28 cm","","","","","","","","","","","","","","","","","","","","","","","","","","","","","","","","","","","","","","","","","","","","","","","","","","",""
"IT6TE5VR","book","2014","Saillant, Richard","Shale gas in New Brunswick : towards a better understanding","","978-0-88659-304-9 0-88659-304-2","","","","","2014","2025-01-07 15:07:13","2025-01-07 15:07:13","","","","","","","","","Collection Roméo Leblanc series","","","","Canadian Institute for Research on Public Policy and Public Administration","Moncton, NB","English","","","","","","","Section: xv, 288 pages : illustrations (some colour), maps ; 22 cm.","","","","","","","","","","","","","","","","","","","","","","","","","","","","","","","","","","","","","","","","","","","","","","","","","","",""
"UBUWMP8C","book","2010","Parr, Joy.","Sensing changes : technologies, environments, and the everyday, 1953-2003","","978-0-7748-1723-3 0-7748-1723-2 978-0-7748-1724-0 0-7748-1724-0 978-0-7748-1725-7 0-7748-1725-9","","","","","2010","2025-01-07 15:07:13","2025-01-07 15:07:13","","","","","","","","","Nature, history, society","","","","UBC Press ;","Vancouver","English","","","","","https://unb.on.worldcat.org/oclc/747431641","","Section: xxviii, 270 pages : illustrations, maps, portraits ; 24 cm","","","","","","","","","","","","","","","","","","","","","","","","","","","","","","","","","","","","","","","","","","","","","","","","","","",""
"346P632F","book","1996","New Brunswick. Department of Advanced Education and Labour.","Report on the strike by communications, energy and paperworkers union, local 691 against Irving Oil Limited, Saint John New Brunswick.","","","","","","","1996","2025-01-07 15:06:32","2025-01-07 15:06:32","","","","","","","","","","","","","","","English","","","","","https://unb.on.worldcat.org/oclc/56303509","","Section: 2 microfiches","","","","","","","","","","","","","","","","","","","","","","","","","","","","","","","","","","","","","","","","","","","","","","","","","","",""
"7XGSFDPM","book","1993","Williamson, Iain","Your guide to government financial assistance for business in New Brunswick","","1-896210-28-7","","","","","1993","2025-01-07 15:11:12","2025-01-07 15:11:12","","","","","","","","","","","","","Productive Publications","[Toronto","","","","","","","","","<p>Library has: 1996-97, 2002-2003; Includes bibliographical references</p>","","","New Brunswick; Finance; Small business","","","","","","","","","","","","","","","","","","","","","","","","","","","","","","","","","","","","","","","","","","","","","","",""
"AVWSVGT6","book","2001","","Vision 2001","","","","","","","2001","2025-01-07 15:11:12","2025-01-07 15:11:12","","","","","","","","","","","","","The Times-Transcript","[S. l. ]","","","","","","","","","<p>Cover title; Includes some French; Le document inclut du français; ""March 29, 2001""</p>","","","Commerce; Industry; Civilization; Economic conditions; Moncton (N. B.); Social Conditions","","Times & Transcript.","","","","","","","","","","","","","","","","","","","","","","","","","","","","","","","","","","","","","","","","","","","","",""
"CVZ4SZ6F","book","1992","Sandberg, L.Anders","Trouble in the woods: forest policy and social conflict in Nova Scotia and New Brunswick","","0-919107-37-0","","","","","1992","2025-01-07 15:11:12","2025-01-07 15:11:12","","","","","","","","","","","","","Published for the Gorsebrook Research Institute for Atlantic Canada Studies by Acadiensis Press","Fredericton, N.B.","","","","","","","","","<p>Includes some text in French; Includes bibliographical references</p>","","","Social aspects; History; New Brunswick; Forest policy; Forest products industry; Nova Scotia","","Gorsebrook Research Institute for Atlantic Canada Studies.","","","","","","","","","","","","","","","","","","","","","","","","","","","","","","","","","","","","","","","","","","","","",""
"ZECRQHWX","book","2001","Beaudin, Maurice","Towards greater value: enhancing Eastern Canada's seafood industry","","0-88659-073-6","","","","","2001","2025-01-07 15:11:12","2025-01-07 15:11:12","","","","","","","","","","","","","Canadian Institute for Research on Regional Development","[Moncton, N.B.]","","","","","","","","","<p>Bibliography: p. 259-271</p>","","","New Brunswick; Atlantic Provinces; Fishery processing industries; Seafood industry","","","","","","","","","","","","","","","","","","","","","","","","","","","","","","","","","","","","","","","","","","","","","","",""
"KNCGN5ZF","book","1989","Steeves, Allan D.","The socio-economic impact of the potash industry on Kings County, N.B.: final report ...","","","","","","","1989","2025-01-07 15:11:12","2025-01-07 15:11:12","","","","","","","","","","","","","Department of Sociology and Anthropology, Carleton University","Ottawa","","","","","","","","","<p>Bibliography: l. 75-76</p>","","","New Brunswick; Kings County; Potash industry and trade","","","","","","","","","","","","","","","","","","","","","","","","","","","","","","","","","","","","","","","","","","","","","","",""
"V2CFDXCD","book","1950","Hamilton, James Francis","The pulp and paper industry of New Brunswick, Canada","","","","","","","1950","2025-01-07 15:11:12","2025-01-07 15:11:12","","","","","","","","","","","","","s.n.]","[S.l.","","","","","","","","","<p>Thesis (M.A.) - Indiana University. Photocopy of typescript; Bibliogralphy: leaves 91-93</p>","","","New Brunswick; Paper making and trade; Wood-pulp industry","","","","","","","","","","","","","","","","","","","","","","","","","","","","","","","","","","","","","","","","","","","","","","",""
"UZDQBN9C","book","1994","O'Brien, Peter","The unfriendly cities: small business looks at Atlantic Canada cities","","","","","","","1994","2025-01-07 15:11:12","2025-01-07 15:11:12","","","","","","","","","","","","","Canadian Federation of Independent Business","[S.l.]","","","","","","","","","","","","New Brunswick; Atlantic Provinces; Small business","","","","","","","","","","","","","","","","","","","","","","","","","","","","","","","","","","","","","","","","","","","","","","",""
"BIZHET94","book","1984","Murphy, Thomas Raymond","The structural transformation of New Brunswick agriculture from 1951 to 1981","","","","","","","1984","2025-01-07 15:11:12","2025-01-07 15:11:12","","","","","","","","","","","","","University of New Brunswick","Fredericton, N.B.","","","","","","","","","<p>Thesis (M.A.) - University of New Brunswick, 1984; Bibliography: p. 284-306</p>","","","Canada; New Brunswick; Potato industry; Agriculture; Agriculture and state; Economic aspects; McCain Foods Ltd","","","","","","","","","","","","","","","","","","","","","","","","","","","","","","","","","","","","","","","","","","","","","","",""
"CMDCRZBU","book","1962","MacPhee, Earle D.","The story of R. R. Colpitts & Son, 1902-1962: 60 years in Moncton, N.B.","","","","","","","1962","2025-01-07 15:11:12","2025-01-07 15:11:12","","","","","","","","","","","","","Colpitts the Stationer","[S.l.","","","","","","","","","","","","History; New Brunswick; Moncton; Westmorland County; Businesses; Colpitts family.; Colpitts, Rufus Reynolds,","","","","","","","","","","","","","","","","","","","","","","","","","","","","","","","","","","","","","","","","","","","","","","",""
"KZCIJJEW","book","1943","Farrer, David","The sky's the limit: the story of Beaverbrook at M.A.P.","","","","","","","1943","2025-01-07 15:11:12","2025-01-07 15:11:12","","","","","","","","","","","","","Hutchinson & Co., ltd.","London, New York [etc.]","","","","","","","","","","","","Great Britain; Aeroplane industry and trade; Beaverbrook, William Maxwell Aitken, baron,; Great Britain. Ministry of Aircraft Production","","","","","","","","","","","","","","","","","","","","","","","","","","","","","","","","","","","","","","","","","","","","","","",""
"9CIBBKUW","book","2017","Moore, Brian; Gaunce, Bradford","The printer's devil: the life of Samuel J. Moore","","978-1-77136-521-5","","","","","2017","2025-01-07 15:11:11","2025-01-07 15:11:11","","","","","","","","","","","","","Windsway Ventures, Ltd.,","Saint John, N. B.","","","","","","","","","<p>v. 47 no. 3 (Fall 2018) Selected Accessions List -- Biography; Includes bibliographical references (p. 181-195); School of hard knocks -- The printer's devil -- The check book : a ""deceivably simple"" idea -- Growth -- The paper givers -- Giving and receiving -- The Great War -- Triumphs and tragedies -- Passing the torch</p>","","","Canada; Biography; Businesspeople; Moore, Samuel J.","","","","","","","","","","","","","","","","","","","","","","","","","","","","","","","","","","","","","","","","","","","","","","",""
"7I7KCZF9","book","2013","Martin, Gwen.; Leonard, Terry","The granite industry of Southwestern New Brunswick : : a historical perspective","","978-1-55471-780-4","","","","","2013","2025-01-07 15:11:11","2025-01-07 15:11:11","","","","","","","","","Popular geology paper","","","","Dept. of Energy and Mines","[Fredericton, N. B. ]","","","","","","","","","<p>Cover title; Available in English only; Includes bibliographical references, p. 90-91</p>","","","History; New Brunswick; Stone industry and trade; Industries; Granite","","New Brunswick.","","","","","","","","","","","","","","","","","","","","","","","","","","","","","","","","","","","","","","","","","","","","",""
"CWFVS8W9","book","2001","Macdougall, Margaret J.","The evolution of business education in New Brunswick, 1784-1984","","0-9697706-3-4 978-0-9697706-3-3","","","","","2001","2025-01-07 15:11:11","2025-01-07 15:11:11","","","","","","","","","","","","","ImPresses","Saint John, N.B.","English","","","","","https://unb.on.worldcat.org/oclc/48075576","","Section: 469 p. ; 23 cm.","<p>Includes index; Bibliography: p. 455-456</p>","","","Business education; History; New Brunswick","","","","","","","","","","","","","","","","","","","","","","","","","","","","","","","","","","","","","","","","","","","","","","",""
"TEXKAQV6","book","2005","Pitts, Gordon","The codfathers: lessons from the Maritime business elite","","1-55263-718-2","","","","","2005","2025-01-07 15:11:11","2025-01-07 15:11:11","","","","","","","","","","","","","Key Porter Books","[Toronto, Ont.]","","","","","","","","","<p>Includes index</p>","","","New Brunswick; Businessmen; Family-owned business enterprises; Atlantic Provinces; Entrepreneurs","","","","","","","","","","","","","","","","","","","","","","","","","","","","","","","","","","","","","","","","","","","","","","",""
"TTJSVTWM","book","2003","","The New Brunswick forest industry : the potential economic impact of proposals to increase the wood supply = Industrie forestière du Nouveau-Brunswick : incidence économique possible de propositions pour augmenter l'approvisionnement en bois","","","","","https://leglibbibcat.legnb.ca/e-repository/monographs/30000000043978/30000000043978.pdf","","2003","2025-01-07 15:11:11","2025-01-07 15:11:11","","","","","","","","","","","","","s. n.],","[S. l.","","","","","","","","","<p>""December 2003""; Text in English and French on inverted pages; ""Décembre 2003""; Texte en français et en anglais disposé tête-bêche</p>","","","New Brunswick; Industrie; Nouveau-Brunswick; Forest products industry; Forests and forestry; Economic conditions; Conditions économiques; Economic history; Foresterie; Histoire économique; Produits forestiers","","Atlantic Provinces Economic Council.; Conseil économique des provinces de l'Atlantique.","","","","","","","","","","","","","","","","","","","","","","","","","","","","","","","","","","","","","","","","","","","","",""
"NJTDXHD8","book","1982","","The New Brunswick Federation of Wood Producers Inc. 1981 - 82","","","","","","","1982","2025-01-07 15:11:11","2025-01-07 15:11:11","","","","","","","","","","","","","The New Brunswick Federation of Wood Producers","Fredericton, N. B.","","","","","","","","","<p>Copy 1 contains maps in back cover folder; Cover title; Disponible aussi en français sous le titre : La Fédération des producteurs de bois du Nouveau-Brunswick Inc. 1981 - 82; Library has : 1981-82</p>","","","New Brunswick; Forest products industry; Lumber trade","","The New Brunswick Federation of Wood Producers Inc.","","","","","","","","","","","","","","","","","","","","","","","","","","","","","","","","","","","","","","","","","","","","",""
"F6VB26JG","book","1989","","The impact of the potash industry on the Sussex economy","","","","","","","1989","2025-01-07 15:11:11","2025-01-07 15:11:11","","","","","","","","","","","","","GMI Consultants]","[S.l.","","","","","","","","","<p>Cover title: The potash industry and Sussex economy: an impact study; Bibliography: l. 85-87</p>","","","New Brunswick; Kings County; Potash industry and trade; Sussex","","GMI Consultants, Inc.","","","","","","","","","","","","","","","","","","","","","","","","","","","","","","","","","","","","","","","","","","","","",""
"JW4NWV6F","book","1995","Grondin, Deirdre","The impact of government export stimulation programs on women entrepreneurs of Canada","","","","","","","1995","2025-01-07 15:11:11","2025-01-07 15:11:11","","","","","","","","","","","","","University of New Brunswick, Faculty of Administration","Fredericton, N.B.","","","","","","","","","<p>Report prepared for Atlantic Canada Opportunities Agency; Bibliography: l. 72-76</p>","","","Atlantic Provinces; Women in business; Export trading companies","","Atlantic Canada Opportunities Agency","","","","","","","","","","","","","","","","","","","","","","","","","","","","","","","","","","","","","","","","","","","","",""
"HAEH4I3K","book","1987","Haché, George Joseph","The identification of entrepreneurial competencies associated with successful self-employment in trade-related occupations in the province of New Brunswick","","","","","","","1987","2025-01-07 15:11:11","2025-01-07 15:11:11","","","","","","","","","","","","","University Microfilms International","Ann Arbor, Mich.","","","","","","","","","<p>Thesis (Ph.D.) - Texas A & M University, 1985; Bibliography: p. 101-103</p>","","","New Brunswick; Business enterprises; Entrepreneur","","","","","","","","","","","","","","","","","","","","","","","","","","","","","","","","","","","","","","","","","","","","","","",""
"4E5XT5QD","book","1979","Côté, Serge","The great depression and its effects on the pulp and paper industry, with emphasis on the New Brunswick situation","","","","","","","1979","2025-01-07 15:11:11","2025-01-07 15:11:11","","","","","","","","","","","","","Mount Saint Vincent University","Halifax, N. S.","","","","","","","","","<p>""March 15-17, 1979""; ""Paper presented at the 14th Annual Conference of the Atlantic Association of Sociologists and Anthropologists""</p>","","","New Brunswick; Wood-pulp industry; 1929; Atlantic Association of Sociologists and Anthropologists; Depressions; Paper mills; Pulp mills","","","","","","","","","","","","","","","","","","","","","","","","","","","","","","","","","","","","","","","","","","","","","","",""
"UB3H4S5I","book","1996","Salter, Joseph; Ross, Nancy Redmayne","The diary of a Maritimer, 1816-1901: the life and times of Joseph Salter","","0-9695885-9-3","","","","","1996","2025-01-07 15:11:11","2025-01-07 15:11:11","","","","","","","","","","","","","International Maritime Economic History Association","St. John's, Nfld.","","","","","","","","","","","","History; New Brunswick; Biography; Businessmen; Maritime Provinces; Histoire; Shipbuilding industry; 19th century; 19e siècle; Biographies; Chantiers navals; Construction navale; Hommes d'affaires; Marine marchande; Merchant marine; Provinces maritimes; Salter, Joseph,; Shipping; Shipyards; Transports maritimes","","International Maritime Economic History Association.","","","","","","","","","","","","","","","","","","","","","","","","","","","","","","","","","","","","","","","","","","","","",""
"WUBEDK7A","book","1951","Cunningham, Margaret; Videto, Harris E.; Brown, Kenneth B.","The Development of the forests and and forest industries of New Brunswick","","","","","","","1951","2025-01-07 15:11:11","2025-01-07 15:11:11","","","","","","","","","","","","","New Brunswick Resources Development Board","Fredericton, N.B.","","","","","","","","","Spine title: the forests of New Brunswick / Brown. Typewritten manuscript: first draft with handwritten corrections; Includes bibliographical note dated 1981 and signed by K.B. Brown: l. <1>; Part 1. <Notes from forest history / Margaret Cunningham>. - Part 2. The utilization of wood in New Brunswick / by Harris E. Videto","","","History; New Brunswick; Wood-pulp industry; Forests and forestry; Lumber trade","","New Brunswick Resources Development Board","","","","","","","","","","","","","","","","","","","","","","","","","","","","","","","","","","","","","","","","","","","","",""
"B4VMZ76W","book","2005","Steeves, John","The Dairytown dream","","","","","","","2005","2025-01-07 15:11:11","2025-01-07 15:11:11","","","","","","","","","","","","","Dairytown Products Ltd.","[Sussex, N. B.","","","","","","","","","<p>Also available in French ""Le Rêve Dairytown""</p>","","","History; New Brunswick; Histoire; Nouveau-Brunswick; Sussex; Dairy products industry; Dairytown Products Ltd; Industrie laitière","","Dairytown Products Ltd.","","","","","","","","","","","","","","","","","","","","","","","","","","","","","","","","","","","","","","","","","","","","",""
"K84XBCFJ","book","1990","Folster, David","The chocolate Ganongs of St. Stephen, New Brunswick","","0-7715-9946-3","","","","","1990","2025-01-07 15:11:11","2025-01-07 15:11:11","","","","","","","","","","","","","Macmillan","Toronto","","","","","","","","","<p>Includes index; Bibliography: p. [207]-211</p>","","","History; New Brunswick; Candy industry; Ganong Brothers, Ltd; Ganong family.","","","","","","","","","","","","","","","","","","","","","","","","","","","","","","","","","","","","","","","","","","","","","","",""
"TPK62Q29","book","1896","Hansford, Jeffrey E.","The business guide: or, Safe methods of business","","","","","","","1896","2025-01-07 15:11:10","2025-01-07 15:11:10","","","","","","","","","","","","","W.F. Currie","Fredericton, N.B.","","","","","","","","","<p>Revised and enlarged by James L. Nichols. Cover title: Safe methods of business. Includes index</p>","","","Business","","","","","","","","","","","","","","","","","","","","","","","","","","","","","","","","","","","","","","","","","","","","","","",""
"BRIZKT8R","book","1991","Folster, David","The chocolate Ganongs of St. Stephen, New Brunswick","","0-86492-115-2","","","","","1991","2025-01-07 15:11:10","2025-01-07 15:11:10","","","","","","","","","","","","","Goose Lane","[Fredericton, N.B.]","","","","","","","","","","","","History; New Brunswick; Candy industry; Ganong Brothers, Ltd; Ganong family.","","","","","","","","","","","","","","","","","","","","","","","","","","","","","","","","","","","","","","","","","","","","","","",""
"ARFNJAQ4","book","2003","Wetmore, Jack; Browne, Ken","Sustainable turf: establishment, maintenance, and IPM guidelines for turf in Atlantic Canada","","0-9734392-0-3","","","","","2003","2025-01-07 15:10:36","2025-01-07 15:10:36","","","","","","","","","","","","","New Brunswick Horticultural Trades Association","[Fredericton, N.B.","","","","","","","","","<p>Includes bibliographical references and index</p>","","","Atlantic Provinces; Environmental aspects; Diseases and pests; Integrated control; Turf management; Turfgrasses; Turfgrasses industry","","New Brunswick Horticultural Trades Association.","","","","","","","","","","","","","","","","","","","","","","","","","","","","","","","","","","","","","","","","","","","","",""
"XEAUJXCE","film","2006","Atlantic Mediaworks.","Success is a journey: small town to global village","","","","","","","2006","2025-01-07 15:10:36","2025-01-07 15:10:36","","","","","","","","","","","","","McCain Foods","","","","","","","","","Place: [Florenceville, N. B.","<p>This is the story of the international frozen food company, McCain Foods. It tells how the founders, brothers Robert, Andrew, Wallace and Harrison McCain, created the company. It highlights some of the early struggles, the company's unprecedented growth and its continued success. It illustrates the pride that is felt among McCain employees and what been accomplished over the years in achieving international recogntion and leadership in the frozen food industry</p>; <p>This is the story of the international frozen food company, McCain Foods. It tells how the founders, brothers Robert, Andrew, Wallace and Harrison McCain, created the company. It highlights some of the early struggles, the company's unprecedented growth and its continued success. It illustrates the pride that is felt among McCain employees and what been accomplished over the years in achieving international recogntion and leadership in the frozen food industry</p>","","","International business enterprises; History; New Brunswick; Frozen foods industry; McCain Foods Limited","","","","","","","","","","","","","","","","","","","","","","","","","","","","","","","","","","","","","","","","","","","","","","",""
"4K2FXD5C","book","1996","Ashton, Bill; Wehrell, Roger","Succeeding in home business: balancing family and work","","0-88828-129-3","","","","","1996","2025-01-07 15:10:36","2025-01-07 15:10:36","","","","","","","","","","","","","Mount Allison University, Rural and Small Town Programme","Sackville, N. B.","","","","","","","","","<p>""Micro-Enterprise Innovation Exchange. Mount Allison University""; Includes bibliographical references (p. [107]-109) and index</p>","","","Success in business; Home-based businesses; Problems, exercices, etc; Problems, exercises, etc; Work and family","","Mount Allison University.; Mount Allison University.","","","","","","","","","","","","","","","","","","","","","","","","","","","","","","","","","","","","","","","","","","","","",""
"845DSFRC","book","1977","","Submission to the National Energy Board on applications relating to establishment of LNG facilities at Lorneville, N.B","","","","","","","1977","2025-01-07 15:10:35","2025-01-07 15:10:35","","","","","","","","","","","","","The Federation","Saint John, N.B.","","","","","","","","","","","","New Brunswick; Saint John County; Liquified natural gas industry; Lorneville","","New Brunswick Federation of Labour.","","","","","","","","","","","","","","","","","","","","","","","","","","","","","","","","","","","","","","","","","","","","",""
"WSRQ7GM3","book","1988","","Submission to the Atlantic Canada Opportunities Agency","","","","","","","1988","2025-01-07 15:10:35","2025-01-07 15:10:35","","","","","","","","","","","","","The City of Saint John","Saint John, N.B.","","","","","","","","","<p>On cover: Saint John Regional Exhibition Centre</p>","","","New Brunswick; Saint John; Saint John County; Central business districts; City planning; Urban beautification; Atlantic Canada Opportunities Agency","","Saint John, N.B.","","","","","","","","","","","","","","","","","","","","","","","","","","","","","","","","","","","","","","","","","","","","",""
"UMC5NTDW","book","","","Submission of The Bay of Fundy Weir Fisherman's Association, Inc. on the proposed oil refinery at Eastport, Maine","","","","","","","","2025-01-07 15:10:35","2025-01-07 15:10:35","","","","","","","","","","","","","The Association,/c1973?]","[S. l.","","","","","","","","","<p>Bibliography : p. 20</p>","","","Fisheries; Bay of Fundy; Eastport(Me.); Petroleum industry","","The Bay of Fundy Weir Fisherman's Association, Inc.","","","","","","","","","","","","","","","","","","","","","","","","","","","","","","","","","","","","","","","","","","","","",""
"7FPWCWAK","book","2011","Bird, Bud; Lee, Philip J.","Sixty seconds run: a life in business, politics and public service","","978-0-9868615-0-5","","","","","2011","2025-01-07 15:10:35","2025-01-07 15:10:35","","","","","","","","","","","","","J. W. Bud Bird","Fredericton, N. B.","","","","","","","","","<p>Fall 2011 Selected Accessions List; Inscribed by author; Original limited edition -- 500 copies</p>","","","New Brunswick; Biography; Businessmen; Politicians; Bird, Bud.","","","","","","","","","","","","","","","","","","","","","","","","","","","","","","","","","","","","","","","","","","","","","","",""
"JIR7N4XD","book","1974","Roberts, Bruce","Situation analysis of the dairy industry in New Brunswick","","","","","","","1974","2025-01-07 15:10:35","2025-01-07 15:10:35","","","","","","","","","","","","","B. Roberts","Fredericton, N.B.","","","","","","","","","<p>Prepared for: The New Brunswick Dairy Industry Planning Project</p>","","","New Brunswick; Dairy products; Milk trade","","","","","","","","","","","","","","","","","","","","","","","","","","","","","","","","","","","","","","","","","","","","","","",""
"M8NFDJXN","book","1913","","Steam saw mill schedule and lumber rates : adopted May 26, 1913","","","","","","","1913","2025-01-07 15:10:35","2025-01-07 15:10:35","","","","","","","","","","","","","s. n.","[S. l.","","","","","","","","","","","","New Brunswick; Lumber; Rates; Saw industry","","New Brunswick Board of Fire Underwriters.","","","","","","","","","","","","","","","","","","","","","","","","","","","","","","","","","","","","","","","","","","","","",""
"8U572RNR","book","1980","","Site water works approvals report","","","","","","","1980","2025-01-07 15:10:34","2025-01-07 15:10:34","","","","","","","","","","","","","Kilborn Limited","Toronto","","","","","","","","","<p>Diagram in pocket</p>","","","New Brunswick; Kings County; Potash industry and trade; Sussex; Water-supply","","Potash Company of America, Sussex, N.B.","","","","","","","","","","","","","","","","","","","","","","","","","","","","","","","","","","","","","","","","","","","","",""
"SMDUSCEF","book","1986","Sager, Eric W.; Fischer, Lewis R.","Shipping and shipbuilding in Atlantic Canada, 1820-1914","","0-88798-111-9","","","http://www.collectionscanada.ca/cha-shc/002013-111.01-e.php?q1=H&interval=100","","1986","2025-01-07 15:10:34","2025-01-07 15:10:34","","","","","","","","","Canadian Historical Association historical booklet,","","","","Canadian Historical Association","Ottawa,  Ont.","","","","","","","","","","","","History; Atlantic Provinces; Shipbuilding industry; Shipping","","Canadian Historical Association.","","","","","","","","","","","","","","","","","","","","","","","","","","","","","","","","","","","","","","","","","","","","",""
"R4G4ZXWE","book","1995","Mallett, Ted","Silent killer: the impact of local property taxation on New Brunswick's small- and medium-sized businesses","","","","","","","1995","2025-01-07 15:10:34","2025-01-07 15:10:34","","","","","","","","","","","","","Canadian Federation of Independent Business","Halifax, N.S.","","","","","","","","","","","","Canada; New Brunswick; Small business; Property tax","","","","","","","","","","","","","","","","","","","","","","","","","","","","","","","","","","","","","","","","","","","","","","",""
"9BX7NQB9","book","2009","MacIntosh, Lane","Shoulder to shoulder: the story of the Road Builders Association of New Brunswick","","978-0-9865130-0-8","","","","","2009","2025-01-07 15:10:34","2025-01-07 15:10:34","","","","","","","","","","","","","Road Builders Association of New Brunswick","Fredericton, N. B.","","","","","","","","","","","","History; New Brunswick; Construction industry; Road Builders Association of New Brunswick","","","","","","","","","","","","","","","","","","","","","","","","","","","","","","","","","","","","","","","","","","","","","","",""
"4WPXPHUC","book","1977","Folinsbee, R.E.; Leech, A.V.","Shifts in the balance of Canada's resource endowments: June 6-7, 1977, Fredericton, N.B. / R.H. Folinsbee, chairman and editor; A.V. Leech, editor","","","","","","","1977","2025-01-07 15:10:33","2025-01-07 15:10:33","","","","","","","","","","","","","Royal Society of Canada","Ottawa","","","","","","","","","<p>At head of title: Royal Society of Canada, Seventeenth Symposium = La Société royale du Canada, dix-septième colloque; Some text in French; Includes bibliographical references</p>","","","Canada; Petroleum industry and trade; Addresses, essays, lectures; Discours, essais, conférences; Industrie et commerce; Mines and mineral resources; Petrole; Power resources","","Royal Society of Canada; Société Royale du Canada.","","","","","","","","","","","","","","","","","","","","","","","","","","","","","","","","","","","","","","","","","","","","",""
"KM6BJQW6","book","1980","","Sewage works approval report","","","","","","","1980","2025-01-07 15:10:33","2025-01-07 15:10:33","","","","","","","","","","","","","Kilborn Limited","Toronto","","","","","","","","","","","","New Brunswick; Kings County; Potash industry and trade; Sussex; Sewage disposal plants","","Potash Company of America, Sussex, N.B.","","","","","","","","","","","","","","","","","","","","","","","","","","","","","","","","","","","","","","","","","","","","",""
"D7CRS3T2","book","1968","Ingersoll, Lincoln Keith; Carson, L.R.","Sardine fishing and canning in New Brunswick","","","","","","","1968","2025-01-07 15:10:32","2025-01-07 15:10:32","","","","","","","","","","","","","Ginn and Co","[Toronto]","","","","","","","","","","","","New Brunswick; Sardine industry; Sardine fisheries","","","","","","","","","","","","","","","","","","","","","","","","","","","","","","","","","","","","","","","","","","","","","","",""
"8K5KDTMI","book","1875","Hannay, James","Saint John and its business: a history of Saint John and a statement in general terms of its various kinds of business successfully prosecuted ..","","","","","","","1875","2025-01-07 15:10:31","2025-01-07 15:10:31","","","","","","","","","","","","","[G.A. White] (H. Chubb & Co., Steam Job Printers)","Saint John, N.B.","","","","","","","","","<p>""The history of Saint John; to the end of the year 1850 ... writer, Mr. James Hannay.""; Library has: 2 photocopies, and the original (damaged) which is kept in the vault</p>","","","History; New Brunswick; Saint John; Saint John County; Industries; Business","","","","","","","","","","","","","","","","","","","","","","","","","","","","","","","","","","","","","","","","","","","","","","",""
"B57MM5WM","book","2001","Stewart, Len","Salmon aquaculture in New Brunswick: natural development of our marine heritage","","","","","","","2001","2025-01-07 15:10:31","2025-01-07 15:10:31","","","","","","","","","","","","","Aquaculture Strategies Inc.","Rothesay, N. B.","","","","","","","","","<p>""December 2001""</p>","","","New Brunswick; Salmon industry; Aquaculture industry; New Brunsiwck","","Aquaculture Strategies Inc.; The New Brunswick Salmon Growers' Association.","","","","","","","","","","","","","","","","","","","","","","","","","","","","","","","","","","","","","","","","","","","","",""
"J2ZBGPZK","book","","","Saint John New Brunswick Canada, your North American location: a proposal to Mercedes-Benz","","","","","","","","2025-01-07 15:10:31","2025-01-07 15:10:31","","","","","","","","","","","","","(s.n.)","Saint John, N.B.","","","","","","","","","","","","New Brunswick; Automobile industry and trade; Saint John; Saint John County; Mercedes-Benz Canada Inc","","","","","","","","","","","","","","","","","","","","","","","","","","","","","","","","","","","","","","","","","","","","","","",""
"FTZRGANP","book","1954","","Review of proposed oil shale burning power development: for the Government of the Province of New Brunswick","","","","","","","1954","2025-01-07 15:10:30","2025-01-07 15:10:30","","","","","","","","","","","","","Ebasco","New York","","","","","","","","","<p>Cover title. Evaluation of a proposal submitted by Nashwaak Corporation of Canada Limited to the New Brunswick Electric Power Commission</p>","","","New Brunswick; Power resources; Oil-shale industry","","Ebasco Services Incorporated; Nashwaak Corporation of CanPower Ltd.; The New Brunswick Electric Power Commission","","","","","","","","","","","","","","","","","","","","","","","","","","","","","","","","","","","","","","","","","","","","",""
"TKPJ2TF7","book","1964","","Report of Engineering Consultants Ltd. re fertilizer manufacture in Belledune, New Brunswick","","","","","","","1964","2025-01-07 15:10:30","2025-01-07 15:10:30","","","","","","","","","","","","","Singmaster & Breyer","New York","","","","","","","","","","","","New Brunswick; Belledune; Fertilizer industry; Gloucester County; Industries","","Singmaster & Breyer","","","","","","","","","","","","","","","","","","","","","","","","","","","","","","","","","","","","","","","","","","","","",""
"PP5G8IXF","book","1990","","Répertoire des membres","","","","","","","1990","2025-01-07 15:10:29","2025-01-07 15:10:29","","","","","","","","","","","","","Le Conseil","[Moncton, N.-B.]","","","","","","","","","<p>Bibliotheque a: 1990, 1991-92, 1992-1993, 1993-94</p>","","","New Brunswick; Nouveau-Brunswick; Directories; Répertoires; Business enterprises; Entreprises","","Conseil économique du Nouveau-Brunswick Inc.","","","","","","","","","","","","","","","","","","","","","","","","","","","","","","","","","","","","","","","","","","","","",""
"4A8G5TRJ","book","1988","","Répertoire industriel et commercial = Industrial and commercial directory","","","","","","","1988","2025-01-07 15:10:29","2025-01-07 15:10:29","","","","","","","","","","","","","Commission économique de Kent Inc.","[Bouctouche, N.-B.]","","","","","","","","","","","","New Brunswick; Nouveau-Brunswick; Directories; Répertoires; Business enterprises; Entreprises; Comté de Kent; Kent County","","Commission économique de Kent Inc.","","","","","","","","","","","","","","","","","","","","","","","","","","","","","","","","","","","","","","","","","","","","",""
"VDD7QEHU","book","1987","","Répertoire de l'industrie canadienne du film, de la télévision et de la vidéo = Directory of the Canadian film, television and video industry","","","","","","","1987","2025-01-07 15:10:29","2025-01-07 15:10:29","","","","","","","","","","","","","Telefilm Canada","(Montreal","","","","","","","","","<p>Texte en anglais et en français; Bibliothèque garde la dernière édition. Bibliothèque a: 1996</p>","","","Canada; Industrie; Directories; Motion picture industry; Cinéma; Répertoires; Télévision; Television broadcasting; Vidéo; Video tape industry","","Telefilm Canada.","","","","","","","","","","","","","","","","","","","","","","","","","","","","","","","","","","","","","","","","","","","","",""
"T5NZQSUS","book","1929","Wallace, Frederick William","Record of Canadian shipping: a list of square-rigged vessels, mainly 500 tons and over, built in the Eastern Provinces of British North America from the year 1786 to 1920","","","","","","","1929","2025-01-07 15:10:29","2025-01-07 15:10:29","","","","","","","","","","","","","Musson","Toronto","","","","","","","","","","","","History; New Brunswick; Atlantic Provinces; Shipbuilding industry","","","","","","","","","","","","","","","","","","","","","","","","","","","","","","","","","","","","","","","","","","","","","","",""
"4MXTXTFW","book","2002","ThéorêtJ.-P.; Vollman, K.W.; Emes, D.W.","Reasons for decision in the matter of Province of New Brunswick application respecting short-term export order procedures","","0662327044","","","","","2002","2025-01-07 15:10:29","2025-01-07 15:10:29","","","","","","","","","","","","","National Energy Board","Calgary, Alta.","","","","","","","","","<p>""Cat. No. NE22-1/2002-4E""; ""Export order procedures""; ""MH-2-2002""; ""September 2002""; Publié aussi en français sous le titre : Motifs de décision relativement à Province du Nouveau-Brunswick demande concernant les procédures relatives aux ordonnances d'exportation à court terme (39905)</p>","","","New Brunswick; Atlantic Coast (Canada); Export controls; Gas industry; Government policy; Offshore gas industry","","Canada.","","","","","","","","","","","","","","","","","","","","","","","","","","","","","","","","","","","","","","","","","","","","",""
"KNZQHMFU","book","1992","Beach, Christopher S.","Pulpwood province and paper state: corporate reconstruction, underdevelopment and law in New Brunswick and Maine, 1890-1930","","","","","","","1992","2025-01-07 15:10:28","2025-01-07 15:10:28","","","","","","","","","","","","","UMI","Ann Arbor, Mich.","","","","","","","","","<p>Thesis (PH.D.) - University of Maine, 1991; Bibliography: p.283-302</p>","","","Maine; New Brunswick; Paper industry","","","","","","","","","","","","","","","","","","","","","","","","","","","","","","","","","","","","","","","","","","","","","","",""
"GX3FXBKX","book","1979","","Proceedings of Canadian Peat Symposium held at the University of New Brunswick ... August 16, 1979","","","","","","","1979","2025-01-07 15:10:28","2025-01-07 15:10:28","","","","","","","","","","","","","The Canadian National Committee, International Peat Society","[S.l.]","","","","","","","","","<p>Co-sponsored by the N.B. Dept. of Natural Resources; Includes bibliographical references</p>","","","New Brunswick; Peat industry; Congresses; Peat","","Canadian Peat Symposium (1979 : University of New Brunswick); International Peat Society. Canadian National Committee","","","","","","","","","","","","","","","","","","","","","","","","","","","","","","","","","","","","","","","","","","","","",""
"FJJU2JUZ","book","1997","Nolet-Thériault, Anne-Marie","Pour mes enfants","","2-9805784-0-1","","","","","1997","2025-01-07 15:10:28","2025-01-07 15:10:28","","","","","","","","","","","","","(Cécile Thériault)","Edmundston, N.-B.","","","","","","","","","","","","New Brunswick; Biography; Nouveau-Brunswick; Biographies; Entreprises; Comté de Madawaska; Madawaska County; Business entreprises; Edmundston","","","","","","","","","","","","","","","","","","","","","","","","","","","","","","","","","","","","","","","","","","","","","","",""
"5FQCVNG3","book","2018","Poitras, Jacques 1968-","Pipe dreams : the fight for Canada's energy future","","978-0-7352-3335-5 0-7352-3335-7","","","","","2018","2025-01-07 15:10:28","2025-01-07 15:10:28","","","","","","","","","","","","","Viking, an imprint of Penguin Canada, a division of Penguin Random House Canada Limited","[Toronto]","English","","","","","https://unb.on.worldcat.org/oclc/1016377236","","Section: xviii, 318 pages : maps ; 24 cm","<p>Autographed by author; v. 47 no. 3 (Fall 2018) Selected Accessions List -- Natural Resources/Energy; Includes bibliographical references and index</p>","","","Global warming; Canada; Energy industries; Environmentalism; Forecasting; Petroleum industry and trade; Petroleum pipelines; Political aspects; Social aspects","","","","","","","","","","","","","","","","","","","","","","","","","","","","","","","","","","","","","","","","","","","","","","",""
"WKG7KNHQ","book","1997","","Outlook '97: a yearly report on Greater Moncton and area","","","","","","","1997","2025-01-07 15:10:28","2025-01-07 15:10:28","","","","","","","","","","","","","The Times-Transcript","[S. l. ]","","","","","","","","","<p>Cover title; Includes some French; Le document inclut du français; Written by staff reporters, editors and community leaders</p>","","","Industrie; Commerce; Industry; Civilization; Economic conditions; Moncton (N. B.); Social Conditions; Civilisation; Conditions économiques; Conditions sociales; Moncton (N.-B.); Moncton, (N.-B.)","","Times & Transcript.","","","","","","","","","","","","","","","","","","","","","","","","","","","","","","","","","","","","","","","","","","","","",""
"8K5ZCAA7","book","1992","Lavoie, Dina","Opportunities for women entrepreneurs: building the Atlantic economy: proceedings = Défis pour les femmes entrepreneures","","919488277","","","","","1992","2025-01-07 15:10:28","2025-01-07 15:10:28","","","","","","","","","","","","","The Tribune Press, Ltd.>","","","","","","","","","","<p>Text in English and French. Conference held in Moncton, October 18-20, 1991</p>","","","New Brunswick; Nouveau-Brunswick; Atlantic Provinces; Provinces de l'Atlantique; Women in business; Femmes chefs d'entreprise","","","","","","","","","","","","","","","","","","","","","","","","","","","","","","","","","","","","","","","","","","","","","","",""
"X4DH85JB","book","1984","Tremblay, Robert","Querelles commerciales Canado-américaines: le cas du dumping des pommes de terre de l'est du Canada aux Etats-Unis, 9 février 1983","","","","","","","1984","2025-01-07 15:10:28","2025-01-07 15:10:28","","","","","","","","","","","","","Institut canadien de recherche sur le développement régional, Université de Moncton","[Moncton, N.-B.]","","","","","","","","","<p>Bibliographie: f. 34-35</p>","","","United States; Canada; New Brunswick; Industrie; Nouveau-Brunswick; Commerce; Etats-Unis; Pomme de terre; Potato industry; Tarif; Tariff","","Institut canadien de recherche sur le développement régional.","","","","","","","","","","","","","","","","","","","","","","","","","","","","","","","","","","","","","","","","","","","","",""
"BIRWBBJG","book","1980","","Proposed potash terminal environmental overview: Port of Saint John","","","","","","","1980","2025-01-07 15:10:28","2025-01-07 15:10:28","","","","","","","","","","","","","The Office","[Saint John, N.B.]","","","","","","","","","","","","Potash industry and trade; Environmental analysis; Port of Saint John (N.B.)","","Port of Saint John Engineering Office.","","","","","","","","","","","","","","","","","","","","","","","","","","","","","","","","","","","","","","","","","","","","",""
"AT7KDEHP","book","1958","","Proceedings of the Second Canadian Potato Industry Conference, held August 18-21, 1958 at the University of New Brunswick, Fredericton, N.B","","","","","","","1958","2025-01-07 15:10:28","2025-01-07 15:10:28","","","","","","","","","","","","","sponsored by the Canadian Horticultural Council","Ottawa","","","","","","","","","","","","Canada; New Brunswick; Potatoes","","Canadian Potato Industry Conference (2nd : 1958 : Fredericton)","","","","","","","","","","","","","","","","","","","","","","","","","","","","","","","","","","","","","","","","","","","","",""
"UAVH55J3","book","1991","","Plan for a quality management program and promotional marketing strategy","","","","","","","1991","2025-01-07 15:10:28","2025-01-07 15:10:28","","","","","","","","","","","","","Atlantic Quality Concepts Ltd","[Moncton, N.B.","","","","","","","","","<p>Prepared for the New Brunswick Salmon Growers' Association</p>","","","New Brunswick; Salmon industry","","Atlantic Quality Concepts Ltd.; New Brunswick Salmon Growers' Association","","","","","","","","","","","","","","","","","","","","","","","","","","","","","","","","","","","","","","","","","","","","",""
"KAVT374R","book","2003","Foster, Charles","Once upon a time in paradise: Canadians in the golden age of Hollywood","","1-55002-464-7","","","","","2003","2025-01-07 15:10:27","2025-01-07 15:10:27","","","","","","","","","","","","","The Dundurn Group","Toronto","","","","","","","","","<p>Includes index</p>","","","Biography; Motion picture industry; Canadians; Los Angeles; Motion picture actors and actresses","","","","","","","","","","","","","","","","","","","","","","","","","","","","","","","","","","","","","","","","","","","","","","",""
"72BZNZKP","book","2010","Maxwell, Gair","Nuts, bolts, and a few loose screws: common threads of uncommonly remarkable people and seamless brands","","978-1-932226-78-2","","","","","2010","2025-01-07 15:09:46","2025-01-07 15:09:46","","","","","","","","","","","","","Wizard Academy Press","Austin, Tex.","","","","","","","","","<p>June 2010 Selected Accessions List</p>","","","Business; Branding (Marketing); Marketing","","","","","","","","","","","","","","","","","","","","","","","","","","","","","","","","","","","","","","","","","","","","","","",""
"9MU2RKJ3","book","2003","Litvak, Isaiah Alan","New Brunswick's plastics industry: rhetoric versus reality","","","","","","","2003","2025-01-07 15:09:46","2025-01-07 15:09:46","","","","","","","","","","","","","Atlantic Institute for Market Studies","Halifax, N.S.","","","","","","","","","<p>Bibliography : p. 21-23</p>","","","New Brunswick; Plastics industry and trade","","","","","","","","","","","","","","","","","","","","","","","","","","","","","","","","","","","","","","","","","","","","","","",""
"NKC4CC34","book","1993","Salomone, Lloyd","New Brunswick film industry development research project","","","","","","","1993","2025-01-07 15:09:46","2025-01-07 15:09:46","","","","","","","","","","","","","Precision Target Marketing","Fredericton, N.B.","","","","","","","","","<p>Prepared for: New Brunswick Filmmakers' Co-operative. Submitted February 26, 1993; Disponible aussi en français; Bibliography; p. 59-69</p>","","","New Brunswick; Motion picture industry","","Precision Target Marketing; New Brunswick Filmmakers' Co-operative","","","","","","","","","","","","","","","","","","","","","","","","","","","","","","","","","","","","","","","","","","","","",""
"5STK2U8C","book","1997","Litvak, Isaiah Alan","New Brunswick's plastics industry: competing in the global market","","","","","","","1997","2025-01-07 15:09:46","2025-01-07 15:09:46","","","","","","","","","","","","","Canadian Plastics Industry Association]","[Dartmouth, N.S.","","","","","","","","","<p>Presented to the New Brunswick Minister of Economic Development & Tourism, Camille Theriault</p>","","","New Brunswick; Plastics industry and trade","","","","","","","","","","","","","","","","","","","","","","","","","","","","","","","","","","","","","","","","","","","","","","",""
"4ZSMRNFV","book","1992","","New Brunswick's Agri-Food development strategy","","","","","","","1992","2025-01-07 15:09:46","2025-01-07 15:09:46","","","","","","","","","","","","","","Fredericton","","","","","","","","","<p>for presentation at Maritime Agri-Food planning workshop; Moncton, December 8-9th, 1992; Prepared by the New Brunswick department of Agriculture in consultation with Agriculture Canada, provincial farm organizations, and representatives of the agri-food industry</p>","","","Food industry and trade; Agriculture","","New Brunswick.; Nouveau-Brunswick.","","","","","","","","","","","","","","","","","","","","","","","","","","","","","","","","","","","","","","","","","","","","",""
"E28CBN24","book","1980","Thomson, Peter","New Brunswick International Paper Company and its people: fifty years of progress 1930-1980 = Compagnie internationale de papier du Nouveau-Brunswick et son monde","","","","","","","1980","2025-01-07 15:09:46","2025-01-07 15:09:46","","","","","","","","","","","","","The Mill","","","","","","","","","","","","","History; New Brunswick; Histoire; Industrie; Nouveau-Brunswick; Wood-pulp industry; Pâte à papier","","New Brunswick International Paper Company. Dalhousie Mill and Woods Division","","","","","","","","","","","","","","","","","","","","","","","","","","","","","","","","","","","","","","","","","","","","",""
"F7ZGFWP8","book","1980","Passaris, Constantine E.A.","New Brunswick in profile","","","","","","","1980","2025-01-07 15:09:46","2025-01-07 15:09:46","","","","","","","","","","","","","C. Passaris)","[Fredericton, N.B.","","","","","","","","","<p>Papers presented at the HRH the Duke of Edinburgh's Fifth Commonwealth Study Conference</p>","","","New Brunswick; Industry and state; Economic conditions; Politics and government","","HRH the Duke of Edinburgh's Fifth Commonwealth Study Conference.","","","","","","","","","","","","","","","","","","","","","","","","","","","","","","","","","","","","","","","","","","","","",""
"MAIJKXQF","book","2001","","Metro Moncton: success happens","","","","","","","2001","2025-01-07 15:09:45","2025-01-07 15:09:45","","","","","","","","","","","","","The Times-Transcript","[S. l. ]","","","","","","","","","<p>Cover title; ""July 26, 2001""</p>","","","Commerce; Industry; Civilization; Economic conditions; Moncton (N. B.); Social Conditions","","Times & Transcript.","","","","","","","","","","","","","","","","","","","","","","","","","","","","","","","","","","","","","","","","","","","","",""
"ASBQKFIX","book","1968","","Liquor control in New Brunswick, 1927/1967 = Régie des alcools au Nouveau-Brunswick, 1927/1967","","","","","https://leglibbibcat.legnb.ca/e-repository/monographs/31000000048147/31000000048147.pdf","","1968","2025-01-07 15:09:45","2025-01-07 15:09:45","","","","","","","","","","","","","New Brunswick Liquor Control Commission","Fredericton, N. B.","","","","","","","","","<p>Text in English and French on inverted pages; Texte en français et en anglais disposé tête-bêche</p>","","","New Brunswick; Industrie; Nouveau-Brunswick; Alcohol; Alcoholic beverage industry; Alcool; Boissons alcoolisées; Droit; Law and legislation","","New Brunswick Liquor Control Commission.; Régie des alcools du Nouveau-Brunswick.","","","","","","","","","","","","","","","","","","","","","","","","","","","","","","","","","","","","","","","","","","","","",""
"QSBZV3TN","book","1992","Eichenberg, Tim","Legal methods for promoting local salmon farming operations in down east Maine","","","","","","","1992","2025-01-07 15:09:45","2025-01-07 15:09:45","","","","","","","","","","","","","Marine Law Institute, University of Maine School of Law","[S.l.","","","","","","","","","<p>Cover title. Partially funded through a grant to the National Coastal Resources Research and Development Institute; Includes bibliographical references</p>","","","Maine; New Brunswick; Salmon industry","","","","","","","","","","","","","","","","","","","","","","","","","","","","","","","","","","","","","","","","","","","","","","",""
"AKVKSA52","book","1984","Gadbois, Albert","Le climat entrepreneurial au Nouveau-Brunswick","","","","","","","1984","2025-01-07 15:09:45","2025-01-07 15:09:45","","","","","","","","","","","","","Institut canadien de recherche sur le développement régional, Université de Moncton","[Moncton, N.-B.]","","","","","","","","","<p>Comprend des références bibliographiques</p>","","","New Brunswick; Nouveau-Brunswick; Economic conditions; Conditions économiques; Business enterprises; Entreprises","","Institut canadien de recherche sur le développement régional.","","","","","","","","","","","","","","","","","","","","","","","","","","","","","","","","","","","","","","","","","","","","",""
"GB9DXG8U","book","2009","Hargrove, Buzz","Laying it on the line: driving a hard bargain in challenging times","","978-1-55468-445-8","","","","","2009","2025-01-07 15:09:45","2025-01-07 15:09:45","","","","","","","","","","","","","HarperCollins Publishers Ltd.","Toronto, Ont.","","","","","","","","","<p>December 2009 Selected Accessions List</p>","","","Canada; History; 20th century; 21st century; Automobile industry; Automobile industry and trade; CAW-Canada; Collective labor agreements; Hargrove, Buzz,; Industrial relations; Manufacturing industries","","","","","","","","","","","","","","","","","","","","","","","","","","","","","","","","","","","","","","","","","","","","","","",""
"ICWQ4U92","book","2008","Sawler, Harvey","Last Canadian beer: the Moosehead story","","978-1-55109-691-9","","","","","2008","2025-01-07 15:09:45","2025-01-07 15:09:45","","","","","","","","","","","","","Nimbus Publishing","Halifax, N. S.","","","","","","","","","<p>March 2009 Selected Accessions List</p>","","","Canada; History; Beer industry; Brewing industry; Moosehead Breweries; Oland family.","","","","","","","","","","","","","","","","","","","","","","","","","","","","","","","","","","","","","","","","","","","","","","",""
"EN8CRRRV","book","1982","","Mainstreet programming: a way to balance the approach to downtown revitalization","","","","","","","1982","2025-01-07 15:09:45","2025-01-07 15:09:45","","","","","","","","","","","","","s.n.]","[S.l.","","","","","","","","","<p>""Presented to New Brunswick Legislative Assembly Representatives""</p>","","","New Brunswick; Central business districts; City planning; Urban beautification","","","","","","","","","","","","","","","","","","","","","","","","","","","","","","","","","","","","","","","","","","","","","","",""
"HNPVU7GF","book","2008","Richards, David Adams; Saul, John Ralston","Lord Beaverbrook","","978-0-670-06614-8","","","","","2008","2025-01-07 15:09:45","2025-01-07 15:09:45","","","","","","","","","","","","","Viking Canada","Toronto, Ont.","","","","","","","","","<p>Includes bibliographical references (p. 177)</p>","","","Great Britain; Canada; History; New Brunswick; Biography; Businessmen; 20th century; Politics and government; Beaverbrook,; Newspaper publishing; Philanthropists; Politicians; Publishers and publishing","","","","","","","","","","","","","","","","","","","","","","","","","","","","","","","","","","","","","","","","","","","","","","",""
"4EJT5ZTP","book","1977","Medjuck, Sheva","Life in Moncton, New Brunswick 1851-1871: an analysis of some of the consequences of industrialization for the population","","","","","","","1977","2025-01-07 15:09:45","2025-01-07 15:09:45","","","","","","","","","","","","","s.n.]","[S.l.","","","","","","","","","<p>""A paper presented at the 12th annual conference of the Atlantic Association of Sociologists and Anthropologists, Acadia University, March 17-19, 1977.""; Bibliography: l. [19-20]</p>","","","History; New Brunswick; 19th century; Industry; Moncton; Westmorland County","","","","","","","","","","","","","","","","","","","","","","","","","","","","","","","","","","","","","","","","","","","","","","",""
"QS9J3MWG","book","1991","Martin, Roger P.","Les commerces de Riviere-Verte","","2-9802584-0-7","","","","","1991","2025-01-07 15:09:45","2025-01-07 15:09:45","","","","","","","","","","","","","l'Association culturelle du Haut-Saint-Jean; l'Association culturelle et historique Damase-Thibodeau de Riviere-Verte]","[Rivière-Verte, N.-B.","","","","","","","","","","","","New Brunswick; Nouveau-Brunswick; Small business; Comté de Madawaska; Madawaska County; Petites et moyennes entreprises; Rivière-Verte","","","","","","","","","","","","","","","","","","","","","","","","","","","","","","","","","","","","","","","","","","","","","","",""
"UWZ3F98M","book","2005","Steeves, John","Le rêve Dairytown","","","","","","","2005","2025-01-07 15:09:45","2025-01-07 15:09:45","","","","","","","","","","","","","Dairytown Products Ltd.","[Sussex, N. B.","","","","","","","","","<p>Translated from the English ""The Dairytown Dream""</p>","","","History; New Brunswick; Histoire; Nouveau-Brunswick; Sussex; Dairy products industry; Dairytown Products Ltd; Industrie laitière","","Dairytown Products Ltd.","","","","","","","","","","","","","","","","","","","","","","","","","","","","","","","","","","","","","","","","","","","","",""
"3HBVIB59","book","1995","","Le monde according to Lucien: budget submission","","","","","","","1995","2025-01-07 15:09:45","2025-01-07 15:09:45","","","","","","","","","","","","","Altus Atlantic/Atlantique","[Miramichi, NB","","","","","","","","","","","","New Brunswick; Motion picture industry; Button, Marshall. Lucien; Finance","","","","","","","","","","","","","","","","","","","","","","","","","","","","","","","","","","","","","","","","","","","","","","",""
"QUFJJWFI","book","1999","Lamarche, Rodolphe H.; Daigle, Jean-Yves","L'industrie de la tourbe au Nouveau-Brunswick: naissance, développement et perspectives d'avenir","","0-88659-060-4","","","","","1999","2025-01-07 15:09:45","2025-01-07 15:09:45","","","","","","","","","","","","","L'Institut canadien de recherche sur le développement régional","[Moncton, N.-B.]","","","","","","","","","<p>Bibliographie: p.81-84</p>","","","New Brunswick; Industrie; Nouveau-Brunswick; Peat industry; Tourbe","","","","","","","","","","","","","","","","","","","","","","","","","","","","","","","","","","","","","","","","","","","","","","",""
"B35D4HJM","book","1987","Gadbois, Albert","L'entrepreneurship et le développement local au Nouveau-Brunswick","","","","","","","1987","2025-01-07 15:09:45","2025-01-07 15:09:45","","","","","","","","","","","","","Université de Montpellier I","","","","","","","","","","Thèse (de doctorat). - Université de Montpellier, 1987; Bibliographie: f. <371-382>","","","New Brunswick; Nouveau-Brunswick; Business enterprises; Capital à risques; Entreprises; Venture capital","","","","","","","","","","","","","","","","","","","","","","","","","","","","","","","","","","","","","","","","","","","","","","",""
"K4UCN289","book","1985","","Immigrant women as small business entrepreneurs","","","","","","","1985","2025-01-07 15:09:19","2025-01-07 15:09:19","","","","","","","","","","","","","WWWIW","Fredericton, N.B.","","","","","","","","","<p>Bound with: Information module for immigrant women as small business entrepreneurs (14 l.); Funded by the Canada Employment and Immigration Commission; Bibliography: p. 34</p>","","","New Brunswick; Employment; Women in business; Women; Women immigrants","","Women Working with Immigrant Women of New Brunswick","","","","","","","","","","","","","","","","","","","","","","","","","","","","","","","","","","","","","","","","","","","","",""
"NMDF5NJM","book","1998","Steuter, Erin Christine","Identifying ideology: media representations of the Irving Oil Refinery strike 1994-1996","","0-612-33552-6","","","","","1998","2025-01-07 15:09:19","2025-01-07 15:09:19","","","","","","","","","","","","","UMI Dissertation Services","Ann Arbor, Mich.","","","","","","","","","<p>""A thesis submitted to the Faculty of Graduate Studies in partial fulfilment of the requirements for the degree of Doctor of Philosophy, Graduate Programme in Sociology, York University, North York, Ontario, May 1998.""</p>","","","Petroleum industry and trade; New Brunswick; Saint John; Irving Oil Limited; Saitn John; Strikes and lockouts","","","","","","","","","","","","","","","","","","","","","","","","","","","","","","","","","","","","","","","","","","","","","","",""
"MX83SFHJ","book","2014","Poitras, Jacques","Irving vs. Irving : Canada's feuding billionaires and the stories they won't tell","","978-0-670-06771-8 0-670-06771-7","","","","","2014","2025-01-07 15:09:19","2025-01-07 15:09:19","","","","","","","","","","","","","Viking","Toronto, Ontario, Canada","English","","","","","https://unb.on.worldcat.org/oclc/883939933","","Section: xiv, 338 pages ; 24 cm","<p>Fall 2014 Selected Accessions List -- Biography; Includes bibliographical references (p. 307-323) and index</p>","","","New Brunswick; Biography; Billionaires; Businesspeople; Family relationships; Family-owned business enterprises; Irving family.; Mass media; Ownership","","","","","","","","","","","","","","","","","","","","","","","","","","","","","","","","","","","","","","","","","","","","","","",""
"P2X8EGF9","book","1970","","Industrial development policies in the Maritime Provinces","","","","","","","1970","2025-01-07 15:09:19","2025-01-07 15:09:19","","","","","","","","","","","","","Maritime Union Study","[Fredericton, N.B.","","","","","","","","","<p>Industrial development policies, New Brunswick, p. 58-77</p>","","","New Brunswick; Maritime Provinces; Industries; Economic policy; Industrial promotion; Industry and state","","Atlantic Provinces Economic Council. Research Centre; Maritime Union Study","","","","","","","","","","","","","","","","","","","","","","","","","","","","","","","","","","","","","","","","","","","","",""
"3FJK82MX","book","1997","","In their very own words: first-person narratives about life in the 1900's in Boiestown area on the upper Southwest Miramichi","","0-921865-05-8","","","","","1997","2025-01-07 15:09:19","2025-01-07 15:09:19","","","","","","","","","","","","","Central New Brunswick Woodmen's Museum Inc.","[Boiestown, N.B.]","","","","","","","","","","","","History; New Brunswick; Forest products industry; Boiestown; Northumberland County","","Central New Brunswick Woodmen's Museum Inc.","","","","","","","","","","","","","","","","","","","","","","","","","","","","","","","","","","","","","","","","","","","","",""
"C87P7X8A","book","1994","","Horizons","","","","","","","1994","2025-01-07 15:09:10","2025-01-07 15:09:10","","","","","","","","","","","","","Association of Atlantic Women Business Owners","[Halifax, N.S.","","","","","","","","","<p>On cover: Devoted to the advancement of women entrepreneurs = Dévouée à la croissance des femmes entrepreneures. Some text in French</p>","","","New Brunswick; Nouveau-Brunswick; Atlantic Provinces; Directory; Femmes d'affaires; Provinces de l'Atlantique; Répertoire; Women in business","","Association of Atlantic Women Business Owners; Association des femmes entrepreneures de l'Atlantique","","","","","","","","","","","","","","","","","","","","","","","","","","","","","","","","","","","","","","","","","","","","",""
"XFJVSV2V","book","2003","Palmer, Stephen","Hey! How's business?: business lessons I've learned at 50 ... and still counting!","","0-9733080-0-1","","","","","2003","2025-01-07 15:09:10","2025-01-07 15:09:10","","","","","","","","","","","","","S. Palmer","[Hartland, N.B.]","","","","","","","","","","","","Management; Business","","","","","","","","","","","","","","","","","","","","","","","","","","","","","","","","","","","","","","","","","","","","","","",""
"5PAPVWJR","book","","","Geomatics Industry Association directory","","","","","","","","2025-01-07 15:09:10","2025-01-07 15:09:10","","","","","","","","","","","","","Geomatics Industry Association of New Brunswick","[Fredericton, N.B.","","","","","","","","","","","","New Brunswick; Data processing; Directories; Geography","","Geomatics Industry Association of New Brunswick Inc.","","","","","","","","","","","","","","","","","","","","","","","","","","","","","","","","","","","","","","","","","","","","",""
"G92GEGJI","book","1993","Brown, Paul Murray","How to fail at business: a common-sense survival guide for the entrepreneur of the 90s","","0-920483-74-7","","","","","1993","2025-01-07 15:09:10","2025-01-07 15:09:10","","","","","","","","","","","","","New Ireland Press","[Fredericton, N.B.]","","","","","","","","","","","","New business enterprises; Entrepreneurships","","","","","","","","","","","","","","","","","","","","","","","","","","","","","","","","","","","","","","","","","","","","","","",""
"8TD3WXVD","book","2004","VanBuskirk, Kelly","How to ... buy a great house!: the step-by-step guide to finding and buying a quality house","","1-894372-45-X","","","","","2004","2025-01-07 15:09:10","2025-01-07 15:09:10","","","","","","","","","","","","","DreamCatcher Publishing","Saint John, N.B.","","","","","","","","","","","","Real estate business; House buying","","","","","","","","","","","","","","","","","","","","","","","","","","","","","","","","","","","","","","","","","","","","","","",""
"JWN9IK2F","book","1894","","Geo[rge] S. Deforest & Sons' trade report and price current","","","","","","","1894","2025-01-07 15:09:09","2025-01-07 15:09:09","","","","","","","","","","","","","The Sun Printing Co.","Saint John, N.B.","","","","","","","","","<p>Published monthly from the office of the Sun Printing co., Ltd. With: Baird & Peters' Wholesale Price List; Library has: Jan. 31, Jul. 6, Nov. 23, Dec 31, 1894; May 9, Jul. 29, Aug. 26, 1985; Oversize</p>","","","New Brunswick; Food industry and trade; Food prices","","","","","","","","","","","","","","","","","","","","","","","","","","","","","","","","","","","","","","","","","","","","","","",""
"PJSRI28D","book","1953","","From sea to salad: the story of Canada's sardine industry","","","","","","","1953","2025-01-07 15:09:09","2025-01-07 15:09:09","","","","","","","","","","","","","Connors Bros. Ltd.","","","","","","","","","","","","","New Brunswick; Sardine industry; Sardine fisheries","","Connors Bros. Limited","","","","","","","","","","","","","","","","","","","","","","","","","","","","","","","","","","","","","","","","","","","","",""
"6X758S2D","book","1989","","Free trade: conducting business in Maine/New England","","","","","","","1989","2025-01-07 15:09:09","2025-01-07 15:09:09","","","","","","","","","","","","","Canadian Bar Association, N.B. Branch","[S.l.]","","","","","","","","","<p>Materials prepared for Free Trade -- conducting in Maine New England Conference ... held at Moncton, N.B. on February 3, 1989</p>","","","New Brunswick; Commerce; Free Trade -- Conducting Business in Maine New England Conference (Moncton, N.B. : 1989); New England","","","","","","","","","","","","","","","","","","","","","","","","","","","","","","","","","","","","","","","","","","","","","","",""
"XX2PS43X","book","1990","Martin, G. L.","For love of stone","","","","","","","1990","2025-01-07 15:09:09","2025-01-07 15:09:09","","","","","","","","","Miscellaneous report ; no. 8-9","","","","Mineral Resources Division, Province of New Brunswick","Fredericton","English","","","","","https://unb.on.worldcat.org/oclc/23971997","","Section: 2 v. : ill., maps ; 28 cm.","<p>Includes bibliographical references (p. 241-249); v. 1. The story of New Brunswick's building stone industry -- v.2. An overview of stone buildings in New Brunswick</p>","","","History; New Brunswick; Stone buildings; Stone industry and trade","","","","","","","","","","","","","","","","","","","","","","","","","","","","","","","","","","","","","","","","","","","","","","",""
"R794TAQA","book","1998","New Brunswick. Environmental Evaluation Section","Rapport de surveillance environnementale concernant l'incendie du 9 juin 1998 à la raffinerie de pétrole Irving Oil de Saint-Jean (Nouveau-Brunswick)","","","","","","","1998","2025-01-07 15:06:32","2025-01-07 15:06:32","","","","","","","","","","","","","New Brunswick, Department of the Environment, Environmental Evaluation Section","[Fredericton, N.B.]","French","","","WorldCat.org","","","","Section: i, 22 feuillets : illustrations, carte ; 28 cm","","","","","","","","","","","","","","","","","","","","","","","","","","","","","","","","","","","","","","","","","","","","","","","","","","",""
"47S45WDA","book","1992","Nason, Dave.; Somerville, Malcolm 1951-2005.; Somerville, Malcolm MacDonald 1951-","Railways of New Brunswick","","0-920483-38-0 978-0-920483-38-1","","","","","1992","2025-01-07 15:06:32","2025-01-07 15:06:32","","","","","","","","","","","","","New Ireland Press","Fredericton, N.B.","English","","","WorldCat.org","","","","Section: viii, 136 pages : illustrations, maps ; 23 cm","","","","","","","","","","","","","","","","","","","","","","","","","","","","","","","","","","","","","","","","","","","","","","","","","","",""
"I2S6GMKN","journalArticle","1940","Bailey, Alfred G.","Railways and the Confederation Issue in New Brunswick, 1863–1865","The Canadian Historical Review","","0008-3755","","","","1940","2025-01-07 15:06:32","2025-01-07 15:06:32","","367-383","","4","21","","","","","","","","","","","","","","","https://unb.on.worldcat.org/oclc/4665398507","","367","","","","","","","","","","","","","","","","","","","","","","","","","","","","","","","","","","","","","","","","","","","","","","","","","","",""
"KXKAGWCG","book","1999","Dicaire, John.; New Brunswick. Department of Health and Community Services.; Cantox Environmental Inc.; New Brunswick. Dept. of Health and Community Services.","Public health risk assessment of the Irving Oil Refinery upgrade : final technical document","","","","","","","1999","2025-01-07 15:06:32","2025-01-07 15:06:32","","","","","","","","","","","","","Cantox Environmental Inc.","Halifax, NS","English","","","","","https://unb.on.worldcat.org/oclc/46620320","","Section: 1 v. (various foliations) : ill. ; 28 cm.","","","","","","","","","","","","","","","","","","","","","","","","","","","","","","","","","","","","","","","","","","","","","","","","","","",""
"M8VW2HFK","thesis","1993","Hou, Jian Ping","Public financing of railways in New Brunswick 1867-1878","","","","","","","1993","2025-01-07 15:06:32","2025-01-07 15:06:32","","","","","","","","","","","","","University of New Brunswick. Dept. of History.","","English","","","","","https://unb.on.worldcat.org/oclc/270771605","","Section: vi, 53 leaves ; 29 cm","","","","","","","","","","","","","","","","","","","","","","","","","","","","","","","","","","","","","","","","","","","","","","","","","","",""
"3E9WWHFN","film","1976","National Film Board of Canada.; Lang, Robert","Potatoes","","","","","https://www.nfb.ca/film/potatoes","","1976","2025-01-07 15:06:32","2025-01-07 15:06:32","","","","","","","","","","","","","National Film Board of Canada","","","","","","","https://unb.on.worldcat.org/oclc/1014233785","","Place: Montreal Publication Title: National Film Board Screening Room","","","","","","","","","National Film Board of Canada.","","","","","","","","","","","","","","","","","1 online resource (1 streaming video file (27 min.))","","","","","","","","","","","","","","","","","","","","","","","","",""
"EEKR4BJG","book","1961","Saint John Port and Industrial Development Commission.; Saint John Port Development Commission.","Port directory, Saint John, New Brunswick, Canada.","","","","","","","1961","2025-01-07 15:06:32","2025-01-07 15:06:32","","","","","","","","","","","","","Saint John, N.B., Saint John Port Development Commission.","","English","","","","","https://unb.on.worldcat.org/oclc/1080283299","","","","","","","","","","","","","","","","","","","","","","","","","","","","","","","","","","","","","","","","","","","","","","","","","","","","",""
"593Z6TKQ","book","1887","Saint John Board of Trade. Special Committee on the Bay of Fundy and Harbor of St. John.","Report of the Special Committee (St. John Board of Trade) on the Bay of Fundy and Harbor of St. John, N.B.","","","","","","","1887","2025-01-07 15:06:32","2025-01-07 15:06:32","","","","","","","","","","","","","J. & A. McMillan","St. John, N.B.","English","","","","","https://unb.on.worldcat.org/oclc/890801037","","Section: iv, 56 pages : map ; 22 cm","","","","","","","","","","","","","","","","","","","","","","","","","","","","","","","","","","","","","","","","","","","","","","","","","","",""
"8K5FSAFH","book","1947","Canada. Royal Commission on Coal.; Carroll, William Francis","Report of the Royal commission on coal, 1946 ...","","","","","http://epe.lac-bac.gc.ca/100/200/301/pco-bcp/commissions-ef/carroll1946-eng/carroll1946-eng.htm","","1947","2025-01-07 15:06:32","2025-01-07 15:06:32","","","","","","","","","","","","","Edmond Cloutier, King's printer and controller of stationery","Ottawa","English","","","","","","","Section: ix, 663 pages folded maps, diagrams (some folded) 25 cm","","","","","","","","","","","","","","","","","","","","","","","","","","","","","","","","","","","","","","","","","","","","","","","","","","",""
"PZPKSFZG","book","1999","Workplace Health, Safety and Compensation Commission of New Brunswick.","Rapport d'enquête sur l'explosion et incendie à la raffinerie Irving Oil, Saint John (Nouveau-Brunswick).","","","","","","","1999","2025-01-07 15:06:32","2025-01-07 15:06:32","","","","","","","","","","","","","Workplace Health, Safety and Compensation Commission of New Brunswick","[Place of publication not identified]","French","","","WorldCat.org","","","","Section: i, 26 pages : illustrations, tables ; 28 cm","","","","","","","","","","","","","","","","","","","","","","","","","","","","","","","","","","","","","","","","","","","","","","","","","","",""
"W2ZX2PS9","book","2010","Soucoup, Dan","Railways of New Brunswick : a history","","978-1-894420-35-8 1-894420-35-7","","","","","2010","2025-01-07 15:06:32","2025-01-07 15:06:32","","","","","","","","","","","","","Nimbus Pub.","Halifax, N.S.","English","","","","","https://unb.on.worldcat.org/oclc/695561227","","Section: iv, 180 pages : illustrations, map ; 23 cm","","","","","","","","","","","","","","","","","","","","","","","","","","","","","","","","","","","","","","","","","","","","","","","","","","",""
"X7NCCX68","book","2013","Frank, David; Canadian Committee on Labour History.","Provincial solidarities : a history of the New Brunswick Federation of Labour","","9781927356241 1927356245 9781927356234 1927356237 9781927356258 1927356253 9781299639331 129963933X; 1925-1831 ;","","","","","2013","2025-01-07 15:06:32","2025-01-07 15:06:32","","","","","","1 online resource (x, 280 pages) : illustrations","","","Working Canadians, 1925-1831 ; 5","","","","AU Press","Edmonton","English","","","","","https://unb.on.worldcat.org/oclc/1036289682","","","","","","","","","","","","","","","","","","","","","","","","","","","","","","","","","","","","","","","","","","","","","","","","","","","","",""
"JFDCDRHI","book","1996","Marchildon, Gregory P.","Profits and politics : Beaverbrook and the Gilded Age of Canadian finance","","0-8020-0740-6 978-0-8020-0740-7","","","","","1996","2025-01-07 15:06:32","2025-01-07 15:06:32","","","","","","","","","","","","","University of Toronto Press","Toronto","English","","","","","https://unb.on.worldcat.org/oclc/666907434","","Section: xvi, 348 pages : illustrations ; 24 cm","","","","","","","","","","","","","","","","","","","","","","","","","","","","","","","","","","","","","","","","","","","","","","","","","","",""
"C6ZIRXD2","book","1995","Greater Fredericton Economic Development Corporation.","Profiting from our potential together","","","","","","","1995","2025-01-07 15:06:32","2025-01-07 15:06:32","","","","","","","","","","","","","GFEDC","Fredericton","English","","","","","https://unb.on.worldcat.org/oclc/270289163","","Section: 1 CD-ROM ; 4 3/4 in.","","","","","","","","","","","","","","","","","","","","","","","","","","","","","","","","","","","","","","","","","","","","","","","","","","",""
"PS992B86","book","2018","Poitras, Jacques 1968-","Pipe dreams : the fight for Canada's energy future","","978-0-7352-3335-5 0-7352-3335-7","","","","","2018","2025-01-07 15:06:31","2025-01-07 15:06:31","","","","","","","","","","","","","Viking, an imprint of Penguin Canada, a division of Penguin Random House Canada Limited","[Toronto]","English","","","","","https://unb.on.worldcat.org/oclc/1016377236","","Section: xviii, 318 pages : maps ; 24 cm","<p>Autographed by author; v. 47 no. 3 (Fall 2018) Selected Accessions List -- Natural Resources/Energy; Includes bibliographical references and index</p>","","","Global warming; Canada; Energy industries; Environmentalism; Forecasting; Petroleum industry and trade; Petroleum pipelines; Political aspects; Social aspects","","","","","","","","","","","","","","","","","","","","","","","","","","","","","","","","","","","","","","","","","","","","","","",""
"43J29G2K","book","2014","Saillant, Richard","Over the cliff? : acting now to avoid New Brunswick's bankruptcy","","978-0-88659-300-1 0-88659-300-X","","","","","2014","2025-01-07 15:06:31","2025-01-07 15:06:31","","","","","","","","","Collection Roméo-LeBlanc Series","","","","Canadian Institute for Research on Public Policy and Public Administration","Moncton, NB","English","","","","","https://unb.on.worldcat.org/oclc/896932680","","Section: xi, 179 pages : illustrations ; 21 cm.","","","","","","","","","","","","","","","","","","","","","","","","","","","","","","","","","","","","","","","","","","","","","","","","","","",""
"JPQDTG5A","book","1987","Burrill, Gary; McKay, Ian","People, resources, and power","","0-919107-10-9 978-0-919107-10-6","","","","","1987","2025-01-07 15:06:31","2025-01-07 15:06:31","","","201","","","","","","Gorsebrook studies in the political economy of the Atlantic region ; 1","","","","Published for the Gorsebrook Research Institute of Atlantic Canada Studies by Acadiensis Press","Fredericton, N.B.","English","","","","","","","Section: vii, 201 pages ; 23 cm.","","","","","","","","","","","","","","","","","","","","","","","","","","","","","","","","","","","","","","","","","","","","","","","","","","",""
"BXZQQ85U","book","1993","Applied Management Consultants.; Canada/NB Economic & Regional Development Agreement.; Canada/New Brunswick Cooperation Agreement on Planning.; New Brunswick Aboriginal Peoples Council.","Opportunities for aboriginal businesses in the resource sector","","","","","","","1993","2025-01-07 15:06:31","2025-01-07 15:06:31","","","","","","","","","","","","","Applied Management Consultants","Fredericton","English","","","","","https://unb.on.worldcat.org/oclc/70491356","","Section: ii, 59, [20] pages : illustrations ; 28 cm","","","","","","","","","","","","","","","","","","","","","","","","","","","","","","","","","","","","","","","","","","","","","","","","","","",""
"KPISSS3X","book","2012","Rees, Ronald","New Brunswick's early roads : the routes that shaped the province","","978-1-55109-934-7 1-55109-934-9","","","","","2012","2025-01-07 15:05:15","2025-01-07 15:05:15","","","","","","","","","Images of our past","","","","Nimbus Pub.","Halifax, NS","English","","","","","https://unb.on.worldcat.org/oclc/798415594","","Section: x, 190 p. : ill., maps, ports. ; 24 cm.","","","","","","","","","","","","","","","","","","","","","","","","","","","","","","","","","","","","","","","","","","","","","","","","","","",""
"X46SGXHP","book","2001","Ruggeri, G. C.; University of New Brunswick. Dept. of Economics.","New Brunswick businesses are not awash in government subsidies","","0711-5326 ;","","","","","2001","2025-01-07 15:05:15","2025-01-07 15:05:15","","","","","","","","","Working paper series, 0711-5326 ; 2001-03","","","","Dept. of Economics, University of New Brunswick","Fredericton","English","","","","","https://unb.on.worldcat.org/oclc/48032125","","Section: 15 p. ; 28 cm.","","","","","","","","","","","","","","","","","","","","","","","","","","","","","","","","","","","","","","","","","","","","","","","","","","",""
"7HN56T4I","book","1990","Ommer, Rosemary E.; Conference on Merchant Credit and Labour Strategies in North America (1987 : St. John's, N.L.)","Merchant credit and labour strategies in historical perspective","","0-919107-26-5 978-0-919107-26-7","","","","","1990","2025-01-07 15:05:15","2025-01-07 15:05:15","","","","","","","","","","","","","Acadiensis Press","Fredericton, N.B.","English","","","WorldCat.org","","","","Section: 376 pages : maps ; 24 cm","","","","","","","","","","","","","","","","","","","","","","","","","","","","","","","","","","","","","","","","","","","","","","","","","","",""
"PB5VMF95","book","1992","Copeland, Gary L.","Men of clay : the Chipman story : historical biography of the Chipman brick industry, 1928-1990","","1-895825-00-8 978-1-895825-00-8","","","","","1992","2025-01-07 15:05:15","2025-01-07 15:05:15","","","","","","","","","","","","","Data I Ltd.","St. Stephen, N.B.","English","","","","","https://unb.on.worldcat.org/oclc/26933392","","Section: 91 pages : illustrations (some color), portraits ; 21 x 28 cm","","","","","","","","","","","","","","","","","","","","","","","","","","","","","","","","","","","","","","","","","","","","","","","","","","",""
"EH2SM4TX","book","1984","Craigs, Melodie","McCain : a big company in a little town","","0-920333-06-0 978-0-920333-06-8","","","","","1984","2025-01-07 15:05:15","2025-01-07 15:05:15","","","","","","","","","Easy Reading for Adults (Project)","","","","Easy Reading for Adults. Literacy Council of Fredericton.","Fredericton, N.B.","English","","","","","https://unb.on.worldcat.org/oclc/15972028","","Section: 16 p. : ill. ; 21 cm.","","","","","","","","","","","","","","","","","","","","","","","","","","","","","","","","","","","","","","","","","","","","","","","","","","",""
"PCIBCWRS","book","2010","New Brunswick. Department of Intergovernmental Affairs.","New Brunswick's international strategy","","","","","","","2010","2025-01-07 15:05:15","2025-01-07 15:05:15","","","","","","1 online resource (8 pages)","","","","","","","New Brunswick","Fredericton, N.B.","English","","","","","https://unb.on.worldcat.org/oclc/666235259","","","","","","","","","","","","","","","","","","","","","","","","","","","","","","","","","","","","","","","","","","","","","","","","","","","","",""
"4VFIND6W","report","2014","New Brunswick. Department of Agriculture, Aquaculture and Fisheries,","New Brunswick wild blueberry sector strategy 2013-2018.","","","","","","","2014","2025-01-07 15:05:15","2025-01-07 15:05:15","","","","","","","","","","","","","Province of New Brunswick","Fredericton, N.B.","English","","","","","https://unb.on.worldcat.org/oclc/872590615","","","","","","","","","","","","","","","","","","","","","","","","","","","","","","","","","","","","","","","","","","","","","","","","","","","","",""
"4M5WDPCF","book","1993","New Brunswick. Department of Economic Development and Tourism.","New Brunswick wholesalers, distributors and agents","","","","","","","1993","2025-01-07 15:05:15","2025-01-07 15:05:15","","","","","","","","","","","","","Dept. of Economic Development and Tourism","Fredericton","English","","","","","https://unb.on.worldcat.org/oclc/270935375","","Section: 64 pages ; 28 cm","","","","","","","","","","","","","","","","","","","","","","","","","","","","","","","","","","","","","","","","","","","","","","","","","","",""
"MQTCNN8Q","report","1985","New Brunswick Trade Strategy Task Force.; Canada. Department of Regional Industrial Expansion.","New Brunswick Trade Strategy Task Force : final report.","","","","","","","1985","2025-01-07 15:05:15","2025-01-07 15:05:15","","","","","","","","","","","","","Regional Industrial Expansion, New Brunswick Region","Moncton, N.B.","English","","","","","https://unb.on.worldcat.org/oclc/61656142","","Section: v, 54, [8], 61 iv pages","","","","","","","","","","","","","","","","","","","","","","","","","","","","","","","","","","","","","","","","","","","","","","","","","","",""
"33WX8XP5","book","2010","Barrington Consulting Group, Inc.; New Brunswick Securities Commission.","New Brunswick capital markets study : a platform for market development","","","","","","","2010","2025-01-07 15:05:15","2025-01-07 15:05:15","","","","","","1 online resource (62 pages : illustrations (some color))","","","","","","","New Brunswick Securities Commission","Fredericton, N.B.","English","","","","","https://unb.on.worldcat.org/oclc/695534789","","","","","","","","","","","","","","","","","","","","","","","","","","","","","","","","","","","","","","","","","","","","","","","","","","","","",""
"42PQB9X4","book","1982","New Brunswick. Department of Natural Resources.","Minerals strategy update, 1982.","","","","","","","1982","2025-01-07 15:05:15","2025-01-07 15:05:15","","","","","","","","","","","","","The Department of Natural Resources","Fredericton","English","","","","","","","Section: 43, 43 pages : maps ; 28 cm","","","","","","","","","","","","","","","","","","","","","","","","","","","","","","","","","","","","","","","","","","","","","","","","","","",""
"32DTGFQQ","book","2008","Canadian Bar Association. New Brunswick Branch. Mid-Winter Meeting (2008 : Saint John, N.B.)","Midwinter Meeting 2008 : shake the midwinter blues","","","","","","","2008","2025-01-07 15:05:15","2025-01-07 15:05:15","","","","","","","","","","","","","Canadian Bar Association. New Brunswick Branch","[Fredericton]","English","","","WorldCat.org","","","","Section: 1 CD-ROM ; 12 cm","","","","","","","","","","","","","","","","","","","","","","","","","","","","","","","","","","","","","","","","","","","","","","","","","","",""
"QD4KICVK","book","1977","Martens, J.","McCains in Manitoba : study","","","","","","","1977","2025-01-07 15:05:15","2025-01-07 15:05:15","","","","","","","","","","","","","Waterloo Public Interest Research Group","Waterloo, Ont.","English","","","","","https://unb.on.worldcat.org/oclc/270596591","","Section: 42, {12} leaves ; 28 cm","","","","","","","","","","","","","","","","","","","","","","","","","","","","","","","","","","","","","","","","","","","","","","","","","","",""
"4GFA4Q36","journalArticle","1877","","McAlpine's business directory for ... : containing names of all business men and women in the cities of Saint John, N.B., Halifax, N.S., Charlottetown, P.E.I. ...","","","","","","","1877","2025-01-07 15:05:15","2025-01-07 15:05:15","","","","","","","","","","","","","","","English","","","WorldCat.org","","","","Publisher: Halifax, N.S. : D. McAlpine, [187-?-]","","","","","","","","","","","","","","","","","","","","","","","","","","","","","","","","","","","","","","","","","","","","","","","","","","",""
"HKZJGXJP","book","1975","Ethier, Wilfred J.; Bloomfield, Arthur I.","Managing the managed float","","0071-142X","","","","","1975","2025-01-07 15:05:15","2025-01-07 15:05:15","","","","","","","","","Essays in international finance ; 0071-142X no. 112,","","","","International Finance Section, Dept. of Economics, Princeton University","Princeton, N.J.","English","","","","","https://unb.on.worldcat.org/oclc/1733508","","Section: 27 pages ; 23 cm.","","","","","","","","","","","","","","","","","","","","","","","","","","","","","","","","","","","","","","","","","","","","","","","","","","",""
"DV6J7QTE","book","1979","Angus, Fred F.; New Brunswick Museum.","Loyalist city streetcars : the story of street railway transit in Saint John, New Brunswick","","0-919130-29-1 978-0-919130-29-6","","","","","1979","2025-01-07 15:05:14","2025-01-07 15:05:14","","","","","","","","","","","","","Railfare Enterprises","West Hill, ON","English","","","","","https://unb.on.worldcat.org/oclc/6423019","","Section: ii, 82 pages : chiefly illustrations ; 31 cm","","","","","","","","","","","","","","","","","","","","","","","","","","","","","","","","","","","","","","","","","","","","","","","","","","",""
"862KNNUT","book","2017","Savoie, Donald J.","Looking for bootstraps : economic development in the Maritimes","","978-1-77108-481-9 1-77108-481-2","","","","","2017","2025-01-07 15:05:14","2025-01-07 15:05:14","","","","","","","","","","","","","Nimbus Publishing","Halifax, NS","English","","","","","https://unb.on.worldcat.org/oclc/969538034","","Section: xi, 428 pages : illustrations ; 24 cm.","","","","","","","","","","","","","","","","","","","","","","","","","","","","","","","","","","","","","","","","","","","","","","","","","","",""
"5579MT36","book","1980","Belliveau, John Edward","Little Louis and the giant KC","","0-88999-132-4 978-0-88999-132-3","","","","","1980","2025-01-07 15:05:14","2025-01-07 15:05:14","","","","","","","","","","","","","Lancelot Press","Hantsport, N.S.","English","","","","","https://unb.on.worldcat.org/oclc/7445716","","Section: 117 pages, 4 unnumbered pages of plates : portraits ; 21 cm","","","","","","","","","","","","","","","","","","","","","","","","","","","","","","","","","","","","","","","","","","","","","","","","","","",""
"QPAZJTUA","book","1995","Frank, David; Kealey, Gregory S.; Acheson, Thomas William; Forbes, Ernest R.","Labour and working-class history in Atlantic Canada : a reader","","0-919666-78-7 978-0-919666-78-8","","","","","1995","2025-01-07 15:05:14","2025-01-07 15:05:14","","","","","","","","","Social & economic papers ; no. 22","","","","Institute of Social and Economic Research","St. John's, Nfld.","English","","","","","https://unb.on.worldcat.org/oclc/34073273","","Section: 444 pages : illustrations ; 23 cm.","","","","","","","","","","","","","","","","","","","","","","","","","","","","","","","","","","","","","","","","","","","","","","","","","","",""
"6QA8FR57","book","2011","Soucoup, Dan","Logging in New Brunswick : lumber, mills, & river drives","","978-1-894420-36-5 1-894420-36-5","","","","","2011","2025-01-07 15:05:14","2025-01-07 15:05:14","","","","","","","","","","","","","Nimbus Pub.","Halifax, N.S.","English","","","","","https://unb.on.worldcat.org/oclc/752961371","","Section: iv, 187 pages : illustrations ; 23 cm","","","","","","","","","","","","","","","","","","","","","","","","","","","","","","","","","","","","","","","","","","","","","","","","","","",""
"AQRH9CAA","book","1896","Grimmer, F. H.","Leasehold at auction : School lands at Chamcook","","","","","","","1896","2025-01-07 15:05:14","2025-01-07 15:05:14","","","","","","","","","","","","","","","English","","","","","https://unb.on.worldcat.org/oclc/1103608313","","Section: 1 broadside ; 27 cm, in Mylar 29 x 21 cm","","","","","","","","","","","","","","","","","","","","","","","","","","","","","","","","","","","","","","","","","","","","","","","","","","",""
"6ZKX2CC5","book","1973","Hunt, Russell.; Campbell, Robert M.A.","K.C. Irving; the art of the industrialist","","0-7710-4287-6 978-0-7710-4287-4","","","","","1973","2025-01-07 15:04:57","2025-01-07 15:04:57","","","","","","","","","","","","","McClelland and Stewart","Toronto","English","","","","","https://unb.on.worldcat.org/oclc/1367116","","Section: 197 pages 24 cm","","","","","","","","","","","","","","","","","","","","","","","","","","","","","","","","","","","","","","","","","","","","","","","","","","",""
"3QVW78GW","conferencePaper","1975","Wilbur, John Richard Humphrey","K.C. Irving, New Brunswick and Noranda : the politics of business","","","","","","","1975","2025-01-07 15:04:57","2025-01-07 15:04:57","","","","","","","","","","","","","","Waterloo, Ont.","English","","","","","https://unb.on.worldcat.org/oclc/270571770","","Section: 18 leaves ; 28 cm","","","","","","","","","","","","","","","","","","","","","","","","","","","","","","","","","","","","Canadian Association for American Studies.","","","","","","","","","","","","","","",""
"AFNZBR42","book","1980","Bonnell, Robert D.","K.C. Irving","","","","","","","1980","2025-01-07 15:04:57","2025-01-07 15:04:57","","","","","","","","","","","","","s.n.}","{S.l.","English","","","","","https://unb.on.worldcat.org/oclc/270588261","","Section: {58} pages : illustrations ; 32 cm","","","","","","","","","","","","","","","","","","","","","","","","","Limited ed.","","","","","","","","","","","","","","","","","","","","","","","","","",""
"Q4UZIF76","book","1970","Gilbert, Adrain B.","Irving, Beaverbrook and the courts : a manuscript","","","","","","","1970","2025-01-07 15:04:57","2025-01-07 15:04:57","","","","","","","","","","","","","[publisher not identified]","{S.l.","English","","","","","https://unb.on.worldcat.org/oclc/270812097","","Section: 165 leaves ; 28 cm","","","","","","","","","","","","","","","","","","","","","","","","","","","","","","","","","","","","","","","","","","","","","","","","","","",""
"6G3DG3QI","book","1998","Workplace Health, Safety and Compensation Commission of New Brunswick.","Interim report on the explosion and fire at the Irving Oil Refinery, Saint John, New Brunswick.","","","","","","","1998","2025-01-07 15:04:57","2025-01-07 15:04:57","","","","","","","","","","","","","The Commission","New Brunswick","English","","","","","https://unb.on.worldcat.org/oclc/270339962","","Section: 5 pages ; 28 cm","","","","","","","","","","","","","","","","","","","","","","","","","","","","","","","","","","","","","","","","","","","","","","","","","","",""
"FNB2H45C","journalArticle","2004","Pitts, Gordon.; Newlands, Don.; Newlands, Don.","Inside a dynasty","Globe and Mail","","","","","","2004","2025-01-07 15:04:57","2025-01-07 15:04:57","","74-83","","5","21","","","","Report on Business","","","","","","English","","","","","https://unb.on.worldcat.org/oclc/270494255","","","","","","","","","","","","","","","","","","","","","","","","","","","","","","","","","","","","","","","","","","","","","","","","","","","","",""
"F2E3SE8C","journalArticle","1989","Came, Barry.; Allen, Glen.","K.C. Irving superstar : Maritimers assess the Irving myth","MacLean's","","","","","","1989-02-06","2025-01-07 15:04:57","2025-01-07 15:04:57","","","","","","","","","","","","","","","English","","","","","https://unb.on.worldcat.org/oclc/271430330","","Section: pages 46 : illustrations ; 28 cm.","","","","","","","","","","","","","","","","","","","","","","","","","","","","","","","","","","","","","","","","","","","","","","","","","","",""
"EM64E8PU","book","1993","How, Douglas.; Costello, Ralph","K.C. : the biography of K.C. Irving","","1-55013-493-0 978-1-55013-493-3 1-55013-505-8 978-1-55013-505-3","","","","","1993","2025-01-07 15:04:57","2025-01-07 15:04:57","","","","","","","","","","","","","Key Porter Books","Toronto, Ont.","English","","","","","https://unb.on.worldcat.org/oclc/30636365","","Section: xv, 400 pages, 16 unnumbered pages of plates : illustrations ; 25 cm","","","","","","","","","","","","","","","","","","","","","","","","","","","","","","","","","","","","","","","","","","","","","","","","","","",""
"VVDCUS9R","journalArticle","1850","New Brunswick Society for the Encouragement of Agriculture, Home Manufactures, and Commerce throughout the Province.","Journal of the New Brunswick Society for the Encouragement of Agriculture, Home Manufactures and Commerce throughout the Province.","","","1182-4719","","","","1850","2025-01-07 15:04:57","2025-01-07 15:04:57","","","","","","","","","","","","","","","English","","","WorldCat.org","","","","Publisher: Fredericton, N.B. : New Brunswick Society for the Encouragement of Agriculture, Home Manufactures, and Commerce throughout the Province, 1850-1854.","","","","","","","","","","","","","","","","","","","","","","","","","","","","","","","","","","","","","","","","","","","","","","","","","","",""
"TCF56BEU","conferencePaper","1991","Canada-Japan Trade Council.; New Brunswick. Department of Commerce and Technology.","Japan and New Brunswick : trade prospects in the nineties.","","","","","","","1991","2025-01-07 15:04:57","2025-01-07 15:04:57","","","","","","","","","","","","","Canada-Japan Trade Council","Ottawa","English","","","","","https://unb.on.worldcat.org/oclc/27225457","","Section: 40 p. : ports. ; 28 cm.","","","","","","","","","","","","","","","","","","","","","","","","","","","","","","","","","","","","","","","","","","","","","","","","","","",""
"4C8PAFZC","book","1985","Acheson, Thomas William; Frank, David; Frost, James Douglas","Industrialization and underdevelopment in the Maritimes, 1880-1930","","0-920059-10-4 978-0-920059-10-4","","","","","1985","2025-01-07 15:04:56","2025-01-07 15:04:56","","","","","","","","","A Network basics book","","","","Garamond Press","Toronto","English","","","","","https://unb.on.worldcat.org/oclc/16047453","","Section: 86 pages : illustrations ; 23 cm.","","","","","","","","","","","","","","","","","","","","","","","","","","","","","","","","","","","","","","","","","","","","","","","","","","",""
"5F2KZQMB","journalArticle","1998","Newman, Peter C","How could K. C. Irving make the list?","Maclean's","","0024-9262","","","","1998","2025-01-07 15:04:56","2025-01-07 15:04:56","","68","","28","111","","","","","","","","","","","","","","","https://unb.on.worldcat.org/oclc/5231742893","","68","","","","","","","","","","","","","","","","","","","","","","","","","","","","","","","","","","","","","","","","","","","","","","","","","","",""
"XFRJWEJV","book","0000","","History of New Brunswick Federation of Labor.","","","","","","","0000","2025-01-07 15:04:56","2025-01-07 15:04:56","","","","","","","","","","","","","New Brunswick Federation of Labor","{S.l.}","English","","","","","https://unb.on.worldcat.org/oclc/270768473","","Section: 91 pages : illustrations ; 22 cm","","","","","","","","","","","","","","","","","","","","","","","","","","","","","","","","","","","","","","","","","","","","","","","","","","",""
"TUW2246B","book","2014","Savoie, Donald J.","Harrison McCain : single-minded purpose","","978-0-7735-9023-6 0-7735-9023-4 978-0-7735-9024-3 0-7735-9024-2","","","","","2014","2025-01-07 15:04:56","2025-01-07 15:04:56","","","","","","1 online resource (xii, 338 pages) : illustrations","","","Footprints series ; 17","","","","McGill-Queen's University Press","Montreal [Québec] ;","English","","","","","https://unb.on.worldcat.org/oclc/870652560","","","","","","","","","","","","","","","","","","","","","","","","","","","","","","","","","","","","","","","","","","","","","","","","","","","","",""
"4HXU3UAB","book","1996","Coalition of New Brunswick Employers.","Improving work and health : a report on workplace health, safety and compensation in New Brunswick.","","","","","","","1996","2025-01-07 15:04:56","2025-01-07 15:04:56","","","","","","","","","","","","","Coalition of New Brunswick Employers","[Fredericton, NB?]","English","","","","","https://unb.on.worldcat.org/oclc/1109725798","","Section: iv, 40, iv, 40 pages : illustrations ; 28 cm","","","","","","","","","","","","","","","","","","","","","","","","","","","","","","","","","","","","","","","","","","","","","","","","","","",""
"9P5WU2X5","journalArticle","1990","Godfrey, John.","Harrison McCain","The Financial post magazine: Special issue","","","","","","1990","2025-01-07 15:04:56","2025-01-07 15:04:56","","8-15","","","","","","","","","","","","","English","","","","","https://unb.on.worldcat.org/oclc/270703654","","Section: pages 8-15 : illustrations ; 28 cm.","","","","","","","","","","","","","","","","","","","","","","","","","","","","","","","","","","","","","","","","","","","","","","","","","","",""
"SRIQ74AK","book","2013","New Brunswick. Department of Economic Development and Tourism.","Growing global markets : ten actions to create a wealthier New Brunswick through exports, 2013-2018.","","1-4605-0037-7 978-1-4605-0037-8","","","","","2013","2025-01-07 15:04:40","2025-01-07 15:04:40","","","","","","1 online resource (38 pages) : color illustrations, color map, digital file","","","","","","","New Brunswick Dept. of Economic Development","Fredericton, N.B.","English","","","","","https://unb.on.worldcat.org/oclc/852803697","","","","","","","","","","","","","","","","","","","","","","","","","","","","","","","","","","","","","","","","","","","","","","","","","","","","",""
"JXNTJ2MF","book","2006","Folster, David.","Ganong : a sweet history of chocolate","","0-86492-480-1 978-0-86492-480-3","","","","","2006","2025-01-07 15:04:40","2025-01-07 15:04:40","","","","","","","","","","","","","Goose Lane Editions","Fredericton, N.B.","English","","","","","https://unb.on.worldcat.org/oclc/70884622","","Section: 136 pages : illustrations (some color) ; 22 x 27 cm","<p>Includes index</p>","","","History; New Brunswick; Bonbons; Candy industry; Ganong Bros. Ltd; Histoire; Industrie; Nouveau-Brunswick; St. Stephen","","","","","","","","","","","","","","","","","","","","","","","","","","","","","","","","","","","","","","","","","","","","","","",""
"VQQEH54W","report","1993","Applied Management Consultants.","Final report, entrepreneurship and human resource development, gaps and opportunities","","","","","","","1993","2025-01-07 15:04:40","2025-01-07 15:04:40","","","","","","","","","","","","","Canada/New Brunswick Cooperation Agreement on Planning","Fredericton, NB","English","","","","","https://unb.on.worldcat.org/oclc/31519666","","Section: ii, vi, 49, [21] leaves ; 28 cm.","","","","","","","","","","","","","","","","","","","","","","","","","","","","","","","","","","","","","","","","","","","","","","","","","","",""
"JUFEFSTH","book","2007","Stoffman, Daniel.; Van Leersum, Tony","From the ground up : the first fifty years of McCain Foods","","978-0-9783720-0-2 0-9783720-0-X","","","","","2007","2025-01-07 15:04:40","2025-01-07 15:04:40","","","","","","","","","","","","","McCain Foods","Toronto","English","","","","","https://unb.on.worldcat.org/oclc/137231223","","Section: xiii, 250 p. : illustrations (chiefly colour), colour maps ; 25 cm.","<p>Includes index</p>","","","Canada; History; Histoire; Aliments McCain ltée; Frozen foods industry; McCain Foods Limited; McCain, H. Harrison,; McCain, Wallace,","","","","","","","","","","","","","","","","","","","","","","","","","","","","","","","","","","","","","","","","","","","","","","",""
"UTQKI8U4","book","2021","Taylor-Young, Christopher","From Pollok, Gilmour & Co. to Gilmour, Rankin, Strang & Co.","","","","","","","2021","2025-01-07 15:04:40","2025-01-07 15:04:40","","","","","","","","","","","","","[Christopher Taylor-Young]","[Widford, UK]","English","","","","","","","Section: 40 pages : illustrations ; 21 cm","","","","","","","","","","","","","","","","","","","","","","","","","","","","","","","","","","","","","","","","","","","","","","","","","","",""
"ZMMFFAXX","book","1996","McKay, Colin; Jackson, Lewis; McKay, Ian","For a working-class culture in Canada : a selection of Colin McKay's writings on sociology and political economy, 1897-1939","","0-9695835-6-7 978-0-9695835-6-1","","","","","1996","2025-01-07 15:04:40","2025-01-07 15:04:40","","","","","","","","","","","","","Canadian Committee on Labour History","St. John's, Nfld.","English","","","","","https://unb.on.worldcat.org/oclc/35942387","","Section: lii, 615 p. ; 23 cm.","","","","","","","","","","","","","","","","","","","","","","","","","","","","","","","","","","","","","","","","","","","","","","","","","","",""
"RBQ8NMCG","book","2007","New Brunswick. Department of the Environment.","Final guidelines for an environmental impact assessment : petroleum refinery (Project Eider Rock)","","","","","","","2007","2025-01-07 15:04:40","2025-01-07 15:04:40","","","","","","","","","","","","","Dept. of Environment","Fredericton, N.B.","English","","","","","https://unb.on.worldcat.org/oclc/463794892","","Section: 31 leaves ; 28 cm","","","","","","","","","","","","","","","","","","","","","","","","","","","","","","","","","","","","","","","","","","","","","","","","","","",""
"PKG47BE3","book","1993","Inwood, Kris E.","Farm, factory and fortune : new studies in the economic history of the Maritime Provinces","","0-919107-38-9 978-0-919107-38-0","","","","","1993","2025-01-07 15:04:39","2025-01-07 15:04:39","","","","","","","","","","","","","Acadiensis Press","Fredericton, N.B.","English","","","","","https://unb.on.worldcat.org/oclc/27385362","","Section: viii, 274 pages : illustrations, maps ; 23 cm","","","","","","","","","","","","","","","","","","","","","","","","","","","","","","","","","","","","","","","","","","","","","","","","","","",""
"FQRQU27J","book","1995","Woloschuk, Michael.","Family ties : the real story of the McCain feud","","1-55013-722-0 978-1-55013-722-4","","","","","1995","2025-01-07 15:04:39","2025-01-07 15:04:39","","","","","","","","","","","","","Key Porter Books","Toronto, Ont.","English","","","","","https://unb.on.worldcat.org/oclc/34461172","","Section: viii, 295 pages : illustrations ; 24 cm","","","","","","","","","","","","","","","","","","","","","","","","","","","","","","","","","","","","","","","","","","","","","","","","","","",""
"VCIB3EXG","book","2009","Boudreau, Michael; Toner, Peter Gerald.; Tremblay, M. Anthony","Exploring the dimensions of self-sufficiency for New Brunswick","","978-0-9812715-0-7 0-9812715-0-2","","","","","2009","2025-01-07 15:04:39","2025-01-07 15:04:39","","","","","","","","","","","","","New Brunswick and Atlantic Studies Research and Development Centre","Fredericton, N.B.","English","","","","","https://unb.on.worldcat.org/oclc/429726089","","Section: xiii, 277 pages : illustrations ; 21 cm","","","","","","","","","","","","","","","","","","","","","","","","","","","","","","","","","","","","","","","","","","","","","","","","","","",""
"BG5RGBMM","book","1998","Gwyn, Julian.","Excessive expectations : maritime commerce and the economic development of Nova Scotia, 1740-1870","","0-7735-1548-8 978-0-7735-1548-2","","","","","1998","2025-01-07 15:04:39","2025-01-07 15:04:39","","","","","","","","","","","","","McGill-Queenʼs University Press","Montreal","English","","","","","https://unb.on.worldcat.org/oclc/181843786","","Section: xvi, 291 pages, 10 unnumbered pages of plates : illustrations, maps ; 24 cm","","","","","","","","","","","","","","","","","","","","","","","","","","","","","","","","","","","","","","","","","","","","","","","","","","",""
"BVDUVCSJ","book","1989","New Brunswick Community College.; New Brunswick. Department of Advanced Education and Training.","Entrepreneurship (designed for Canada/New Brunswick youth strategy : curriculum plan","","","","","","","1989","2025-01-07 15:04:39","2025-01-07 15:04:39","","","","","","","","","","","","","","Fredericton, N.B.","English","","","","","https://unb.on.worldcat.org/oclc/270709069","","Section: 149 pages ; 28 cm","","","","","","","","","","","","","","","","","","","","","","","","","","","","","","","","","","","","","","","","","","","","","","","","","","",""
"IU7PJCS4","book","1984","Gadbois, Albert.","Entrepreneurial opportunities in New Brunswick","","","","","","","1984","2025-01-07 15:04:39","2025-01-07 15:04:39","","","","","","","","","","","","","University of Moncton","Moncton, N.B.","English","","","","","https://unb.on.worldcat.org/oclc/61544323","","Section: approximately 120 leaves ; 29 cm","","","","","","","","","","","","","","","","","","","","","","","","","","","","","","","","","","","","","","","","","","","","","","","","","","",""
"ZB2EKMDH","book","2011","Bennett, Paul W.","Dreaming big : Don Gardiner and the Gardiner Realty story","","978-0-9877030-0-2 0-9877030-0-5","","","","","2011","2025-01-07 15:04:39","2025-01-07 15:04:39","","","","","","","","","","","","","Schoolhouse Institute","Halifax","English","","","","","https://unb.on.worldcat.org/oclc/738402253","","Section: 95 pages : illustrations, portraits ; 23 cm","<p>Fall 2011 Selected Accessions List; Includes bibliographical references (p. 92-93)</p>","","","History; Biography; Businessmen; Gardiner Group of Companies; Gardiner, J. D.; Maritime Provinces; Real estate business","","","","","","","","","","","","","","","","","","","","","","","","","","","","","","","","","","","","","","","","","","","","","","",""
"K94KPW8G","book","1989","University of New Brunswick. Transportation Group.","Feasibility study consolidation centre concept for Canadian - Caribbean trade","","","","","","","1989","2025-01-07 15:04:39","2025-01-07 15:04:39","","","","","","","","","","","","","University of New Brunswick","Fredericton","English","","","WorldCat.org","","","","Section: [6], 245 leaves : illustrations ; 28 cm","","","","","","","","","","","","","","","","","","","","","","","","","","","","","","","","","","","","","","","","","","","","","","","","","","",""
"NV5PUQJW","report","1988","Savoie, Donald J.","Establishing the Atlantic Canada Opportunities Agency","","","","","","","1988","2025-01-07 15:04:39","2025-01-07 15:04:39","","","","","","","","","","","","","Institut Canadien de Recherche sur le Développement Régional, Université de Moncton","Moncton, NB","English","","","","","https://unb.on.worldcat.org/oclc/270876607","","Section: 3 unnumbered leaves, 97 leaves, 1 unnumbered leaf  ; 28 cm","","","","","","","","","","","","","","","","","","","","","","","","","","","","","","","","","","","","","","","","","","","","","","","","","","",""
"FB2NFR37","book","2013","Nerbas, Don","Dominion of capital : the politics of big business and the crisis of the Canadian bourgeoisie, 1914-1947","","978-1-4426-4545-5 1-4426-4545-8 978-1-4426-1352-2 1-4426-1352-1","","","","","2013","2025-01-07 15:04:39","2025-01-07 15:04:39","","","","","","","","","The Canadian social history series","","","","University of Toronto Press","Toronto","English","","","","","https://unb.on.worldcat.org/oclc/863054039","","Section: viii, 378 pages : illustrations ; 22 cm","","","","","","","","","","","","","","","","","","","","","","","","","","","","","","","","","","","","","","","","","","","","","","","","","","",""
"BC6DB3BH","book","1961","Beaverbrook, Max Aitken Baron, 1879-1964.","Courage : the story of Sir James Dunn","","","","","","","1961","2025-01-07 15:04:22","2025-01-07 15:04:22","","","","","","","","","","","","","Brunswick Press","Fredericton, N.B.","English","","","","","https://unb.on.worldcat.org/oclc/2071320","","Section: 280 pages, 12 unnumbered pages of plates : portraits (some color) ; 22 cm","","","","","","","","","","","","","","","","","","","","","","","","","","","","","","","","","","","","","","","","","","","","","","","","","","",""
"AAXQIDGQ","book","1937","Keohan, S. Wilfred; New Brunswick. Department of Agriculture.","Co-operative credit","","","","","","","1937","2025-01-07 15:04:22","2025-01-07 15:04:22","","","","","","","","","","","","","New Brunswick Department of Agriculture","[Fredericton, NB]","English","","","","","https://unb.on.worldcat.org/oclc/972738359","","Section: 3 volumes ; 28 cm, in plastic sleeve","","","","","","","","","","","","","","","","","","","","","","","","","","","","","","","","","","","","","","","","","","","","","","","","","","",""
"X8F2RQCB","book","1994","Samson, Danny; Gorsebrook Research Institute for Atlantic Canada Studies.","Contested countryside : rural workers and modern society in Atlantic Canada, 1800-1950","","0919107400 9780919107403 9780919107496 0919107494; 0846-2585 ;","","","","","1994","2025-01-07 15:04:22","2025-01-07 15:04:22","","","","","","","","","Gorsebrook studies in the political economy of the Atlantic region, 0846-2585 ; 4","","","","Published for the Gorsebrook Research Institute for Atlantic Canada Studies by Acadiensis Press","Fredericton, N.B.","English","","","","","https://unb.on.worldcat.org/oclc/29796719","","Section: 272 pages : maps ; 23 cm","","","","","","","","","","","","","","","","","","","","","","","","","","","","","","","","","","","","","","","","","","","","","","","","","","",""
"UBG8UESF","book","1992","DeMont, John","Citizens Irving : K.C. Irving and his legacy","","0-7710-2614-5 978-0-7710-2614-0","","","","","1992","2025-01-07 15:04:21","2025-01-07 15:04:21","","","","","","","","","","","","","McClelland & Stewart","Toronto","English","","","","","https://unb.on.worldcat.org/oclc/26800690","","Section: ix, 253 pages ; 18 cm","","","","","","","","","","","","","","","","","","","","","","","","","","","","","","","","","","","","","","","","","","","","","","","","","","",""
"63P736TA","book","2012","Bratt, Duane 1967-","Canada, the provinces, and the global nuclear revival : advocacy coalitions in action","","978-0-7735-4069-9 0-7735-4069-5 978-0-7735-4068-2 0-7735-4068-7","","","http://www.h-net.org/reviews/showrev.php?id=38393","","2012","2025-01-07 15:04:21","2025-01-07 15:04:21","","","","","","","","","","","","","McGill-Queen's University Press","Montreal","English","","","WorldCat.org","","","","Section: xv, 398 pages : illustrations, map ; 24 cm","","","","","","","","","","","","","","","","","","","","","","","","","","","","","","","","","","","","","","","","","","","","","","","","","","",""
"DHXWPG7J","book","2015","Sullivan, David M. 1957-,","Boss Gibson : lumber king of New Brunswick","","978-0-9739358-4-4 0-9739358-4-7","","","","","2015","2025-01-07 15:04:21","2025-01-07 15:04:21","","","","","","","","","","","","","David M. Sullivan","[St. Andrews, New Brunswick]","English","","","","","https://unb.on.worldcat.org/oclc/909085719","","Section: 168 pages : illustrations, portraits ; 23 cm.","","","","","","","","","","","","","","","","","","","","","","","","","","","","","","","","","","","","","","","","","","","","","","","","","","",""
"7BJQVQ6W","book","1988","Fleming, Berkeley 1946-","Beyond anger and longing : community and development in Atlantic Canada","","0-919107-19-2 978-0-919107-19-9","","","","","1988","2025-01-07 15:04:21","2025-01-07 15:04:21","","","","","","","","","The 1986-87 Winthrop Pickard Bell lectures in Maritime Studies","","","","Centre for Canadian Studies, Mount Allison University","Fredericton, N.B.","English","","","WorldCat.org","","","","Section: 120 pages : illustrations ; 22 cm","","","","","","","","","","","","","","","","","","","","","","","","","","","","","","","","","","","","","","","","","","","","","","","","","","",""
"RFREUK53","book","2018","De Villiers, Marq","Back to the well : rethinking the future of water","","1-77310-046-7 978-1-77310-046-3","","","","","2018","2025-01-07 15:04:21","2025-01-07 15:04:21","","","","","","","","","","","","","Goose Lane Editions","Fredericton, New Brunswick, Canada","English","","","","","","","Section: 377 pages ; 23 cm","","","","","","","","","","","","","","","","","","","","","","","","","","","","","","","","","","","","","","","","","","","","","","","","","","",""
"K6H33U6W","book","2003","Gilman, John.","Canned. Part II, The Canadian sardine industry, the rest of the story","","0-9697937-2-3 978-0-9697937-2-4","","","","","2003","2025-01-07 15:04:21","2025-01-07 15:04:21","","","","","","","","","","","","","The Author","Lambertville, Deer Island, N.B.","English","","","","","https://unb.on.worldcat.org/oclc/54939962","","Section: viii, 283 pages : illustrations, maps, charts, photographs ; 23 cm","<p>Includes bibliographical references</p>","","","Maine; History; New Brunswick; Sardine industry","","","","","","","","","","","","","","","","","","","","","","","","","","","","","","","","","","","","","","","","","","","","","","",""
"9SDPEWHI","book","2001","Gilman, John","Canned. Part 1, A history of the sardine industry","","0-9697937-1-5 978-0-9697937-1-7","","","","","2001","2025-01-07 15:04:21","2025-01-07 15:04:21","","","","","","","","","","","","","The Author","Lambertville, Deer Island, N.B.","English","","","","","https://unb.on.worldcat.org/oclc/50676223","","Section: viii, 304 pages : illustrations, maps, charts, photographs ; 23 cm","","","","","","","","","","","","","","","","","","","","","","","","","","","","","","","","","","","","","","","","","","","","","","","","","","",""
"R26N8G5K","book","1967","Tremblay, Jack.","Canadian Pacific : the story of the greatest railroad","","","","","","","1967","2025-01-07 15:04:21","2025-01-07 15:04:21","","","","","","","","","A Beaverbook for young Canadians","","","","Brunswick Press","Fredericton, N.B.","English","","","","","","","Section: [23] pages : color illustrations ; 18 cm.","","","","","","","","","","","","","","","","","","","","","","","","","","","","","","","","","","","","","","","","","","","","","","","","","","",""
"2M257PRJ","thesis","2007","Wilcox, Michael.","Canada Veneers and Irving Oil : labour and the postwar settlement in Saint John, New Brunswick, 1945-1949","","","","","","","2007","2025-01-07 15:04:21","2025-01-07 15:04:21","","","","","","","","","","","","","University of New Brunswick. Dept. of History.","Fredericton, N.B.","English","","","","","https://unb.on.worldcat.org/oclc/270510489","","","<p>vi, 113 leaves.</p>; <p>vi, 113 leaves.</p>","","","","","","","","","","","","","","","","","","","","","","","","","","","","","","","","","","","","","","","","","","","","","","","","","",""
"ASRTP9WH","book","2018","Eaton, Fredrik S.","Between stone and stars : a memoir","","","","","","","2018","2025-01-07 15:04:21","2025-01-07 15:04:21","","","","","","","","","","","","","[Barlow Books]","[Toronto, Ontario]","English","","","WorldCat.org","","","","Section: v, 276 pages, 24 unnumbered leaves of plates : colour portraits, photographs ; 23 cm","","","","","","","","","","","","","","","","","","","","","","","","","","","","","","","","","","","","","","","","","","","","","","","","","","",""
"FUCTPAKB","book","1991","Grondin, Conde R. 1938-","Analysis of 1986 census data areas within the provincial electoral district of Fredericton South","","","","","","","1991","2025-01-07 15:04:05","2025-01-07 15:04:05","","","","","","","","","New Brunswick electoral district ; no. 17","","","","[publisher not identified]","[Fredericton, NB]","English","","","WorldCat.org","","","","Section: 4, [51] leaves : map ; 28 cm.","","","","","","","","","","","","","","","","","","","","","","","","","","","","","","","","","","","","","","","","","","","","","","","","","","",""
"8RRBPJCS","book","1828","","An appeal to the Right Honourable William Huskisson, His Majesty's Principal Secretary of State for the Affairs of the Colonies, on the present condition of the maritime and internal interests of the province of New Brunswick","","","","","","","1828","2025-01-07 15:04:05","2025-01-07 15:04:05","","","","","","","","","","","","","[publisher not identified]","[London?]","English","","","WorldCat.org","","","","Section: 47 pages ; 22 cm","","","","","","","","","","","","","","","","","","","","","","","","","","","","","","","","","","","","","","","","","","","","","","","","","","",""
"UU5P7U7N","book","1999","Workplace Health, Safety and Compensation Commission of New Brunswick.","Accident investigation report on the explosion and fire at the Irving Oil refinery, Saint John, New Brunswick","","","","","","","1999","2025-01-07 15:04:05","2025-01-07 15:04:05","","","","","","","","","","","","","The Commission","Fredericton, N.B.","English","","","","","","","Section: i, 16 leaves : ill. ; 28 cm.","","","","","","","","","","","","","","","","","","","","","","","","","","","","","","","","","","","","","","","","","","","","","","","","","","",""
"5QQZKTK8","book","1982","Hubbard, Daniel.; Macaulay, David.; Sturgeon, Linda-Ann.","A history of the Fredericton Chamber of Commerce/Board of Trade, 1945-1981","","","","","","","1982","2025-01-07 15:04:05","2025-01-07 15:04:05","","","","","","","","","","","","","University of New Brunswick, Dept. of History","Fredericton","English","","","","","https://unb.on.worldcat.org/oclc/24284918","","Section: iv, 51 leaves ; 28 cm.","","","","","","","","","","","","","","","","","","","","","","","","","","","","","","","","","","","","","","","","","","","","","","","","","","",""
"RKIR97PB","book","1998","New Brunswick. Department of the Environment. Environmental Evaluation Section.","An environmental monitoring report of the June 9, 1998 fire at the Irving Oil Refinery, Saint John, New Brunswick.","","","","","","","1998","2025-01-07 15:04:05","2025-01-07 15:04:05","","","","","","","","","","","","","The Dept.","[Fredericton?]","English","","","","","https://unb.on.worldcat.org/oclc/270337788","","Section: i, 21 pages : illustrations, map ; 28 cm","","","","","","","","","","","","","","","","","","","","","","","","","","","","","","","","","","","","","","","","","","","","","","","","","","",""
"HQMS5PC8","book","1991","New Brunswick Chamber of Commerce. Task Force on Cross-Border Shopping.","A strategy plan concerning cross-border shopping in New Brunswick : a report of the Cross-border shopping Task Force","","","","","","","1991","2025-01-07 15:04:05","2025-01-07 15:04:05","","","","","","","","","","","","","N.B. Chamber of Commerce","","English","","","","","https://unb.on.worldcat.org/oclc/270723590","","Section: x, 40, iv leaves ; 28 cm","","","","","","","","","","","","","","","","","","","","","","","","","","","","","","","","","","","","","","","","","","","","","","","","","","",""
"PVKF87SK","book","1987","Amulet Consulting Ltd.; New Brunswick. Department of Tourism, Recreation and Heritage.","A Market demand analysis for outdoor recreational opportunities on the St. Croix Waterway.","","","","","","","1987","2025-01-07 15:04:05","2025-01-07 15:04:05","","","","","","","","","","","","","Amulet Consulting Ltd.","Fredericton","English","","","","","https://unb.on.worldcat.org/oclc/933025067","","Section: 264 leaves : illustrations, folded map ; 28 cm","","","","","","","","","","","","","","","","","","","","","","","","","","","","","","","","","","","","","","","","","","","","","","","","","","",""
"WERT9CTI","book","1996","Waldie, Paul; Jennison, Kate.","A house divided : the untold story of the McCain family","","0-670-86453-6 978-0-670-86453-9","","","","","1996","2025-01-07 15:04:05","2025-01-07 15:04:05","","","","","","","","","","","","","Viking","Toronto","English","","","","","https://unb.on.worldcat.org/oclc/35933075","","Section: viii, 352 pages, [8] pages of plates : portraits ; 24 cm","","","","","","","","","","","","","","","","","","","","","","","","","","","","","","","","","","","","","","","","","","","","","","","","","","",""
"VHXFS2XT","book","1973","Fraser, James A.","A history of the W.S. Loggie Co., Ltd, 1873-1973","","","","","","","1973","2025-01-07 15:04:05","2025-01-07 15:04:05","","","","","","","","","","","","","Provincial Archives of New Brunswick","Fredericton, N.B.","English","","","","","","","Section: 116 pages : illustrations ; 28 cm","","","","","","","","","","","","","","","","","","","","","","","","","","","","","","","","","","","","","","","","","","","","","","","","","","",""
"NEBM8TQH","book","1982","Thomson, James M.","A history of the Sussex and Studholm Agricultural Society, 1841-1980","","","","","","","1982","2025-01-07 15:04:05","2025-01-07 15:04:05","","","","","","","","","Sussex and Studholm Agricultural Society ; # 21","","","","Sussex and Studholm Agricultural Society","Sussex, N.B.","English","","","","","","","Section: 196, [24] pages of plates : illustrations ; 27 cm.","","","","","","","","","","","","","","","","","","","","","","","","","","","","","","","","","","","","","","","","","","","","","","","","","","",""
"ZX8CHMFZ","thesis","1968","Powell, Grace L.","A geographic analysis of recent trade patterns of Halifax and Saint John.","","","","","","","1968","2025-01-07 15:04:05","2025-01-07 15:04:05","","","","","","","","","","","","","Pennsylvania State University","Ann Arbor, Mich.","English","","","","","https://unb.on.worldcat.org/oclc/270850093","","","<p>1 reel : illustrations, maps ; 35 mm</p>","","","","","","","","","","","","","","","","","","","","","","","","","","","","","","","","","","","","","","","","","","","","","","","","","",""
"58R92QXU","book","1989","DeMont, John.","A combative billionaire : the growth of the Irving legend","","","","","","","1989","2025-01-07 15:04:04","2025-01-07 15:04:04","","","","","","","","","Maclean's ; February 6, 1989","","","","Maclean Hunter","Toronto","English","","","","","https://unb.on.worldcat.org/oclc/271430332","","Section: pages 38-40 : illustrations ; 28 cm.","","","","","","","","","","","","","","","","","","","","","","","","","","","","","","","","","","","","","","","","","","","","","","","","","","",""
"ZBHP58AI","report","1992","New Brunswick. Department of Economic Development and Tourism.","A Discussion paper on cross border shopping.","","","","","","","1992","2025-01-07 15:04:04","2025-01-07 15:04:04","","","","","","","","","","","","","Dept. of Economic Development and Tourism","Fredericton, N.B.","English","","","","","https://unb.on.worldcat.org/oclc/25555446","","Section: 41 p. : ill. ; 28 cm.","","","","","","","","","","","","","","","","","","","","","","","","","","","","","","","","","","","","","","","","","","","","","","","","","","",""